participant,session,condition,trial,correct
1,1,standard,1,1
1,1,standard,2,1
1,1,standard,3,1
1,1,standard,4,1
1,1,standard,5,0
1,1,standard,6,1
1,1,standard,7,1
1,1,standard,8,0
1,1,standard,9,0
1,1,standard,10,1
1,1,standard,11,1
1,1,standard,12,1
1,1,standard,13,1
1,1,standard,14,0
1,1,standard,15,1
1,1,standard,16,0
1,1,standard,17,0
1,1,standard,18,1
1,1,standard,19,0
1,1,standard,20,1
1,1,standard,21,0
1,1,standard,22,1
1,1,standard,23,1
1,1,standard,24,1
1,1,standard,25,0
1,1,standard,26,1
1,1,standard,27,1
1,1,standard,28,1
1,1,standard,29,1
1,1,standard,30,0
1,1,standard,31,1
1,1,standard,32,1
1,1,standard,33,1
1,1,standard,34,1
1,1,standard,35,1
1,1,standard,36,1
1,1,standard,37,0
1,1,standard,38,1
1,1,standard,39,1
1,1,standard,40,1
1,1,standard,41,0
1,1,standard,42,1
1,1,standard,43,1
1,1,standard,44,1
1,1,standard,45,0
1,1,standard,46,0
1,1,standard,47,1
1,1,standard,48,1
1,1,standard,49,1
1,1,standard,50,0
1,1,standard,51,1
1,1,standard,52,1
1,1,standard,53,1
1,1,standard,54,0
1,1,standard,55,1
1,1,standard,56,0
1,1,standard,57,1
1,1,standard,58,1
1,1,standard,59,1
1,1,standard,60,1
1,1,standard,61,1
1,1,standard,62,0
1,1,standard,63,1
1,1,standard,64,1
1,1,standard,65,1
1,1,standard,66,1
1,1,standard,67,1
1,1,standard,68,1
1,1,standard,69,1
1,1,standard,70,1
1,1,standard,71,0
1,1,standard,72,0
1,1,standard,73,1
1,1,standard,74,1
1,1,standard,75,1
1,1,standard,76,1
1,1,standard,77,1
1,1,standard,78,1
1,1,standard,79,1
1,1,standard,80,1
1,1,standard,81,1
1,1,standard,82,1
1,1,standard,83,1
1,1,standard,84,1
1,1,standard,85,1
1,1,standard,86,1
1,1,standard,87,1
1,1,standard,88,1
1,1,standard,89,1
1,1,standard,90,1
1,1,standard,91,1
1,1,standard,92,1
1,1,standard,93,1
1,1,standard,94,1
1,1,standard,95,0
1,1,standard,96,1
1,1,standard,97,1
1,1,standard,98,0
1,1,standard,99,1
1,1,standard,100,0
1,1,hard,1,1
1,1,hard,2,0
1,1,hard,3,1
1,1,hard,4,0
1,1,hard,5,1
1,1,hard,6,1
1,1,hard,7,0
1,1,hard,8,1
1,1,hard,9,0
1,1,hard,10,1
1,1,hard,11,1
1,1,hard,12,0
1,1,hard,13,1
1,1,hard,14,1
1,1,hard,15,1
1,1,hard,16,0
1,1,hard,17,0
1,1,hard,18,1
1,1,hard,19,0
1,1,hard,20,0
1,1,hard,21,1
1,1,hard,22,0
1,1,hard,23,1
1,1,hard,24,1
1,1,hard,25,1
1,1,hard,26,1
1,1,hard,27,1
1,1,hard,28,0
1,1,hard,29,1
1,1,hard,30,1
1,1,hard,31,1
1,1,hard,32,1
1,1,hard,33,1
1,1,hard,34,0
1,1,hard,35,1
1,1,hard,36,1
1,1,hard,37,1
1,1,hard,38,0
1,1,hard,39,1
1,1,hard,40,0
1,1,hard,41,1
1,1,hard,42,1
1,1,hard,43,1
1,1,hard,44,1
1,1,hard,45,0
1,1,hard,46,0
1,1,hard,47,1
1,1,hard,48,1
1,1,hard,49,0
1,1,hard,50,1
1,1,hard,51,1
1,1,hard,52,1
1,1,hard,53,1
1,1,hard,54,1
1,1,hard,55,1
1,1,hard,56,0
1,1,hard,57,1
1,1,hard,58,1
1,1,hard,59,1
1,1,hard,60,1
1,1,hard,61,0
1,1,hard,62,1
1,1,hard,63,0
1,1,hard,64,1
1,1,hard,65,0
1,1,hard,66,1
1,1,hard,67,0
1,1,hard,68,1
1,1,hard,69,1
1,1,hard,70,1
1,1,hard,71,0
1,1,hard,72,1
1,1,hard,73,1
1,1,hard,74,0
1,1,hard,75,1
1,1,hard,76,1
1,1,hard,77,1
1,1,hard,78,1
1,1,hard,79,1
1,1,hard,80,1
1,1,hard,81,1
1,1,hard,82,1
1,1,hard,83,1
1,1,hard,84,1
1,1,hard,85,1
1,1,hard,86,1
1,1,hard,87,1
1,1,hard,88,0
1,1,hard,89,1
1,1,hard,90,1
1,1,hard,91,1
1,1,hard,92,1
1,1,hard,93,1
1,1,hard,94,1
1,1,hard,95,1
1,1,hard,96,1
1,1,hard,97,1
1,1,hard,98,1
1,1,hard,99,1
1,1,hard,100,1
1,2,standard,1,1
1,2,standard,2,1
1,2,standard,3,0
1,2,standard,4,0
1,2,standard,5,1
1,2,standard,6,0
1,2,standard,7,1
1,2,standard,8,1
1,2,standard,9,1
1,2,standard,10,1
1,2,standard,11,1
1,2,standard,12,1
1,2,standard,13,1
1,2,standard,14,1
1,2,standard,15,1
1,2,standard,16,1
1,2,standard,17,0
1,2,standard,18,0
1,2,standard,19,1
1,2,standard,20,1
1,2,standard,21,1
1,2,standard,22,1
1,2,standard,23,1
1,2,standard,24,0
1,2,standard,25,1
1,2,standard,26,1
1,2,standard,27,0
1,2,standard,28,0
1,2,standard,29,1
1,2,standard,30,1
1,2,standard,31,0
1,2,standard,32,1
1,2,standard,33,1
1,2,standard,34,0
1,2,standard,35,0
1,2,standard,36,1
1,2,standard,37,1
1,2,standard,38,1
1,2,standard,39,1
1,2,standard,40,1
1,2,standard,41,1
1,2,standard,42,1
1,2,standard,43,0
1,2,standard,44,1
1,2,standard,45,1
1,2,standard,46,1
1,2,standard,47,0
1,2,standard,48,1
1,2,standard,49,1
1,2,standard,50,1
1,2,standard,51,1
1,2,standard,52,0
1,2,standard,53,0
1,2,standard,54,1
1,2,standard,55,1
1,2,standard,56,1
1,2,standard,57,1
1,2,standard,58,1
1,2,standard,59,1
1,2,standard,60,1
1,2,standard,61,1
1,2,standard,62,1
1,2,standard,63,1
1,2,standard,64,1
1,2,standard,65,1
1,2,standard,66,1
1,2,standard,67,1
1,2,standard,68,1
1,2,standard,69,1
1,2,standard,70,1
1,2,standard,71,1
1,2,standard,72,0
1,2,standard,73,1
1,2,standard,74,1
1,2,standard,75,1
1,2,standard,76,1
1,2,standard,77,1
1,2,standard,78,1
1,2,standard,79,1
1,2,standard,80,1
1,2,standard,81,1
1,2,standard,82,1
1,2,standard,83,1
1,2,standard,84,1
1,2,standard,85,0
1,2,standard,86,0
1,2,standard,87,1
1,2,standard,88,1
1,2,standard,89,1
1,2,standard,90,1
1,2,standard,91,1
1,2,standard,92,1
1,2,standard,93,1
1,2,standard,94,1
1,2,standard,95,0
1,2,standard,96,0
1,2,standard,97,1
1,2,standard,98,1
1,2,standard,99,1
1,2,standard,100,1
1,2,hard,1,1
1,2,hard,2,1
1,2,hard,3,0
1,2,hard,4,0
1,2,hard,5,0
1,2,hard,6,1
1,2,hard,7,0
1,2,hard,8,1
1,2,hard,9,1
1,2,hard,10,1
1,2,hard,11,1
1,2,hard,12,0
1,2,hard,13,1
1,2,hard,14,1
1,2,hard,15,1
1,2,hard,16,0
1,2,hard,17,1
1,2,hard,18,1
1,2,hard,19,1
1,2,hard,20,1
1,2,hard,21,1
1,2,hard,22,1
1,2,hard,23,1
1,2,hard,24,1
1,2,hard,25,0
1,2,hard,26,0
1,2,hard,27,1
1,2,hard,28,1
1,2,hard,29,1
1,2,hard,30,1
1,2,hard,31,1
1,2,hard,32,0
1,2,hard,33,1
1,2,hard,34,1
1,2,hard,35,1
1,2,hard,36,1
1,2,hard,37,1
1,2,hard,38,1
1,2,hard,39,1
1,2,hard,40,1
1,2,hard,41,1
1,2,hard,42,1
1,2,hard,43,0
1,2,hard,44,0
1,2,hard,45,1
1,2,hard,46,0
1,2,hard,47,0
1,2,hard,48,1
1,2,hard,49,1
1,2,hard,50,1
1,2,hard,51,1
1,2,hard,52,1
1,2,hard,53,1
1,2,hard,54,1
1,2,hard,55,1
1,2,hard,56,1
1,2,hard,57,1
1,2,hard,58,0
1,2,hard,59,1
1,2,hard,60,1
1,2,hard,61,1
1,2,hard,62,1
1,2,hard,63,0
1,2,hard,64,1
1,2,hard,65,1
1,2,hard,66,0
1,2,hard,67,1
1,2,hard,68,1
1,2,hard,69,0
1,2,hard,70,1
1,2,hard,71,1
1,2,hard,72,1
1,2,hard,73,1
1,2,hard,74,0
1,2,hard,75,1
1,2,hard,76,1
1,2,hard,77,1
1,2,hard,78,0
1,2,hard,79,1
1,2,hard,80,0
1,2,hard,81,0
1,2,hard,82,1
1,2,hard,83,1
1,2,hard,84,1
1,2,hard,85,1
1,2,hard,86,1
1,2,hard,87,0
1,2,hard,88,1
1,2,hard,89,1
1,2,hard,90,0
1,2,hard,91,1
1,2,hard,92,0
1,2,hard,93,1
1,2,hard,94,1
1,2,hard,95,1
1,2,hard,96,1
1,2,hard,97,0
1,2,hard,98,1
1,2,hard,99,0
1,2,hard,100,1
1,3,standard,1,0
1,3,standard,2,1
1,3,standard,3,1
1,3,standard,4,1
1,3,standard,5,1
1,3,standard,6,1
1,3,standard,7,0
1,3,standard,8,1
1,3,standard,9,1
1,3,standard,10,1
1,3,standard,11,0
1,3,standard,12,1
1,3,standard,13,1
1,3,standard,14,1
1,3,standard,15,1
1,3,standard,16,0
1,3,standard,17,1
1,3,standard,18,1
1,3,standard,19,1
1,3,standard,20,1
1,3,standard,21,1
1,3,standard,22,1
1,3,standard,23,1
1,3,standard,24,1
1,3,standard,25,1
1,3,standard,26,1
1,3,standard,27,1
1,3,standard,28,1
1,3,standard,29,1
1,3,standard,30,1
1,3,standard,31,1
1,3,standard,32,1
1,3,standard,33,1
1,3,standard,34,1
1,3,standard,35,1
1,3,standard,36,0
1,3,standard,37,1
1,3,standard,38,1
1,3,standard,39,1
1,3,standard,40,1
1,3,standard,41,1
1,3,standard,42,1
1,3,standard,43,1
1,3,standard,44,0
1,3,standard,45,1
1,3,standard,46,1
1,3,standard,47,0
1,3,standard,48,1
1,3,standard,49,1
1,3,standard,50,1
1,3,standard,51,1
1,3,standard,52,1
1,3,standard,53,1
1,3,standard,54,1
1,3,standard,55,1
1,3,standard,56,1
1,3,standard,57,1
1,3,standard,58,1
1,3,standard,59,1
1,3,standard,60,1
1,3,standard,61,1
1,3,standard,62,1
1,3,standard,63,0
1,3,standard,64,0
1,3,standard,65,0
1,3,standard,66,1
1,3,standard,67,0
1,3,standard,68,1
1,3,standard,69,0
1,3,standard,70,0
1,3,standard,71,1
1,3,standard,72,1
1,3,standard,73,1
1,3,standard,74,1
1,3,standard,75,1
1,3,standard,76,1
1,3,standard,77,1
1,3,standard,78,1
1,3,standard,79,1
1,3,standard,80,1
1,3,standard,81,0
1,3,standard,82,1
1,3,standard,83,1
1,3,standard,84,0
1,3,standard,85,0
1,3,standard,86,1
1,3,standard,87,1
1,3,standard,88,1
1,3,standard,89,1
1,3,standard,90,1
1,3,standard,91,1
1,3,standard,92,0
1,3,standard,93,1
1,3,standard,94,1
1,3,standard,95,1
1,3,standard,96,1
1,3,standard,97,1
1,3,standard,98,1
1,3,standard,99,1
1,3,standard,100,1
1,3,hard,1,1
1,3,hard,2,1
1,3,hard,3,0
1,3,hard,4,1
1,3,hard,5,1
1,3,hard,6,1
1,3,hard,7,1
1,3,hard,8,0
1,3,hard,9,1
1,3,hard,10,1
1,3,hard,11,1
1,3,hard,12,1
1,3,hard,13,1
1,3,hard,14,0
1,3,hard,15,1
1,3,hard,16,0
1,3,hard,17,1
1,3,hard,18,1
1,3,hard,19,1
1,3,hard,20,1
1,3,hard,21,1
1,3,hard,22,1
1,3,hard,23,1
1,3,hard,24,1
1,3,hard,25,1
1,3,hard,26,0
1,3,hard,27,0
1,3,hard,28,1
1,3,hard,29,1
1,3,hard,30,0
1,3,hard,31,1
1,3,hard,32,1
1,3,hard,33,0
1,3,hard,34,1
1,3,hard,35,1
1,3,hard,36,1
1,3,hard,37,1
1,3,hard,38,1
1,3,hard,39,1
1,3,hard,40,1
1,3,hard,41,0
1,3,hard,42,0
1,3,hard,43,0
1,3,hard,44,1
1,3,hard,45,0
1,3,hard,46,1
1,3,hard,47,1
1,3,hard,48,1
1,3,hard,49,1
1,3,hard,50,1
1,3,hard,51,1
1,3,hard,52,1
1,3,hard,53,1
1,3,hard,54,1
1,3,hard,55,1
1,3,hard,56,1
1,3,hard,57,1
1,3,hard,58,1
1,3,hard,59,1
1,3,hard,60,0
1,3,hard,61,1
1,3,hard,62,1
1,3,hard,63,1
1,3,hard,64,0
1,3,hard,65,0
1,3,hard,66,1
1,3,hard,67,1
1,3,hard,68,1
1,3,hard,69,1
1,3,hard,70,1
1,3,hard,71,1
1,3,hard,72,1
1,3,hard,73,1
1,3,hard,74,1
1,3,hard,75,1
1,3,hard,76,0
1,3,hard,77,1
1,3,hard,78,1
1,3,hard,79,0
1,3,hard,80,1
1,3,hard,81,0
1,3,hard,82,1
1,3,hard,83,1
1,3,hard,84,0
1,3,hard,85,1
1,3,hard,86,0
1,3,hard,87,1
1,3,hard,88,1
1,3,hard,89,1
1,3,hard,90,1
1,3,hard,91,1
1,3,hard,92,1
1,3,hard,93,1
1,3,hard,94,1
1,3,hard,95,0
1,3,hard,96,1
1,3,hard,97,1
1,3,hard,98,1
1,3,hard,99,1
1,3,hard,100,1
1,4,standard,1,1
1,4,standard,2,1
1,4,standard,3,0
1,4,standard,4,1
1,4,standard,5,1
1,4,standard,6,1
1,4,standard,7,1
1,4,standard,8,0
1,4,standard,9,1
1,4,standard,10,1
1,4,standard,11,1
1,4,standard,12,1
1,4,standard,13,1
1,4,standard,14,1
1,4,standard,15,1
1,4,standard,16,1
1,4,standard,17,1
1,4,standard,18,1
1,4,standard,19,1
1,4,standard,20,1
1,4,standard,21,0
1,4,standard,22,1
1,4,standard,23,1
1,4,standard,24,1
1,4,standard,25,1
1,4,standard,26,1
1,4,standard,27,1
1,4,standard,28,1
1,4,standard,29,1
1,4,standard,30,1
1,4,standard,31,1
1,4,standard,32,1
1,4,standard,33,1
1,4,standard,34,1
1,4,standard,35,1
1,4,standard,36,1
1,4,standard,37,1
1,4,standard,38,1
1,4,standard,39,1
1,4,standard,40,1
1,4,standard,41,1
1,4,standard,42,1
1,4,standard,43,1
1,4,standard,44,1
1,4,standard,45,1
1,4,standard,46,1
1,4,standard,47,0
1,4,standard,48,1
1,4,standard,49,0
1,4,standard,50,1
1,4,standard,51,1
1,4,standard,52,0
1,4,standard,53,1
1,4,standard,54,1
1,4,standard,55,1
1,4,standard,56,1
1,4,standard,57,1
1,4,standard,58,0
1,4,standard,59,1
1,4,standard,60,1
1,4,standard,61,1
1,4,standard,62,1
1,4,standard,63,1
1,4,standard,64,1
1,4,standard,65,1
1,4,standard,66,1
1,4,standard,67,1
1,4,standard,68,0
1,4,standard,69,1
1,4,standard,70,0
1,4,standard,71,0
1,4,standard,72,1
1,4,standard,73,1
1,4,standard,74,1
1,4,standard,75,1
1,4,standard,76,1
1,4,standard,77,1
1,4,standard,78,1
1,4,standard,79,1
1,4,standard,80,1
1,4,standard,81,0
1,4,standard,82,1
1,4,standard,83,1
1,4,standard,84,1
1,4,standard,85,1
1,4,standard,86,1
1,4,standard,87,1
1,4,standard,88,1
1,4,standard,89,1
1,4,standard,90,1
1,4,standard,91,1
1,4,standard,92,1
1,4,standard,93,1
1,4,standard,94,1
1,4,standard,95,1
1,4,standard,96,1
1,4,standard,97,1
1,4,standard,98,1
1,4,standard,99,1
1,4,standard,100,0
1,4,hard,1,1
1,4,hard,2,1
1,4,hard,3,1
1,4,hard,4,0
1,4,hard,5,1
1,4,hard,6,0
1,4,hard,7,0
1,4,hard,8,1
1,4,hard,9,0
1,4,hard,10,0
1,4,hard,11,1
1,4,hard,12,1
1,4,hard,13,1
1,4,hard,14,1
1,4,hard,15,1
1,4,hard,16,1
1,4,hard,17,1
1,4,hard,18,1
1,4,hard,19,1
1,4,hard,20,1
1,4,hard,21,1
1,4,hard,22,0
1,4,hard,23,1
1,4,hard,24,1
1,4,hard,25,1
1,4,hard,26,1
1,4,hard,27,1
1,4,hard,28,1
1,4,hard,29,0
1,4,hard,30,0
1,4,hard,31,1
1,4,hard,32,1
1,4,hard,33,1
1,4,hard,34,1
1,4,hard,35,1
1,4,hard,36,1
1,4,hard,37,0
1,4,hard,38,1
1,4,hard,39,1
1,4,hard,40,0
1,4,hard,41,1
1,4,hard,42,1
1,4,hard,43,0
1,4,hard,44,1
1,4,hard,45,1
1,4,hard,46,1
1,4,hard,47,1
1,4,hard,48,1
1,4,hard,49,1
1,4,hard,50,0
1,4,hard,51,1
1,4,hard,52,1
1,4,hard,53,1
1,4,hard,54,1
1,4,hard,55,0
1,4,hard,56,1
1,4,hard,57,1
1,4,hard,58,1
1,4,hard,59,0
1,4,hard,60,1
1,4,hard,61,1
1,4,hard,62,1
1,4,hard,63,1
1,4,hard,64,1
1,4,hard,65,0
1,4,hard,66,0
1,4,hard,67,1
1,4,hard,68,1
1,4,hard,69,1
1,4,hard,70,1
1,4,hard,71,1
1,4,hard,72,0
1,4,hard,73,1
1,4,hard,74,1
1,4,hard,75,0
1,4,hard,76,1
1,4,hard,77,1
1,4,hard,78,1
1,4,hard,79,0
1,4,hard,80,1
1,4,hard,81,1
1,4,hard,82,1
1,4,hard,83,1
1,4,hard,84,1
1,4,hard,85,0
1,4,hard,86,1
1,4,hard,87,1
1,4,hard,88,0
1,4,hard,89,0
1,4,hard,90,1
1,4,hard,91,0
1,4,hard,92,1
1,4,hard,93,1
1,4,hard,94,1
1,4,hard,95,0
1,4,hard,96,1
1,4,hard,97,1
1,4,hard,98,1
1,4,hard,99,1
1,4,hard,100,0
1,5,standard,1,1
1,5,standard,2,1
1,5,standard,3,1
1,5,standard,4,1
1,5,standard,5,1
1,5,standard,6,0
1,5,standard,7,0
1,5,standard,8,0
1,5,standard,9,1
1,5,standard,10,1
1,5,standard,11,0
1,5,standard,12,1
1,5,standard,13,1
1,5,standard,14,1
1,5,standard,15,0
1,5,standard,16,1
1,5,standard,17,1
1,5,standard,18,0
1,5,standard,19,1
1,5,standard,20,1
1,5,standard,21,1
1,5,standard,22,1
1,5,standard,23,0
1,5,standard,24,0
1,5,standard,25,0
1,5,standard,26,1
1,5,standard,27,1
1,5,standard,28,1
1,5,standard,29,0
1,5,standard,30,1
1,5,standard,31,1
1,5,standard,32,1
1,5,standard,33,1
1,5,standard,34,1
1,5,standard,35,1
1,5,standard,36,1
1,5,standard,37,1
1,5,standard,38,0
1,5,standard,39,1
1,5,standard,40,1
1,5,standard,41,0
1,5,standard,42,0
1,5,standard,43,1
1,5,standard,44,1
1,5,standard,45,1
1,5,standard,46,1
1,5,standard,47,1
1,5,standard,48,1
1,5,standard,49,1
1,5,standard,50,0
1,5,standard,51,1
1,5,standard,52,0
1,5,standard,53,1
1,5,standard,54,1
1,5,standard,55,1
1,5,standard,56,1
1,5,standard,57,1
1,5,standard,58,0
1,5,standard,59,1
1,5,standard,60,0
1,5,standard,61,1
1,5,standard,62,1
1,5,standard,63,1
1,5,standard,64,1
1,5,standard,65,1
1,5,standard,66,0
1,5,standard,67,1
1,5,standard,68,0
1,5,standard,69,1
1,5,standard,70,1
1,5,standard,71,1
1,5,standard,72,1
1,5,standard,73,1
1,5,standard,74,1
1,5,standard,75,1
1,5,standard,76,1
1,5,standard,77,1
1,5,standard,78,0
1,5,standard,79,1
1,5,standard,80,1
1,5,standard,81,0
1,5,standard,82,1
1,5,standard,83,1
1,5,standard,84,0
1,5,standard,85,1
1,5,standard,86,0
1,5,standard,87,1
1,5,standard,88,1
1,5,standard,89,1
1,5,standard,90,1
1,5,standard,91,1
1,5,standard,92,1
1,5,standard,93,1
1,5,standard,94,1
1,5,standard,95,1
1,5,standard,96,1
1,5,standard,97,0
1,5,standard,98,1
1,5,standard,99,1
1,5,standard,100,1
1,5,hard,1,1
1,5,hard,2,1
1,5,hard,3,1
1,5,hard,4,0
1,5,hard,5,1
1,5,hard,6,1
1,5,hard,7,0
1,5,hard,8,1
1,5,hard,9,0
1,5,hard,10,0
1,5,hard,11,1
1,5,hard,12,1
1,5,hard,13,1
1,5,hard,14,1
1,5,hard,15,0
1,5,hard,16,0
1,5,hard,17,1
1,5,hard,18,1
1,5,hard,19,1
1,5,hard,20,1
1,5,hard,21,1
1,5,hard,22,1
1,5,hard,23,1
1,5,hard,24,1
1,5,hard,25,1
1,5,hard,26,1
1,5,hard,27,1
1,5,hard,28,1
1,5,hard,29,1
1,5,hard,30,1
1,5,hard,31,1
1,5,hard,32,1
1,5,hard,33,0
1,5,hard,34,1
1,5,hard,35,0
1,5,hard,36,1
1,5,hard,37,0
1,5,hard,38,1
1,5,hard,39,1
1,5,hard,40,1
1,5,hard,41,1
1,5,hard,42,0
1,5,hard,43,1
1,5,hard,44,1
1,5,hard,45,1
1,5,hard,46,1
1,5,hard,47,1
1,5,hard,48,0
1,5,hard,49,0
1,5,hard,50,1
1,5,hard,51,0
1,5,hard,52,1
1,5,hard,53,1
1,5,hard,54,0
1,5,hard,55,1
1,5,hard,56,1
1,5,hard,57,0
1,5,hard,58,1
1,5,hard,59,1
1,5,hard,60,1
1,5,hard,61,1
1,5,hard,62,1
1,5,hard,63,1
1,5,hard,64,1
1,5,hard,65,1
1,5,hard,66,0
1,5,hard,67,1
1,5,hard,68,1
1,5,hard,69,1
1,5,hard,70,0
1,5,hard,71,1
1,5,hard,72,0
1,5,hard,73,1
1,5,hard,74,1
1,5,hard,75,1
1,5,hard,76,1
1,5,hard,77,1
1,5,hard,78,0
1,5,hard,79,0
1,5,hard,80,1
1,5,hard,81,1
1,5,hard,82,1
1,5,hard,83,1
1,5,hard,84,1
1,5,hard,85,1
1,5,hard,86,1
1,5,hard,87,1
1,5,hard,88,1
1,5,hard,89,1
1,5,hard,90,1
1,5,hard,91,1
1,5,hard,92,0
1,5,hard,93,1
1,5,hard,94,1
1,5,hard,95,0
1,5,hard,96,1
1,5,hard,97,1
1,5,hard,98,1
1,5,hard,99,1
1,5,hard,100,1
2,1,standard,1,1
2,1,standard,2,1
2,1,standard,3,1
2,1,standard,4,1
2,1,standard,5,0
2,1,standard,6,1
2,1,standard,7,1
2,1,standard,8,1
2,1,standard,9,1
2,1,standard,10,1
2,1,standard,11,1
2,1,standard,12,0
2,1,standard,13,0
2,1,standard,14,1
2,1,standard,15,1
2,1,standard,16,1
2,1,standard,17,0
2,1,standard,18,0
2,1,standard,19,1
2,1,standard,20,1
2,1,standard,21,1
2,1,standard,22,1
2,1,standard,23,1
2,1,standard,24,1
2,1,standard,25,1
2,1,standard,26,1
2,1,standard,27,0
2,1,standard,28,1
2,1,standard,29,1
2,1,standard,30,1
2,1,standard,31,1
2,1,standard,32,1
2,1,standard,33,1
2,1,standard,34,1
2,1,standard,35,1
2,1,standard,36,1
2,1,standard,37,1
2,1,standard,38,1
2,1,standard,39,1
2,1,standard,40,1
2,1,standard,41,1
2,1,standard,42,1
2,1,standard,43,1
2,1,standard,44,1
2,1,standard,45,1
2,1,standard,46,1
2,1,standard,47,0
2,1,standard,48,0
2,1,standard,49,1
2,1,standard,50,0
2,1,standard,51,1
2,1,standard,52,1
2,1,standard,53,1
2,1,standard,54,1
2,1,standard,55,1
2,1,standard,56,1
2,1,standard,57,1
2,1,standard,58,1
2,1,standard,59,1
2,1,standard,60,0
2,1,standard,61,1
2,1,standard,62,1
2,1,standard,63,0
2,1,standard,64,0
2,1,standard,65,1
2,1,standard,66,1
2,1,standard,67,1
2,1,standard,68,1
2,1,standard,69,0
2,1,standard,70,1
2,1,standard,71,0
2,1,standard,72,1
2,1,standard,73,1
2,1,standard,74,0
2,1,standard,75,1
2,1,standard,76,0
2,1,standard,77,1
2,1,standard,78,1
2,1,standard,79,0
2,1,standard,80,1
2,1,standard,81,1
2,1,standard,82,1
2,1,standard,83,1
2,1,standard,84,1
2,1,standard,85,0
2,1,standard,86,1
2,1,standard,87,1
2,1,standard,88,1
2,1,standard,89,1
2,1,standard,90,1
2,1,standard,91,1
2,1,standard,92,1
2,1,standard,93,1
2,1,standard,94,1
2,1,standard,95,1
2,1,standard,96,1
2,1,standard,97,1
2,1,standard,98,1
2,1,standard,99,0
2,1,standard,100,1
2,1,hard,1,1
2,1,hard,2,1
2,1,hard,3,1
2,1,hard,4,1
2,1,hard,5,1
2,1,hard,6,1
2,1,hard,7,1
2,1,hard,8,1
2,1,hard,9,1
2,1,hard,10,0
2,1,hard,11,1
2,1,hard,12,0
2,1,hard,13,1
2,1,hard,14,1
2,1,hard,15,0
2,1,hard,16,0
2,1,hard,17,0
2,1,hard,18,0
2,1,hard,19,0
2,1,hard,20,0
2,1,hard,21,1
2,1,hard,22,1
2,1,hard,23,1
2,1,hard,24,0
2,1,hard,25,1
2,1,hard,26,1
2,1,hard,27,0
2,1,hard,28,1
2,1,hard,29,1
2,1,hard,30,1
2,1,hard,31,0
2,1,hard,32,0
2,1,hard,33,0
2,1,hard,34,1
2,1,hard,35,1
2,1,hard,36,1
2,1,hard,37,0
2,1,hard,38,1
2,1,hard,39,1
2,1,hard,40,0
2,1,hard,41,1
2,1,hard,42,1
2,1,hard,43,0
2,1,hard,44,1
2,1,hard,45,1
2,1,hard,46,0
2,1,hard,47,0
2,1,hard,48,0
2,1,hard,49,1
2,1,hard,50,1
2,1,hard,51,0
2,1,hard,52,1
2,1,hard,53,0
2,1,hard,54,0
2,1,hard,55,1
2,1,hard,56,1
2,1,hard,57,0
2,1,hard,58,1
2,1,hard,59,1
2,1,hard,60,1
2,1,hard,61,1
2,1,hard,62,1
2,1,hard,63,0
2,1,hard,64,1
2,1,hard,65,1
2,1,hard,66,1
2,1,hard,67,1
2,1,hard,68,0
2,1,hard,69,1
2,1,hard,70,0
2,1,hard,71,1
2,1,hard,72,0
2,1,hard,73,1
2,1,hard,74,0
2,1,hard,75,0
2,1,hard,76,1
2,1,hard,77,1
2,1,hard,78,1
2,1,hard,79,0
2,1,hard,80,1
2,1,hard,81,0
2,1,hard,82,1
2,1,hard,83,1
2,1,hard,84,0
2,1,hard,85,0
2,1,hard,86,1
2,1,hard,87,1
2,1,hard,88,0
2,1,hard,89,0
2,1,hard,90,1
2,1,hard,91,0
2,1,hard,92,1
2,1,hard,93,0
2,1,hard,94,0
2,1,hard,95,1
2,1,hard,96,1
2,1,hard,97,1
2,1,hard,98,1
2,1,hard,99,1
2,1,hard,100,0
2,2,standard,1,1
2,2,standard,2,1
2,2,standard,3,1
2,2,standard,4,1
2,2,standard,5,1
2,2,standard,6,0
2,2,standard,7,0
2,2,standard,8,1
2,2,standard,9,0
2,2,standard,10,1
2,2,standard,11,1
2,2,standard,12,0
2,2,standard,13,0
2,2,standard,14,0
2,2,standard,15,1
2,2,standard,16,1
2,2,standard,17,1
2,2,standard,18,1
2,2,standard,19,0
2,2,standard,20,0
2,2,standard,21,1
2,2,standard,22,1
2,2,standard,23,1
2,2,standard,24,0
2,2,standard,25,1
2,2,standard,26,1
2,2,standard,27,1
2,2,standard,28,1
2,2,standard,29,1
2,2,standard,30,1
2,2,standard,31,1
2,2,standard,32,1
2,2,standard,33,1
2,2,standard,34,1
2,2,standard,35,0
2,2,standard,36,1
2,2,standard,37,0
2,2,standard,38,0
2,2,standard,39,1
2,2,standard,40,1
2,2,standard,41,1
2,2,standard,42,0
2,2,standard,43,1
2,2,standard,44,1
2,2,standard,45,0
2,2,standard,46,0
2,2,standard,47,1
2,2,standard,48,1
2,2,standard,49,0
2,2,standard,50,1
2,2,standard,51,0
2,2,standard,52,1
2,2,standard,53,1
2,2,standard,54,1
2,2,standard,55,0
2,2,standard,56,1
2,2,standard,57,0
2,2,standard,58,1
2,2,standard,59,1
2,2,standard,60,1
2,2,standard,61,1
2,2,standard,62,1
2,2,standard,63,0
2,2,standard,64,1
2,2,standard,65,1
2,2,standard,66,1
2,2,standard,67,1
2,2,standard,68,1
2,2,standard,69,0
2,2,standard,70,1
2,2,standard,71,1
2,2,standard,72,1
2,2,standard,73,1
2,2,standard,74,1
2,2,standard,75,0
2,2,standard,76,1
2,2,standard,77,1
2,2,standard,78,1
2,2,standard,79,1
2,2,standard,80,1
2,2,standard,81,1
2,2,standard,82,1
2,2,standard,83,1
2,2,standard,84,0
2,2,standard,85,1
2,2,standard,86,1
2,2,standard,87,1
2,2,standard,88,0
2,2,standard,89,1
2,2,standard,90,1
2,2,standard,91,0
2,2,standard,92,1
2,2,standard,93,1
2,2,standard,94,0
2,2,standard,95,1
2,2,standard,96,0
2,2,standard,97,1
2,2,standard,98,0
2,2,standard,99,0
2,2,standard,100,1
2,2,hard,1,1
2,2,hard,2,0
2,2,hard,3,1
2,2,hard,4,1
2,2,hard,5,1
2,2,hard,6,1
2,2,hard,7,0
2,2,hard,8,0
2,2,hard,9,0
2,2,hard,10,0
2,2,hard,11,0
2,2,hard,12,1
2,2,hard,13,1
2,2,hard,14,0
2,2,hard,15,0
2,2,hard,16,1
2,2,hard,17,1
2,2,hard,18,1
2,2,hard,19,0
2,2,hard,20,1
2,2,hard,21,1
2,2,hard,22,0
2,2,hard,23,1
2,2,hard,24,1
2,2,hard,25,1
2,2,hard,26,0
2,2,hard,27,1
2,2,hard,28,1
2,2,hard,29,0
2,2,hard,30,0
2,2,hard,31,1
2,2,hard,32,1
2,2,hard,33,1
2,2,hard,34,1
2,2,hard,35,0
2,2,hard,36,1
2,2,hard,37,1
2,2,hard,38,1
2,2,hard,39,0
2,2,hard,40,1
2,2,hard,41,1
2,2,hard,42,1
2,2,hard,43,0
2,2,hard,44,0
2,2,hard,45,1
2,2,hard,46,0
2,2,hard,47,1
2,2,hard,48,0
2,2,hard,49,0
2,2,hard,50,1
2,2,hard,51,1
2,2,hard,52,1
2,2,hard,53,1
2,2,hard,54,1
2,2,hard,55,0
2,2,hard,56,1
2,2,hard,57,1
2,2,hard,58,0
2,2,hard,59,0
2,2,hard,60,0
2,2,hard,61,1
2,2,hard,62,1
2,2,hard,63,1
2,2,hard,64,1
2,2,hard,65,0
2,2,hard,66,1
2,2,hard,67,0
2,2,hard,68,1
2,2,hard,69,1
2,2,hard,70,0
2,2,hard,71,1
2,2,hard,72,0
2,2,hard,73,0
2,2,hard,74,1
2,2,hard,75,0
2,2,hard,76,1
2,2,hard,77,1
2,2,hard,78,1
2,2,hard,79,1
2,2,hard,80,1
2,2,hard,81,0
2,2,hard,82,1
2,2,hard,83,1
2,2,hard,84,1
2,2,hard,85,1
2,2,hard,86,1
2,2,hard,87,1
2,2,hard,88,1
2,2,hard,89,0
2,2,hard,90,1
2,2,hard,91,1
2,2,hard,92,0
2,2,hard,93,1
2,2,hard,94,1
2,2,hard,95,1
2,2,hard,96,1
2,2,hard,97,1
2,2,hard,98,0
2,2,hard,99,0
2,2,hard,100,0
2,3,standard,1,1
2,3,standard,2,1
2,3,standard,3,1
2,3,standard,4,1
2,3,standard,5,1
2,3,standard,6,1
2,3,standard,7,1
2,3,standard,8,1
2,3,standard,9,1
2,3,standard,10,0
2,3,standard,11,0
2,3,standard,12,1
2,3,standard,13,0
2,3,standard,14,1
2,3,standard,15,0
2,3,standard,16,1
2,3,standard,17,1
2,3,standard,18,0
2,3,standard,19,1
2,3,standard,20,1
2,3,standard,21,0
2,3,standard,22,0
2,3,standard,23,1
2,3,standard,24,1
2,3,standard,25,1
2,3,standard,26,1
2,3,standard,27,1
2,3,standard,28,1
2,3,standard,29,1
2,3,standard,30,1
2,3,standard,31,1
2,3,standard,32,1
2,3,standard,33,1
2,3,standard,34,1
2,3,standard,35,1
2,3,standard,36,1
2,3,standard,37,1
2,3,standard,38,1
2,3,standard,39,1
2,3,standard,40,1
2,3,standard,41,1
2,3,standard,42,0
2,3,standard,43,1
2,3,standard,44,1
2,3,standard,45,1
2,3,standard,46,1
2,3,standard,47,1
2,3,standard,48,1
2,3,standard,49,0
2,3,standard,50,1
2,3,standard,51,1
2,3,standard,52,1
2,3,standard,53,1
2,3,standard,54,1
2,3,standard,55,0
2,3,standard,56,1
2,3,standard,57,1
2,3,standard,58,1
2,3,standard,59,0
2,3,standard,60,1
2,3,standard,61,0
2,3,standard,62,1
2,3,standard,63,1
2,3,standard,64,1
2,3,standard,65,1
2,3,standard,66,1
2,3,standard,67,0
2,3,standard,68,0
2,3,standard,69,1
2,3,standard,70,0
2,3,standard,71,1
2,3,standard,72,0
2,3,standard,73,0
2,3,standard,74,1
2,3,standard,75,0
2,3,standard,76,1
2,3,standard,77,1
2,3,standard,78,0
2,3,standard,79,0
2,3,standard,80,1
2,3,standard,81,0
2,3,standard,82,1
2,3,standard,83,1
2,3,standard,84,1
2,3,standard,85,1
2,3,standard,86,1
2,3,standard,87,1
2,3,standard,88,1
2,3,standard,89,1
2,3,standard,90,1
2,3,standard,91,1
2,3,standard,92,1
2,3,standard,93,0
2,3,standard,94,1
2,3,standard,95,1
2,3,standard,96,1
2,3,standard,97,0
2,3,standard,98,1
2,3,standard,99,1
2,3,standard,100,1
2,3,hard,1,0
2,3,hard,2,0
2,3,hard,3,1
2,3,hard,4,1
2,3,hard,5,1
2,3,hard,6,0
2,3,hard,7,0
2,3,hard,8,1
2,3,hard,9,0
2,3,hard,10,0
2,3,hard,11,1
2,3,hard,12,1
2,3,hard,13,0
2,3,hard,14,1
2,3,hard,15,1
2,3,hard,16,1
2,3,hard,17,1
2,3,hard,18,0
2,3,hard,19,1
2,3,hard,20,1
2,3,hard,21,1
2,3,hard,22,0
2,3,hard,23,1
2,3,hard,24,1
2,3,hard,25,1
2,3,hard,26,0
2,3,hard,27,1
2,3,hard,28,1
2,3,hard,29,1
2,3,hard,30,1
2,3,hard,31,0
2,3,hard,32,1
2,3,hard,33,0
2,3,hard,34,0
2,3,hard,35,1
2,3,hard,36,1
2,3,hard,37,0
2,3,hard,38,0
2,3,hard,39,0
2,3,hard,40,0
2,3,hard,41,1
2,3,hard,42,1
2,3,hard,43,1
2,3,hard,44,1
2,3,hard,45,0
2,3,hard,46,1
2,3,hard,47,1
2,3,hard,48,0
2,3,hard,49,1
2,3,hard,50,0
2,3,hard,51,1
2,3,hard,52,1
2,3,hard,53,1
2,3,hard,54,1
2,3,hard,55,1
2,3,hard,56,1
2,3,hard,57,1
2,3,hard,58,0
2,3,hard,59,1
2,3,hard,60,1
2,3,hard,61,0
2,3,hard,62,1
2,3,hard,63,1
2,3,hard,64,1
2,3,hard,65,1
2,3,hard,66,1
2,3,hard,67,1
2,3,hard,68,1
2,3,hard,69,1
2,3,hard,70,0
2,3,hard,71,1
2,3,hard,72,1
2,3,hard,73,1
2,3,hard,74,1
2,3,hard,75,0
2,3,hard,76,1
2,3,hard,77,0
2,3,hard,78,1
2,3,hard,79,1
2,3,hard,80,0
2,3,hard,81,0
2,3,hard,82,1
2,3,hard,83,0
2,3,hard,84,1
2,3,hard,85,1
2,3,hard,86,1
2,3,hard,87,1
2,3,hard,88,1
2,3,hard,89,1
2,3,hard,90,0
2,3,hard,91,1
2,3,hard,92,1
2,3,hard,93,1
2,3,hard,94,1
2,3,hard,95,1
2,3,hard,96,1
2,3,hard,97,1
2,3,hard,98,1
2,3,hard,99,1
2,3,hard,100,1
2,4,standard,1,1
2,4,standard,2,0
2,4,standard,3,0
2,4,standard,4,1
2,4,standard,5,0
2,4,standard,6,1
2,4,standard,7,1
2,4,standard,8,1
2,4,standard,9,0
2,4,standard,10,1
2,4,standard,11,1
2,4,standard,12,1
2,4,standard,13,1
2,4,standard,14,0
2,4,standard,15,1
2,4,standard,16,1
2,4,standard,17,1
2,4,standard,18,1
2,4,standard,19,0
2,4,standard,20,1
2,4,standard,21,1
2,4,standard,22,1
2,4,standard,23,0
2,4,standard,24,1
2,4,standard,25,1
2,4,standard,26,1
2,4,standard,27,1
2,4,standard,28,1
2,4,standard,29,1
2,4,standard,30,1
2,4,standard,31,1
2,4,standard,32,1
2,4,standard,33,1
2,4,standard,34,1
2,4,standard,35,0
2,4,standard,36,1
2,4,standard,37,1
2,4,standard,38,1
2,4,standard,39,1
2,4,standard,40,0
2,4,standard,41,1
2,4,standard,42,1
2,4,standard,43,1
2,4,standard,44,1
2,4,standard,45,1
2,4,standard,46,1
2,4,standard,47,0
2,4,standard,48,1
2,4,standard,49,1
2,4,standard,50,0
2,4,standard,51,0
2,4,standard,52,1
2,4,standard,53,1
2,4,standard,54,1
2,4,standard,55,0
2,4,standard,56,0
2,4,standard,57,0
2,4,standard,58,1
2,4,standard,59,1
2,4,standard,60,1
2,4,standard,61,1
2,4,standard,62,0
2,4,standard,63,1
2,4,standard,64,1
2,4,standard,65,1
2,4,standard,66,1
2,4,standard,67,1
2,4,standard,68,1
2,4,standard,69,1
2,4,standard,70,1
2,4,standard,71,0
2,4,standard,72,1
2,4,standard,73,1
2,4,standard,74,1
2,4,standard,75,1
2,4,standard,76,1
2,4,standard,77,0
2,4,standard,78,1
2,4,standard,79,1
2,4,standard,80,0
2,4,standard,81,0
2,4,standard,82,0
2,4,standard,83,0
2,4,standard,84,0
2,4,standard,85,1
2,4,standard,86,1
2,4,standard,87,1
2,4,standard,88,1
2,4,standard,89,1
2,4,standard,90,0
2,4,standard,91,1
2,4,standard,92,0
2,4,standard,93,1
2,4,standard,94,1
2,4,standard,95,0
2,4,standard,96,0
2,4,standard,97,0
2,4,standard,98,1
2,4,standard,99,1
2,4,standard,100,0
2,4,hard,1,1
2,4,hard,2,1
2,4,hard,3,0
2,4,hard,4,1
2,4,hard,5,1
2,4,hard,6,0
2,4,hard,7,0
2,4,hard,8,1
2,4,hard,9,1
2,4,hard,10,1
2,4,hard,11,1
2,4,hard,12,0
2,4,hard,13,1
2,4,hard,14,0
2,4,hard,15,1
2,4,hard,16,0
2,4,hard,17,0
2,4,hard,18,1
2,4,hard,19,1
2,4,hard,20,0
2,4,hard,21,1
2,4,hard,22,1
2,4,hard,23,1
2,4,hard,24,1
2,4,hard,25,1
2,4,hard,26,1
2,4,hard,27,1
2,4,hard,28,0
2,4,hard,29,1
2,4,hard,30,0
2,4,hard,31,0
2,4,hard,32,1
2,4,hard,33,0
2,4,hard,34,0
2,4,hard,35,0
2,4,hard,36,1
2,4,hard,37,0
2,4,hard,38,1
2,4,hard,39,0
2,4,hard,40,0
2,4,hard,41,1
2,4,hard,42,1
2,4,hard,43,1
2,4,hard,44,0
2,4,hard,45,1
2,4,hard,46,0
2,4,hard,47,1
2,4,hard,48,0
2,4,hard,49,1
2,4,hard,50,1
2,4,hard,51,1
2,4,hard,52,0
2,4,hard,53,1
2,4,hard,54,0
2,4,hard,55,1
2,4,hard,56,1
2,4,hard,57,0
2,4,hard,58,1
2,4,hard,59,0
2,4,hard,60,1
2,4,hard,61,0
2,4,hard,62,1
2,4,hard,63,0
2,4,hard,64,0
2,4,hard,65,1
2,4,hard,66,1
2,4,hard,67,1
2,4,hard,68,0
2,4,hard,69,1
2,4,hard,70,1
2,4,hard,71,1
2,4,hard,72,1
2,4,hard,73,1
2,4,hard,74,0
2,4,hard,75,1
2,4,hard,76,1
2,4,hard,77,1
2,4,hard,78,1
2,4,hard,79,0
2,4,hard,80,1
2,4,hard,81,1
2,4,hard,82,0
2,4,hard,83,1
2,4,hard,84,0
2,4,hard,85,0
2,4,hard,86,1
2,4,hard,87,1
2,4,hard,88,1
2,4,hard,89,1
2,4,hard,90,1
2,4,hard,91,1
2,4,hard,92,1
2,4,hard,93,1
2,4,hard,94,1
2,4,hard,95,1
2,4,hard,96,0
2,4,hard,97,1
2,4,hard,98,1
2,4,hard,99,1
2,4,hard,100,1
2,5,standard,1,0
2,5,standard,2,1
2,5,standard,3,1
2,5,standard,4,1
2,5,standard,5,1
2,5,standard,6,0
2,5,standard,7,1
2,5,standard,8,1
2,5,standard,9,1
2,5,standard,10,1
2,5,standard,11,1
2,5,standard,12,1
2,5,standard,13,1
2,5,standard,14,1
2,5,standard,15,0
2,5,standard,16,0
2,5,standard,17,1
2,5,standard,18,1
2,5,standard,19,1
2,5,standard,20,1
2,5,standard,21,1
2,5,standard,22,1
2,5,standard,23,1
2,5,standard,24,1
2,5,standard,25,1
2,5,standard,26,1
2,5,standard,27,1
2,5,standard,28,0
2,5,standard,29,1
2,5,standard,30,1
2,5,standard,31,0
2,5,standard,32,0
2,5,standard,33,1
2,5,standard,34,1
2,5,standard,35,1
2,5,standard,36,1
2,5,standard,37,1
2,5,standard,38,1
2,5,standard,39,0
2,5,standard,40,1
2,5,standard,41,0
2,5,standard,42,1
2,5,standard,43,1
2,5,standard,44,1
2,5,standard,45,1
2,5,standard,46,1
2,5,standard,47,1
2,5,standard,48,1
2,5,standard,49,1
2,5,standard,50,1
2,5,standard,51,1
2,5,standard,52,0
2,5,standard,53,1
2,5,standard,54,1
2,5,standard,55,1
2,5,standard,56,0
2,5,standard,57,1
2,5,standard,58,1
2,5,standard,59,0
2,5,standard,60,0
2,5,standard,61,0
2,5,standard,62,0
2,5,standard,63,1
2,5,standard,64,1
2,5,standard,65,1
2,5,standard,66,1
2,5,standard,67,1
2,5,standard,68,0
2,5,standard,69,0
2,5,standard,70,0
2,5,standard,71,1
2,5,standard,72,1
2,5,standard,73,0
2,5,standard,74,1
2,5,standard,75,1
2,5,standard,76,1
2,5,standard,77,1
2,5,standard,78,1
2,5,standard,79,1
2,5,standard,80,1
2,5,standard,81,1
2,5,standard,82,1
2,5,standard,83,0
2,5,standard,84,0
2,5,standard,85,1
2,5,standard,86,1
2,5,standard,87,0
2,5,standard,88,1
2,5,standard,89,1
2,5,standard,90,1
2,5,standard,91,0
2,5,standard,92,0
2,5,standard,93,0
2,5,standard,94,1
2,5,standard,95,1
2,5,standard,96,1
2,5,standard,97,1
2,5,standard,98,1
2,5,standard,99,0
2,5,standard,100,1
2,5,hard,1,0
2,5,hard,2,1
2,5,hard,3,0
2,5,hard,4,1
2,5,hard,5,0
2,5,hard,6,0
2,5,hard,7,0
2,5,hard,8,1
2,5,hard,9,1
2,5,hard,10,0
2,5,hard,11,1
2,5,hard,12,0
2,5,hard,13,1
2,5,hard,14,1
2,5,hard,15,1
2,5,hard,16,0
2,5,hard,17,1
2,5,hard,18,1
2,5,hard,19,0
2,5,hard,20,1
2,5,hard,21,0
2,5,hard,22,0
2,5,hard,23,0
2,5,hard,24,0
2,5,hard,25,1
2,5,hard,26,1
2,5,hard,27,0
2,5,hard,28,0
2,5,hard,29,0
2,5,hard,30,1
2,5,hard,31,1
2,5,hard,32,1
2,5,hard,33,0
2,5,hard,34,1
2,5,hard,35,0
2,5,hard,36,1
2,5,hard,37,1
2,5,hard,38,1
2,5,hard,39,1
2,5,hard,40,1
2,5,hard,41,1
2,5,hard,42,1
2,5,hard,43,1
2,5,hard,44,1
2,5,hard,45,0
2,5,hard,46,1
2,5,hard,47,0
2,5,hard,48,0
2,5,hard,49,1
2,5,hard,50,0
2,5,hard,51,1
2,5,hard,52,1
2,5,hard,53,0
2,5,hard,54,0
2,5,hard,55,0
2,5,hard,56,1
2,5,hard,57,1
2,5,hard,58,0
2,5,hard,59,1
2,5,hard,60,0
2,5,hard,61,0
2,5,hard,62,1
2,5,hard,63,0
2,5,hard,64,1
2,5,hard,65,1
2,5,hard,66,1
2,5,hard,67,1
2,5,hard,68,1
2,5,hard,69,0
2,5,hard,70,0
2,5,hard,71,1
2,5,hard,72,1
2,5,hard,73,1
2,5,hard,74,1
2,5,hard,75,0
2,5,hard,76,0
2,5,hard,77,0
2,5,hard,78,1
2,5,hard,79,1
2,5,hard,80,1
2,5,hard,81,0
2,5,hard,82,1
2,5,hard,83,1
2,5,hard,84,0
2,5,hard,85,0
2,5,hard,86,0
2,5,hard,87,0
2,5,hard,88,0
2,5,hard,89,1
2,5,hard,90,1
2,5,hard,91,0
2,5,hard,92,1
2,5,hard,93,1
2,5,hard,94,0
2,5,hard,95,1
2,5,hard,96,1
2,5,hard,97,0
2,5,hard,98,1
2,5,hard,99,1
2,5,hard,100,1
3,1,standard,1,1
3,1,standard,2,1
3,1,standard,3,1
3,1,standard,4,1
3,1,standard,5,1
3,1,standard,6,1
3,1,standard,7,1
3,1,standard,8,0
3,1,standard,9,1
3,1,standard,10,0
3,1,standard,11,0
3,1,standard,12,1
3,1,standard,13,0
3,1,standard,14,1
3,1,standard,15,1
3,1,standard,16,0
3,1,standard,17,0
3,1,standard,18,1
3,1,standard,19,0
3,1,standard,20,1
3,1,standard,21,1
3,1,standard,22,1
3,1,standard,23,1
3,1,standard,24,1
3,1,standard,25,0
3,1,standard,26,0
3,1,standard,27,0
3,1,standard,28,0
3,1,standard,29,0
3,1,standard,30,1
3,1,standard,31,1
3,1,standard,32,1
3,1,standard,33,1
3,1,standard,34,0
3,1,standard,35,1
3,1,standard,36,1
3,1,standard,37,1
3,1,standard,38,0
3,1,standard,39,0
3,1,standard,40,1
3,1,standard,41,1
3,1,standard,42,0
3,1,standard,43,1
3,1,standard,44,0
3,1,standard,45,0
3,1,standard,46,1
3,1,standard,47,1
3,1,standard,48,0
3,1,standard,49,0
3,1,standard,50,1
3,1,standard,51,1
3,1,standard,52,1
3,1,standard,53,0
3,1,standard,54,1
3,1,standard,55,0
3,1,standard,56,1
3,1,standard,57,1
3,1,standard,58,1
3,1,standard,59,0
3,1,standard,60,0
3,1,standard,61,1
3,1,standard,62,0
3,1,standard,63,0
3,1,standard,64,1
3,1,standard,65,1
3,1,standard,66,1
3,1,standard,67,0
3,1,standard,68,1
3,1,standard,69,1
3,1,standard,70,1
3,1,standard,71,0
3,1,standard,72,1
3,1,standard,73,0
3,1,standard,74,0
3,1,standard,75,1
3,1,standard,76,0
3,1,standard,77,1
3,1,standard,78,0
3,1,standard,79,0
3,1,standard,80,1
3,1,standard,81,1
3,1,standard,82,0
3,1,standard,83,0
3,1,standard,84,0
3,1,standard,85,0
3,1,standard,86,0
3,1,standard,87,1
3,1,standard,88,0
3,1,standard,89,1
3,1,standard,90,0
3,1,standard,91,0
3,1,standard,92,1
3,1,standard,93,0
3,1,standard,94,0
3,1,standard,95,1
3,1,standard,96,1
3,1,standard,97,0
3,1,standard,98,0
3,1,standard,99,1
3,1,standard,100,0
3,1,hard,1,1
3,1,hard,2,0
3,1,hard,3,0
3,1,hard,4,1
3,1,hard,5,0
3,1,hard,6,1
3,1,hard,7,0
3,1,hard,8,1
3,1,hard,9,0
3,1,hard,10,0
3,1,hard,11,0
3,1,hard,12,1
3,1,hard,13,0
3,1,hard,14,1
3,1,hard,15,0
3,1,hard,16,0
3,1,hard,17,0
3,1,hard,18,0
3,1,hard,19,0
3,1,hard,20,0
3,1,hard,21,0
3,1,hard,22,1
3,1,hard,23,0
3,1,hard,24,1
3,1,hard,25,0
3,1,hard,26,0
3,1,hard,27,0
3,1,hard,28,0
3,1,hard,29,0
3,1,hard,30,1
3,1,hard,31,0
3,1,hard,32,0
3,1,hard,33,0
3,1,hard,34,0
3,1,hard,35,1
3,1,hard,36,0
3,1,hard,37,1
3,1,hard,38,1
3,1,hard,39,0
3,1,hard,40,0
3,1,hard,41,0
3,1,hard,42,1
3,1,hard,43,0
3,1,hard,44,0
3,1,hard,45,0
3,1,hard,46,1
3,1,hard,47,1
3,1,hard,48,1
3,1,hard,49,0
3,1,hard,50,0
3,1,hard,51,0
3,1,hard,52,0
3,1,hard,53,0
3,1,hard,54,1
3,1,hard,55,0
3,1,hard,56,1
3,1,hard,57,0
3,1,hard,58,1
3,1,hard,59,0
3,1,hard,60,0
3,1,hard,61,0
3,1,hard,62,0
3,1,hard,63,0
3,1,hard,64,1
3,1,hard,65,1
3,1,hard,66,1
3,1,hard,67,1
3,1,hard,68,1
3,1,hard,69,0
3,1,hard,70,1
3,1,hard,71,0
3,1,hard,72,1
3,1,hard,73,0
3,1,hard,74,0
3,1,hard,75,0
3,1,hard,76,0
3,1,hard,77,1
3,1,hard,78,0
3,1,hard,79,0
3,1,hard,80,0
3,1,hard,81,1
3,1,hard,82,1
3,1,hard,83,1
3,1,hard,84,0
3,1,hard,85,0
3,1,hard,86,0
3,1,hard,87,0
3,1,hard,88,0
3,1,hard,89,0
3,1,hard,90,0
3,1,hard,91,0
3,1,hard,92,0
3,1,hard,93,0
3,1,hard,94,0
3,1,hard,95,0
3,1,hard,96,0
3,1,hard,97,0
3,1,hard,98,0
3,1,hard,99,0
3,1,hard,100,1
3,2,standard,1,0
3,2,standard,2,1
3,2,standard,3,0
3,2,standard,4,1
3,2,standard,5,0
3,2,standard,6,1
3,2,standard,7,1
3,2,standard,8,1
3,2,standard,9,0
3,2,standard,10,1
3,2,standard,11,0
3,2,standard,12,1
3,2,standard,13,1
3,2,standard,14,1
3,2,standard,15,1
3,2,standard,16,1
3,2,standard,17,0
3,2,standard,18,0
3,2,standard,19,1
3,2,standard,20,1
3,2,standard,21,1
3,2,standard,22,1
3,2,standard,23,1
3,2,standard,24,1
3,2,standard,25,0
3,2,standard,26,1
3,2,standard,27,1
3,2,standard,28,1
3,2,standard,29,1
3,2,standard,30,1
3,2,standard,31,1
3,2,standard,32,0
3,2,standard,33,0
3,2,standard,34,0
3,2,standard,35,0
3,2,standard,36,1
3,2,standard,37,1
3,2,standard,38,1
3,2,standard,39,0
3,2,standard,40,1
3,2,standard,41,1
3,2,standard,42,1
3,2,standard,43,1
3,2,standard,44,0
3,2,standard,45,1
3,2,standard,46,1
3,2,standard,47,1
3,2,standard,48,1
3,2,standard,49,0
3,2,standard,50,1
3,2,standard,51,0
3,2,standard,52,1
3,2,standard,53,1
3,2,standard,54,1
3,2,standard,55,1
3,2,standard,56,1
3,2,standard,57,0
3,2,standard,58,0
3,2,standard,59,1
3,2,standard,60,1
3,2,standard,61,1
3,2,standard,62,0
3,2,standard,63,0
3,2,standard,64,1
3,2,standard,65,0
3,2,standard,66,0
3,2,standard,67,1
3,2,standard,68,1
3,2,standard,69,0
3,2,standard,70,0
3,2,standard,71,1
3,2,standard,72,1
3,2,standard,73,1
3,2,standard,74,1
3,2,standard,75,1
3,2,standard,76,1
3,2,standard,77,1
3,2,standard,78,1
3,2,standard,79,1
3,2,standard,80,1
3,2,standard,81,0
3,2,standard,82,0
3,2,standard,83,1
3,2,standard,84,1
3,2,standard,85,1
3,2,standard,86,1
3,2,standard,87,1
3,2,standard,88,0
3,2,standard,89,1
3,2,standard,90,1
3,2,standard,91,1
3,2,standard,92,1
3,2,standard,93,1
3,2,standard,94,1
3,2,standard,95,1
3,2,standard,96,0
3,2,standard,97,0
3,2,standard,98,1
3,2,standard,99,1
3,2,standard,100,1
3,2,hard,1,1
3,2,hard,2,0
3,2,hard,3,1
3,2,hard,4,0
3,2,hard,5,1
3,2,hard,6,1
3,2,hard,7,0
3,2,hard,8,0
3,2,hard,9,1
3,2,hard,10,0
3,2,hard,11,1
3,2,hard,12,1
3,2,hard,13,1
3,2,hard,14,0
3,2,hard,15,0
3,2,hard,16,1
3,2,hard,17,0
3,2,hard,18,1
3,2,hard,19,1
3,2,hard,20,1
3,2,hard,21,1
3,2,hard,22,1
3,2,hard,23,0
3,2,hard,24,1
3,2,hard,25,1
3,2,hard,26,0
3,2,hard,27,0
3,2,hard,28,0
3,2,hard,29,1
3,2,hard,30,0
3,2,hard,31,1
3,2,hard,32,0
3,2,hard,33,1
3,2,hard,34,1
3,2,hard,35,0
3,2,hard,36,0
3,2,hard,37,0
3,2,hard,38,0
3,2,hard,39,0
3,2,hard,40,1
3,2,hard,41,1
3,2,hard,42,1
3,2,hard,43,0
3,2,hard,44,1
3,2,hard,45,1
3,2,hard,46,0
3,2,hard,47,0
3,2,hard,48,0
3,2,hard,49,1
3,2,hard,50,1
3,2,hard,51,1
3,2,hard,52,0
3,2,hard,53,1
3,2,hard,54,0
3,2,hard,55,0
3,2,hard,56,0
3,2,hard,57,1
3,2,hard,58,1
3,2,hard,59,0
3,2,hard,60,1
3,2,hard,61,0
3,2,hard,62,1
3,2,hard,63,0
3,2,hard,64,1
3,2,hard,65,0
3,2,hard,66,0
3,2,hard,67,0
3,2,hard,68,0
3,2,hard,69,1
3,2,hard,70,0
3,2,hard,71,0
3,2,hard,72,0
3,2,hard,73,1
3,2,hard,74,0
3,2,hard,75,1
3,2,hard,76,0
3,2,hard,77,1
3,2,hard,78,0
3,2,hard,79,0
3,2,hard,80,1
3,2,hard,81,1
3,2,hard,82,0
3,2,hard,83,0
3,2,hard,84,1
3,2,hard,85,1
3,2,hard,86,1
3,2,hard,87,1
3,2,hard,88,1
3,2,hard,89,0
3,2,hard,90,0
3,2,hard,91,1
3,2,hard,92,1
3,2,hard,93,0
3,2,hard,94,0
3,2,hard,95,0
3,2,hard,96,0
3,2,hard,97,0
3,2,hard,98,1
3,2,hard,99,0
3,2,hard,100,0
3,3,standard,1,0
3,3,standard,2,1
3,3,standard,3,0
3,3,standard,4,1
3,3,standard,5,0
3,3,standard,6,1
3,3,standard,7,1
3,3,standard,8,1
3,3,standard,9,0
3,3,standard,10,0
3,3,standard,11,1
3,3,standard,12,0
3,3,standard,13,1
3,3,standard,14,1
3,3,standard,15,0
3,3,standard,16,1
3,3,standard,17,0
3,3,standard,18,1
3,3,standard,19,1
3,3,standard,20,0
3,3,standard,21,0
3,3,standard,22,1
3,3,standard,23,0
3,3,standard,24,1
3,3,standard,25,0
3,3,standard,26,1
3,3,standard,27,1
3,3,standard,28,1
3,3,standard,29,1
3,3,standard,30,0
3,3,standard,31,0
3,3,standard,32,0
3,3,standard,33,0
3,3,standard,34,0
3,3,standard,35,0
3,3,standard,36,1
3,3,standard,37,1
3,3,standard,38,0
3,3,standard,39,1
3,3,standard,40,1
3,3,standard,41,0
3,3,standard,42,0
3,3,standard,43,0
3,3,standard,44,1
3,3,standard,45,0
3,3,standard,46,0
3,3,standard,47,1
3,3,standard,48,0
3,3,standard,49,1
3,3,standard,50,1
3,3,standard,51,1
3,3,standard,52,1
3,3,standard,53,0
3,3,standard,54,1
3,3,standard,55,0
3,3,standard,56,0
3,3,standard,57,1
3,3,standard,58,1
3,3,standard,59,1
3,3,standard,60,0
3,3,standard,61,0
3,3,standard,62,0
3,3,standard,63,1
3,3,standard,64,0
3,3,standard,65,1
3,3,standard,66,0
3,3,standard,67,1
3,3,standard,68,1
3,3,standard,69,0
3,3,standard,70,1
3,3,standard,71,1
3,3,standard,72,1
3,3,standard,73,0
3,3,standard,74,0
3,3,standard,75,0
3,3,standard,76,0
3,3,standard,77,0
3,3,standard,78,1
3,3,standard,79,0
3,3,standard,80,0
3,3,standard,81,1
3,3,standard,82,1
3,3,standard,83,1
3,3,standard,84,1
3,3,standard,85,1
3,3,standard,86,0
3,3,standard,87,0
3,3,standard,88,0
3,3,standard,89,1
3,3,standard,90,1
3,3,standard,91,1
3,3,standard,92,1
3,3,standard,93,1
3,3,standard,94,1
3,3,standard,95,1
3,3,standard,96,0
3,3,standard,97,0
3,3,standard,98,0
3,3,standard,99,1
3,3,standard,100,1
3,3,hard,1,0
3,3,hard,2,0
3,3,hard,3,0
3,3,hard,4,0
3,3,hard,5,1
3,3,hard,6,0
3,3,hard,7,0
3,3,hard,8,0
3,3,hard,9,0
3,3,hard,10,0
3,3,hard,11,1
3,3,hard,12,0
3,3,hard,13,0
3,3,hard,14,1
3,3,hard,15,0
3,3,hard,16,0
3,3,hard,17,1
3,3,hard,18,0
3,3,hard,19,0
3,3,hard,20,0
3,3,hard,21,0
3,3,hard,22,0
3,3,hard,23,1
3,3,hard,24,1
3,3,hard,25,0
3,3,hard,26,1
3,3,hard,27,1
3,3,hard,28,0
3,3,hard,29,0
3,3,hard,30,0
3,3,hard,31,0
3,3,hard,32,0
3,3,hard,33,0
3,3,hard,34,0
3,3,hard,35,0
3,3,hard,36,0
3,3,hard,37,0
3,3,hard,38,1
3,3,hard,39,1
3,3,hard,40,0
3,3,hard,41,0
3,3,hard,42,0
3,3,hard,43,0
3,3,hard,44,0
3,3,hard,45,0
3,3,hard,46,0
3,3,hard,47,1
3,3,hard,48,0
3,3,hard,49,1
3,3,hard,50,0
3,3,hard,51,0
3,3,hard,52,1
3,3,hard,53,1
3,3,hard,54,0
3,3,hard,55,0
3,3,hard,56,0
3,3,hard,57,0
3,3,hard,58,0
3,3,hard,59,0
3,3,hard,60,0
3,3,hard,61,0
3,3,hard,62,0
3,3,hard,63,1
3,3,hard,64,0
3,3,hard,65,0
3,3,hard,66,0
3,3,hard,67,0
3,3,hard,68,1
3,3,hard,69,0
3,3,hard,70,1
3,3,hard,71,1
3,3,hard,72,0
3,3,hard,73,1
3,3,hard,74,0
3,3,hard,75,1
3,3,hard,76,0
3,3,hard,77,1
3,3,hard,78,1
3,3,hard,79,0
3,3,hard,80,0
3,3,hard,81,1
3,3,hard,82,0
3,3,hard,83,0
3,3,hard,84,0
3,3,hard,85,0
3,3,hard,86,0
3,3,hard,87,0
3,3,hard,88,1
3,3,hard,89,1
3,3,hard,90,0
3,3,hard,91,1
3,3,hard,92,0
3,3,hard,93,0
3,3,hard,94,0
3,3,hard,95,0
3,3,hard,96,0
3,3,hard,97,1
3,3,hard,98,0
3,3,hard,99,0
3,3,hard,100,1
3,4,standard,1,0
3,4,standard,2,1
3,4,standard,3,0
3,4,standard,4,1
3,4,standard,5,0
3,4,standard,6,0
3,4,standard,7,0
3,4,standard,8,1
3,4,standard,9,1
3,4,standard,10,1
3,4,standard,11,1
3,4,standard,12,0
3,4,standard,13,0
3,4,standard,14,0
3,4,standard,15,1
3,4,standard,16,0
3,4,standard,17,1
3,4,standard,18,0
3,4,standard,19,1
3,4,standard,20,0
3,4,standard,21,1
3,4,standard,22,1
3,4,standard,23,1
3,4,standard,24,1
3,4,standard,25,1
3,4,standard,26,1
3,4,standard,27,0
3,4,standard,28,0
3,4,standard,29,1
3,4,standard,30,1
3,4,standard,31,1
3,4,standard,32,1
3,4,standard,33,0
3,4,standard,34,1
3,4,standard,35,1
3,4,standard,36,0
3,4,standard,37,0
3,4,standard,38,0
3,4,standard,39,1
3,4,standard,40,0
3,4,standard,41,1
3,4,standard,42,1
3,4,standard,43,1
3,4,standard,44,0
3,4,standard,45,1
3,4,standard,46,1
3,4,standard,47,0
3,4,standard,48,0
3,4,standard,49,1
3,4,standard,50,1
3,4,standard,51,1
3,4,standard,52,1
3,4,standard,53,1
3,4,standard,54,1
3,4,standard,55,1
3,4,standard,56,1
3,4,standard,57,0
3,4,standard,58,0
3,4,standard,59,0
3,4,standard,60,0
3,4,standard,61,0
3,4,standard,62,1
3,4,standard,63,0
3,4,standard,64,1
3,4,standard,65,1
3,4,standard,66,1
3,4,standard,67,1
3,4,standard,68,1
3,4,standard,69,1
3,4,standard,70,0
3,4,standard,71,1
3,4,standard,72,0
3,4,standard,73,0
3,4,standard,74,1
3,4,standard,75,1
3,4,standard,76,1
3,4,standard,77,0
3,4,standard,78,1
3,4,standard,79,1
3,4,standard,80,1
3,4,standard,81,1
3,4,standard,82,0
3,4,standard,83,0
3,4,standard,84,0
3,4,standard,85,1
3,4,standard,86,1
3,4,standard,87,1
3,4,standard,88,1
3,4,standard,89,1
3,4,standard,90,0
3,4,standard,91,1
3,4,standard,92,1
3,4,standard,93,0
3,4,standard,94,0
3,4,standard,95,1
3,4,standard,96,1
3,4,standard,97,0
3,4,standard,98,0
3,4,standard,99,0
3,4,standard,100,1
3,4,hard,1,0
3,4,hard,2,0
3,4,hard,3,1
3,4,hard,4,1
3,4,hard,5,0
3,4,hard,6,0
3,4,hard,7,0
3,4,hard,8,0
3,4,hard,9,0
3,4,hard,10,1
3,4,hard,11,1
3,4,hard,12,0
3,4,hard,13,0
3,4,hard,14,1
3,4,hard,15,1
3,4,hard,16,1
3,4,hard,17,0
3,4,hard,18,0
3,4,hard,19,1
3,4,hard,20,0
3,4,hard,21,1
3,4,hard,22,1
3,4,hard,23,0
3,4,hard,24,1
3,4,hard,25,1
3,4,hard,26,1
3,4,hard,27,0
3,4,hard,28,0
3,4,hard,29,0
3,4,hard,30,0
3,4,hard,31,1
3,4,hard,32,1
3,4,hard,33,0
3,4,hard,34,1
3,4,hard,35,1
3,4,hard,36,1
3,4,hard,37,0
3,4,hard,38,0
3,4,hard,39,0
3,4,hard,40,1
3,4,hard,41,0
3,4,hard,42,1
3,4,hard,43,1
3,4,hard,44,1
3,4,hard,45,0
3,4,hard,46,0
3,4,hard,47,1
3,4,hard,48,1
3,4,hard,49,0
3,4,hard,50,1
3,4,hard,51,0
3,4,hard,52,0
3,4,hard,53,0
3,4,hard,54,0
3,4,hard,55,1
3,4,hard,56,1
3,4,hard,57,1
3,4,hard,58,1
3,4,hard,59,1
3,4,hard,60,0
3,4,hard,61,0
3,4,hard,62,1
3,4,hard,63,1
3,4,hard,64,0
3,4,hard,65,0
3,4,hard,66,0
3,4,hard,67,0
3,4,hard,68,0
3,4,hard,69,0
3,4,hard,70,0
3,4,hard,71,0
3,4,hard,72,0
3,4,hard,73,0
3,4,hard,74,0
3,4,hard,75,1
3,4,hard,76,1
3,4,hard,77,0
3,4,hard,78,0
3,4,hard,79,0
3,4,hard,80,1
3,4,hard,81,0
3,4,hard,82,1
3,4,hard,83,1
3,4,hard,84,1
3,4,hard,85,1
3,4,hard,86,1
3,4,hard,87,0
3,4,hard,88,1
3,4,hard,89,0
3,4,hard,90,0
3,4,hard,91,1
3,4,hard,92,0
3,4,hard,93,0
3,4,hard,94,0
3,4,hard,95,0
3,4,hard,96,0
3,4,hard,97,0
3,4,hard,98,1
3,4,hard,99,0
3,4,hard,100,1
3,5,standard,1,0
3,5,standard,2,0
3,5,standard,3,1
3,5,standard,4,1
3,5,standard,5,1
3,5,standard,6,1
3,5,standard,7,1
3,5,standard,8,0
3,5,standard,9,1
3,5,standard,10,0
3,5,standard,11,0
3,5,standard,12,0
3,5,standard,13,0
3,5,standard,14,0
3,5,standard,15,1
3,5,standard,16,1
3,5,standard,17,1
3,5,standard,18,0
3,5,standard,19,0
3,5,standard,20,0
3,5,standard,21,0
3,5,standard,22,1
3,5,standard,23,1
3,5,standard,24,0
3,5,standard,25,0
3,5,standard,26,1
3,5,standard,27,0
3,5,standard,28,0
3,5,standard,29,0
3,5,standard,30,0
3,5,standard,31,1
3,5,standard,32,1
3,5,standard,33,1
3,5,standard,34,0
3,5,standard,35,0
3,5,standard,36,0
3,5,standard,37,1
3,5,standard,38,1
3,5,standard,39,1
3,5,standard,40,0
3,5,standard,41,1
3,5,standard,42,1
3,5,standard,43,1
3,5,standard,44,1
3,5,standard,45,0
3,5,standard,46,0
3,5,standard,47,1
3,5,standard,48,0
3,5,standard,49,1
3,5,standard,50,0
3,5,standard,51,1
3,5,standard,52,0
3,5,standard,53,1
3,5,standard,54,1
3,5,standard,55,1
3,5,standard,56,0
3,5,standard,57,0
3,5,standard,58,1
3,5,standard,59,1
3,5,standard,60,1
3,5,standard,61,0
3,5,standard,62,1
3,5,standard,63,1
3,5,standard,64,0
3,5,standard,65,1
3,5,standard,66,0
3,5,standard,67,0
3,5,standard,68,0
3,5,standard,69,1
3,5,standard,70,0
3,5,standard,71,1
3,5,standard,72,1
3,5,standard,73,1
3,5,standard,74,1
3,5,standard,75,1
3,5,standard,76,0
3,5,standard,77,1
3,5,standard,78,0
3,5,standard,79,1
3,5,standard,80,0
3,5,standard,81,0
3,5,standard,82,1
3,5,standard,83,1
3,5,standard,84,0
3,5,standard,85,0
3,5,standard,86,1
3,5,standard,87,0
3,5,standard,88,1
3,5,standard,89,1
3,5,standard,90,1
3,5,standard,91,1
3,5,standard,92,1
3,5,standard,93,1
3,5,standard,94,1
3,5,standard,95,1
3,5,standard,96,0
3,5,standard,97,0
3,5,standard,98,1
3,5,standard,99,1
3,5,standard,100,1
3,5,hard,1,1
3,5,hard,2,0
3,5,hard,3,1
3,5,hard,4,1
3,5,hard,5,1
3,5,hard,6,1
3,5,hard,7,0
3,5,hard,8,1
3,5,hard,9,0
3,5,hard,10,0
3,5,hard,11,1
3,5,hard,12,0
3,5,hard,13,1
3,5,hard,14,1
3,5,hard,15,0
3,5,hard,16,0
3,5,hard,17,0
3,5,hard,18,0
3,5,hard,19,1
3,5,hard,20,0
3,5,hard,21,1
3,5,hard,22,0
3,5,hard,23,0
3,5,hard,24,1
3,5,hard,25,0
3,5,hard,26,0
3,5,hard,27,0
3,5,hard,28,0
3,5,hard,29,1
3,5,hard,30,0
3,5,hard,31,1
3,5,hard,32,0
3,5,hard,33,0
3,5,hard,34,0
3,5,hard,35,0
3,5,hard,36,0
3,5,hard,37,0
3,5,hard,38,0
3,5,hard,39,0
3,5,hard,40,1
3,5,hard,41,1
3,5,hard,42,0
3,5,hard,43,0
3,5,hard,44,1
3,5,hard,45,1
3,5,hard,46,1
3,5,hard,47,1
3,5,hard,48,0
3,5,hard,49,1
3,5,hard,50,1
3,5,hard,51,1
3,5,hard,52,0
3,5,hard,53,0
3,5,hard,54,0
3,5,hard,55,1
3,5,hard,56,1
3,5,hard,57,1
3,5,hard,58,0
3,5,hard,59,0
3,5,hard,60,1
3,5,hard,61,1
3,5,hard,62,1
3,5,hard,63,0
3,5,hard,64,0
3,5,hard,65,0
3,5,hard,66,0
3,5,hard,67,0
3,5,hard,68,0
3,5,hard,69,1
3,5,hard,70,0
3,5,hard,71,1
3,5,hard,72,1
3,5,hard,73,1
3,5,hard,74,1
3,5,hard,75,0
3,5,hard,76,0
3,5,hard,77,0
3,5,hard,78,1
3,5,hard,79,1
3,5,hard,80,1
3,5,hard,81,1
3,5,hard,82,0
3,5,hard,83,0
3,5,hard,84,0
3,5,hard,85,1
3,5,hard,86,1
3,5,hard,87,0
3,5,hard,88,0
3,5,hard,89,1
3,5,hard,90,0
3,5,hard,91,1
3,5,hard,92,0
3,5,hard,93,1
3,5,hard,94,0
3,5,hard,95,1
3,5,hard,96,1
3,5,hard,97,0
3,5,hard,98,1
3,5,hard,99,1
3,5,hard,100,1
4,1,standard,1,1
4,1,standard,2,0
4,1,standard,3,1
4,1,standard,4,0
4,1,standard,5,1
4,1,standard,6,1
4,1,standard,7,1
4,1,standard,8,0
4,1,standard,9,0
4,1,standard,10,1
4,1,standard,11,1
4,1,standard,12,1
4,1,standard,13,1
4,1,standard,14,1
4,1,standard,15,1
4,1,standard,16,0
4,1,standard,17,1
4,1,standard,18,1
4,1,standard,19,0
4,1,standard,20,1
4,1,standard,21,1
4,1,standard,22,1
4,1,standard,23,0
4,1,standard,24,0
4,1,standard,25,0
4,1,standard,26,0
4,1,standard,27,1
4,1,standard,28,0
4,1,standard,29,1
4,1,standard,30,1
4,1,standard,31,1
4,1,standard,32,0
4,1,standard,33,0
4,1,standard,34,1
4,1,standard,35,1
4,1,standard,36,1
4,1,standard,37,1
4,1,standard,38,1
4,1,standard,39,1
4,1,standard,40,1
4,1,standard,41,1
4,1,standard,42,0
4,1,standard,43,1
4,1,standard,44,1
4,1,standard,45,1
4,1,standard,46,1
4,1,standard,47,1
4,1,standard,48,1
4,1,standard,49,1
4,1,standard,50,1
4,1,standard,51,1
4,1,standard,52,1
4,1,standard,53,0
4,1,standard,54,1
4,1,standard,55,1
4,1,standard,56,1
4,1,standard,57,1
4,1,standard,58,1
4,1,standard,59,1
4,1,standard,60,0
4,1,standard,61,1
4,1,standard,62,0
4,1,standard,63,1
4,1,standard,64,0
4,1,standard,65,0
4,1,standard,66,1
4,1,standard,67,1
4,1,standard,68,1
4,1,standard,69,1
4,1,standard,70,1
4,1,standard,71,1
4,1,standard,72,1
4,1,standard,73,1
4,1,standard,74,1
4,1,standard,75,1
4,1,standard,76,1
4,1,standard,77,1
4,1,standard,78,1
4,1,standard,79,1
4,1,standard,80,1
4,1,standard,81,1
4,1,standard,82,1
4,1,standard,83,1
4,1,standard,84,0
4,1,standard,85,1
4,1,standard,86,1
4,1,standard,87,1
4,1,standard,88,0
4,1,standard,89,1
4,1,standard,90,1
4,1,standard,91,1
4,1,standard,92,1
4,1,standard,93,1
4,1,standard,94,1
4,1,standard,95,1
4,1,standard,96,0
4,1,standard,97,0
4,1,standard,98,0
4,1,standard,99,1
4,1,standard,100,1
4,1,hard,1,1
4,1,hard,2,0
4,1,hard,3,1
4,1,hard,4,1
4,1,hard,5,0
4,1,hard,6,0
4,1,hard,7,1
4,1,hard,8,1
4,1,hard,9,1
4,1,hard,10,1
4,1,hard,11,0
4,1,hard,12,0
4,1,hard,13,0
4,1,hard,14,1
4,1,hard,15,0
4,1,hard,16,0
4,1,hard,17,0
4,1,hard,18,1
4,1,hard,19,1
4,1,hard,20,0
4,1,hard,21,0
4,1,hard,22,0
4,1,hard,23,0
4,1,hard,24,1
4,1,hard,25,0
4,1,hard,26,0
4,1,hard,27,1
4,1,hard,28,0
4,1,hard,29,0
4,1,hard,30,0
4,1,hard,31,1
4,1,hard,32,1
4,1,hard,33,1
4,1,hard,34,0
4,1,hard,35,0
4,1,hard,36,0
4,1,hard,37,0
4,1,hard,38,0
4,1,hard,39,1
4,1,hard,40,1
4,1,hard,41,0
4,1,hard,42,1
4,1,hard,43,1
4,1,hard,44,1
4,1,hard,45,0
4,1,hard,46,1
4,1,hard,47,0
4,1,hard,48,1
4,1,hard,49,0
4,1,hard,50,0
4,1,hard,51,1
4,1,hard,52,1
4,1,hard,53,0
4,1,hard,54,1
4,1,hard,55,0
4,1,hard,56,0
4,1,hard,57,0
4,1,hard,58,0
4,1,hard,59,1
4,1,hard,60,1
4,1,hard,61,0
4,1,hard,62,1
4,1,hard,63,1
4,1,hard,64,0
4,1,hard,65,1
4,1,hard,66,0
4,1,hard,67,0
4,1,hard,68,1
4,1,hard,69,0
4,1,hard,70,1
4,1,hard,71,0
4,1,hard,72,1
4,1,hard,73,0
4,1,hard,74,1
4,1,hard,75,1
4,1,hard,76,1
4,1,hard,77,1
4,1,hard,78,0
4,1,hard,79,1
4,1,hard,80,0
4,1,hard,81,0
4,1,hard,82,0
4,1,hard,83,1
4,1,hard,84,1
4,1,hard,85,1
4,1,hard,86,0
4,1,hard,87,1
4,1,hard,88,0
4,1,hard,89,1
4,1,hard,90,1
4,1,hard,91,0
4,1,hard,92,0
4,1,hard,93,0
4,1,hard,94,0
4,1,hard,95,0
4,1,hard,96,1
4,1,hard,97,0
4,1,hard,98,0
4,1,hard,99,1
4,1,hard,100,0
4,2,standard,1,1
4,2,standard,2,1
4,2,standard,3,1
4,2,standard,4,0
4,2,standard,5,1
4,2,standard,6,0
4,2,standard,7,1
4,2,standard,8,1
4,2,standard,9,1
4,2,standard,10,1
4,2,standard,11,1
4,2,standard,12,1
4,2,standard,13,0
4,2,standard,14,1
4,2,standard,15,0
4,2,standard,16,1
4,2,standard,17,1
4,2,standard,18,0
4,2,standard,19,1
4,2,standard,20,1
4,2,standard,21,1
4,2,standard,22,0
4,2,standard,23,1
4,2,standard,24,1
4,2,standard,25,1
4,2,standard,26,0
4,2,standard,27,0
4,2,standard,28,0
4,2,standard,29,0
4,2,standard,30,1
4,2,standard,31,0
4,2,standard,32,1
4,2,standard,33,1
4,2,standard,34,1
4,2,standard,35,1
4,2,standard,36,1
4,2,standard,37,1
4,2,standard,38,0
4,2,standard,39,1
4,2,standard,40,1
4,2,standard,41,1
4,2,standard,42,1
4,2,standard,43,1
4,2,standard,44,1
4,2,standard,45,1
4,2,standard,46,1
4,2,standard,47,1
4,2,standard,48,0
4,2,standard,49,0
4,2,standard,50,0
4,2,standard,51,1
4,2,standard,52,1
4,2,standard,53,1
4,2,standard,54,1
4,2,standard,55,1
4,2,standard,56,1
4,2,standard,57,0
4,2,standard,58,1
4,2,standard,59,1
4,2,standard,60,1
4,2,standard,61,0
4,2,standard,62,0
4,2,standard,63,1
4,2,standard,64,0
4,2,standard,65,1
4,2,standard,66,1
4,2,standard,67,1
4,2,standard,68,1
4,2,standard,69,1
4,2,standard,70,1
4,2,standard,71,0
4,2,standard,72,1
4,2,standard,73,1
4,2,standard,74,1
4,2,standard,75,1
4,2,standard,76,0
4,2,standard,77,0
4,2,standard,78,0
4,2,standard,79,1
4,2,standard,80,0
4,2,standard,81,0
4,2,standard,82,1
4,2,standard,83,1
4,2,standard,84,1
4,2,standard,85,0
4,2,standard,86,1
4,2,standard,87,1
4,2,standard,88,1
4,2,standard,89,1
4,2,standard,90,1
4,2,standard,91,1
4,2,standard,92,0
4,2,standard,93,1
4,2,standard,94,1
4,2,standard,95,1
4,2,standard,96,0
4,2,standard,97,0
4,2,standard,98,1
4,2,standard,99,1
4,2,standard,100,0
4,2,hard,1,1
4,2,hard,2,0
4,2,hard,3,1
4,2,hard,4,1
4,2,hard,5,0
4,2,hard,6,1
4,2,hard,7,0
4,2,hard,8,1
4,2,hard,9,1
4,2,hard,10,0
4,2,hard,11,1
4,2,hard,12,0
4,2,hard,13,0
4,2,hard,14,1
4,2,hard,15,0
4,2,hard,16,1
4,2,hard,17,1
4,2,hard,18,1
4,2,hard,19,0
4,2,hard,20,1
4,2,hard,21,1
4,2,hard,22,1
4,2,hard,23,1
4,2,hard,24,0
4,2,hard,25,1
4,2,hard,26,1
4,2,hard,27,1
4,2,hard,28,1
4,2,hard,29,0
4,2,hard,30,1
4,2,hard,31,1
4,2,hard,32,1
4,2,hard,33,1
4,2,hard,34,1
4,2,hard,35,1
4,2,hard,36,1
4,2,hard,37,1
4,2,hard,38,1
4,2,hard,39,1
4,2,hard,40,1
4,2,hard,41,1
4,2,hard,42,1
4,2,hard,43,1
4,2,hard,44,1
4,2,hard,45,1
4,2,hard,46,1
4,2,hard,47,1
4,2,hard,48,0
4,2,hard,49,1
4,2,hard,50,1
4,2,hard,51,0
4,2,hard,52,0
4,2,hard,53,1
4,2,hard,54,1
4,2,hard,55,1
4,2,hard,56,1
4,2,hard,57,0
4,2,hard,58,1
4,2,hard,59,0
4,2,hard,60,1
4,2,hard,61,0
4,2,hard,62,1
4,2,hard,63,1
4,2,hard,64,1
4,2,hard,65,0
4,2,hard,66,1
4,2,hard,67,1
4,2,hard,68,0
4,2,hard,69,0
4,2,hard,70,0
4,2,hard,71,1
4,2,hard,72,1
4,2,hard,73,1
4,2,hard,74,1
4,2,hard,75,1
4,2,hard,76,0
4,2,hard,77,1
4,2,hard,78,1
4,2,hard,79,1
4,2,hard,80,0
4,2,hard,81,1
4,2,hard,82,1
4,2,hard,83,0
4,2,hard,84,1
4,2,hard,85,1
4,2,hard,86,1
4,2,hard,87,1
4,2,hard,88,0
4,2,hard,89,1
4,2,hard,90,0
4,2,hard,91,1
4,2,hard,92,1
4,2,hard,93,0
4,2,hard,94,0
4,2,hard,95,1
4,2,hard,96,1
4,2,hard,97,0
4,2,hard,98,0
4,2,hard,99,1
4,2,hard,100,1
4,3,standard,1,1
4,3,standard,2,1
4,3,standard,3,1
4,3,standard,4,1
4,3,standard,5,1
4,3,standard,6,1
4,3,standard,7,1
4,3,standard,8,1
4,3,standard,9,1
4,3,standard,10,1
4,3,standard,11,1
4,3,standard,12,1
4,3,standard,13,1
4,3,standard,14,1
4,3,standard,15,1
4,3,standard,16,1
4,3,standard,17,1
4,3,standard,18,1
4,3,standard,19,1
4,3,standard,20,1
4,3,standard,21,0
4,3,standard,22,1
4,3,standard,23,1
4,3,standard,24,1
4,3,standard,25,1
4,3,standard,26,1
4,3,standard,27,1
4,3,standard,28,1
4,3,standard,29,1
4,3,standard,30,1
4,3,standard,31,1
4,3,standard,32,1
4,3,standard,33,1
4,3,standard,34,1
4,3,standard,35,1
4,3,standard,36,1
4,3,standard,37,1
4,3,standard,38,0
4,3,standard,39,1
4,3,standard,40,1
4,3,standard,41,1
4,3,standard,42,1
4,3,standard,43,1
4,3,standard,44,1
4,3,standard,45,1
4,3,standard,46,1
4,3,standard,47,0
4,3,standard,48,1
4,3,standard,49,1
4,3,standard,50,1
4,3,standard,51,1
4,3,standard,52,1
4,3,standard,53,1
4,3,standard,54,1
4,3,standard,55,1
4,3,standard,56,1
4,3,standard,57,1
4,3,standard,58,1
4,3,standard,59,1
4,3,standard,60,1
4,3,standard,61,1
4,3,standard,62,1
4,3,standard,63,1
4,3,standard,64,1
4,3,standard,65,1
4,3,standard,66,0
4,3,standard,67,1
4,3,standard,68,1
4,3,standard,69,1
4,3,standard,70,0
4,3,standard,71,1
4,3,standard,72,1
4,3,standard,73,1
4,3,standard,74,1
4,3,standard,75,1
4,3,standard,76,0
4,3,standard,77,0
4,3,standard,78,1
4,3,standard,79,1
4,3,standard,80,0
4,3,standard,81,1
4,3,standard,82,1
4,3,standard,83,0
4,3,standard,84,1
4,3,standard,85,1
4,3,standard,86,0
4,3,standard,87,1
4,3,standard,88,1
4,3,standard,89,0
4,3,standard,90,1
4,3,standard,91,1
4,3,standard,92,1
4,3,standard,93,1
4,3,standard,94,1
4,3,standard,95,1
4,3,standard,96,1
4,3,standard,97,1
4,3,standard,98,1
4,3,standard,99,1
4,3,standard,100,1
4,3,hard,1,1
4,3,hard,2,0
4,3,hard,3,1
4,3,hard,4,0
4,3,hard,5,0
4,3,hard,6,0
4,3,hard,7,1
4,3,hard,8,1
4,3,hard,9,1
4,3,hard,10,0
4,3,hard,11,1
4,3,hard,12,1
4,3,hard,13,0
4,3,hard,14,1
4,3,hard,15,1
4,3,hard,16,1
4,3,hard,17,1
4,3,hard,18,1
4,3,hard,19,1
4,3,hard,20,1
4,3,hard,21,0
4,3,hard,22,0
4,3,hard,23,1
4,3,hard,24,0
4,3,hard,25,1
4,3,hard,26,1
4,3,hard,27,1
4,3,hard,28,1
4,3,hard,29,1
4,3,hard,30,1
4,3,hard,31,0
4,3,hard,32,1
4,3,hard,33,1
4,3,hard,34,1
4,3,hard,35,0
4,3,hard,36,0
4,3,hard,37,1
4,3,hard,38,0
4,3,hard,39,1
4,3,hard,40,0
4,3,hard,41,0
4,3,hard,42,1
4,3,hard,43,1
4,3,hard,44,1
4,3,hard,45,0
4,3,hard,46,1
4,3,hard,47,1
4,3,hard,48,1
4,3,hard,49,1
4,3,hard,50,0
4,3,hard,51,1
4,3,hard,52,1
4,3,hard,53,1
4,3,hard,54,0
4,3,hard,55,1
4,3,hard,56,1
4,3,hard,57,0
4,3,hard,58,0
4,3,hard,59,0
4,3,hard,60,1
4,3,hard,61,0
4,3,hard,62,1
4,3,hard,63,1
4,3,hard,64,1
4,3,hard,65,1
4,3,hard,66,0
4,3,hard,67,1
4,3,hard,68,0
4,3,hard,69,0
4,3,hard,70,1
4,3,hard,71,1
4,3,hard,72,1
4,3,hard,73,0
4,3,hard,74,0
4,3,hard,75,1
4,3,hard,76,0
4,3,hard,77,1
4,3,hard,78,1
4,3,hard,79,0
4,3,hard,80,1
4,3,hard,81,0
4,3,hard,82,0
4,3,hard,83,0
4,3,hard,84,0
4,3,hard,85,0
4,3,hard,86,1
4,3,hard,87,1
4,3,hard,88,1
4,3,hard,89,0
4,3,hard,90,0
4,3,hard,91,1
4,3,hard,92,0
4,3,hard,93,1
4,3,hard,94,1
4,3,hard,95,1
4,3,hard,96,1
4,3,hard,97,0
4,3,hard,98,1
4,3,hard,99,1
4,3,hard,100,0
4,4,standard,1,1
4,4,standard,2,1
4,4,standard,3,1
4,4,standard,4,0
4,4,standard,5,1
4,4,standard,6,1
4,4,standard,7,1
4,4,standard,8,1
4,4,standard,9,0
4,4,standard,10,1
4,4,standard,11,1
4,4,standard,12,1
4,4,standard,13,1
4,4,standard,14,1
4,4,standard,15,1
4,4,standard,16,1
4,4,standard,17,1
4,4,standard,18,1
4,4,standard,19,1
4,4,standard,20,1
4,4,standard,21,1
4,4,standard,22,0
4,4,standard,23,1
4,4,standard,24,1
4,4,standard,25,1
4,4,standard,26,1
4,4,standard,27,1
4,4,standard,28,0
4,4,standard,29,1
4,4,standard,30,1
4,4,standard,31,0
4,4,standard,32,1
4,4,standard,33,1
4,4,standard,34,1
4,4,standard,35,0
4,4,standard,36,1
4,4,standard,37,1
4,4,standard,38,0
4,4,standard,39,1
4,4,standard,40,0
4,4,standard,41,1
4,4,standard,42,1
4,4,standard,43,1
4,4,standard,44,0
4,4,standard,45,1
4,4,standard,46,1
4,4,standard,47,1
4,4,standard,48,1
4,4,standard,49,1
4,4,standard,50,1
4,4,standard,51,1
4,4,standard,52,1
4,4,standard,53,0
4,4,standard,54,0
4,4,standard,55,0
4,4,standard,56,0
4,4,standard,57,1
4,4,standard,58,1
4,4,standard,59,1
4,4,standard,60,1
4,4,standard,61,1
4,4,standard,62,1
4,4,standard,63,1
4,4,standard,64,1
4,4,standard,65,1
4,4,standard,66,1
4,4,standard,67,1
4,4,standard,68,1
4,4,standard,69,1
4,4,standard,70,1
4,4,standard,71,1
4,4,standard,72,0
4,4,standard,73,1
4,4,standard,74,1
4,4,standard,75,0
4,4,standard,76,0
4,4,standard,77,1
4,4,standard,78,1
4,4,standard,79,1
4,4,standard,80,1
4,4,standard,81,1
4,4,standard,82,1
4,4,standard,83,1
4,4,standard,84,1
4,4,standard,85,0
4,4,standard,86,0
4,4,standard,87,1
4,4,standard,88,1
4,4,standard,89,1
4,4,standard,90,0
4,4,standard,91,1
4,4,standard,92,0
4,4,standard,93,0
4,4,standard,94,1
4,4,standard,95,1
4,4,standard,96,0
4,4,standard,97,1
4,4,standard,98,0
4,4,standard,99,0
4,4,standard,100,1
4,4,hard,1,0
4,4,hard,2,1
4,4,hard,3,1
4,4,hard,4,1
4,4,hard,5,1
4,4,hard,6,0
4,4,hard,7,1
4,4,hard,8,1
4,4,hard,9,0
4,4,hard,10,1
4,4,hard,11,1
4,4,hard,12,1
4,4,hard,13,1
4,4,hard,14,1
4,4,hard,15,0
4,4,hard,16,1
4,4,hard,17,0
4,4,hard,18,1
4,4,hard,19,0
4,4,hard,20,1
4,4,hard,21,0
4,4,hard,22,0
4,4,hard,23,0
4,4,hard,24,1
4,4,hard,25,0
4,4,hard,26,1
4,4,hard,27,1
4,4,hard,28,1
4,4,hard,29,0
4,4,hard,30,0
4,4,hard,31,1
4,4,hard,32,0
4,4,hard,33,1
4,4,hard,34,1
4,4,hard,35,0
4,4,hard,36,0
4,4,hard,37,0
4,4,hard,38,0
4,4,hard,39,0
4,4,hard,40,1
4,4,hard,41,1
4,4,hard,42,1
4,4,hard,43,0
4,4,hard,44,0
4,4,hard,45,1
4,4,hard,46,1
4,4,hard,47,1
4,4,hard,48,1
4,4,hard,49,1
4,4,hard,50,0
4,4,hard,51,1
4,4,hard,52,1
4,4,hard,53,1
4,4,hard,54,1
4,4,hard,55,1
4,4,hard,56,0
4,4,hard,57,0
4,4,hard,58,1
4,4,hard,59,0
4,4,hard,60,1
4,4,hard,61,0
4,4,hard,62,0
4,4,hard,63,0
4,4,hard,64,0
4,4,hard,65,1
4,4,hard,66,0
4,4,hard,67,0
4,4,hard,68,1
4,4,hard,69,0
4,4,hard,70,1
4,4,hard,71,1
4,4,hard,72,1
4,4,hard,73,1
4,4,hard,74,1
4,4,hard,75,0
4,4,hard,76,0
4,4,hard,77,1
4,4,hard,78,1
4,4,hard,79,1
4,4,hard,80,0
4,4,hard,81,0
4,4,hard,82,0
4,4,hard,83,0
4,4,hard,84,1
4,4,hard,85,0
4,4,hard,86,0
4,4,hard,87,0
4,4,hard,88,0
4,4,hard,89,1
4,4,hard,90,1
4,4,hard,91,0
4,4,hard,92,1
4,4,hard,93,1
4,4,hard,94,0
4,4,hard,95,1
4,4,hard,96,1
4,4,hard,97,1
4,4,hard,98,1
4,4,hard,99,1
4,4,hard,100,0
4,5,standard,1,1
4,5,standard,2,1
4,5,standard,3,1
4,5,standard,4,1
4,5,standard,5,0
4,5,standard,6,0
4,5,standard,7,1
4,5,standard,8,0
4,5,standard,9,0
4,5,standard,10,0
4,5,standard,11,1
4,5,standard,12,1
4,5,standard,13,1
4,5,standard,14,1
4,5,standard,15,1
4,5,standard,16,0
4,5,standard,17,1
4,5,standard,18,1
4,5,standard,19,0
4,5,standard,20,1
4,5,standard,21,1
4,5,standard,22,0
4,5,standard,23,1
4,5,standard,24,1
4,5,standard,25,1
4,5,standard,26,0
4,5,standard,27,1
4,5,standard,28,1
4,5,standard,29,1
4,5,standard,30,1
4,5,standard,31,1
4,5,standard,32,0
4,5,standard,33,1
4,5,standard,34,1
4,5,standard,35,1
4,5,standard,36,0
4,5,standard,37,1
4,5,standard,38,0
4,5,standard,39,0
4,5,standard,40,1
4,5,standard,41,1
4,5,standard,42,1
4,5,standard,43,0
4,5,standard,44,1
4,5,standard,45,1
4,5,standard,46,1
4,5,standard,47,1
4,5,standard,48,1
4,5,standard,49,1
4,5,standard,50,0
4,5,standard,51,0
4,5,standard,52,0
4,5,standard,53,0
4,5,standard,54,1
4,5,standard,55,0
4,5,standard,56,1
4,5,standard,57,0
4,5,standard,58,0
4,5,standard,59,1
4,5,standard,60,0
4,5,standard,61,0
4,5,standard,62,0
4,5,standard,63,0
4,5,standard,64,1
4,5,standard,65,0
4,5,standard,66,1
4,5,standard,67,0
4,5,standard,68,1
4,5,standard,69,0
4,5,standard,70,1
4,5,standard,71,1
4,5,standard,72,1
4,5,standard,73,1
4,5,standard,74,1
4,5,standard,75,1
4,5,standard,76,1
4,5,standard,77,1
4,5,standard,78,1
4,5,standard,79,0
4,5,standard,80,0
4,5,standard,81,0
4,5,standard,82,1
4,5,standard,83,1
4,5,standard,84,1
4,5,standard,85,0
4,5,standard,86,0
4,5,standard,87,1
4,5,standard,88,0
4,5,standard,89,0
4,5,standard,90,1
4,5,standard,91,1
4,5,standard,92,1
4,5,standard,93,1
4,5,standard,94,0
4,5,standard,95,1
4,5,standard,96,1
4,5,standard,97,0
4,5,standard,98,1
4,5,standard,99,1
4,5,standard,100,1
4,5,hard,1,1
4,5,hard,2,1
4,5,hard,3,1
4,5,hard,4,1
4,5,hard,5,1
4,5,hard,6,0
4,5,hard,7,0
4,5,hard,8,1
4,5,hard,9,0
4,5,hard,10,1
4,5,hard,11,0
4,5,hard,12,1
4,5,hard,13,0
4,5,hard,14,1
4,5,hard,15,0
4,5,hard,16,1
4,5,hard,17,0
4,5,hard,18,1
4,5,hard,19,1
4,5,hard,20,1
4,5,hard,21,1
4,5,hard,22,1
4,5,hard,23,1
4,5,hard,24,1
4,5,hard,25,0
4,5,hard,26,1
4,5,hard,27,0
4,5,hard,28,1
4,5,hard,29,1
4,5,hard,30,1
4,5,hard,31,1
4,5,hard,32,1
4,5,hard,33,1
4,5,hard,34,1
4,5,hard,35,1
4,5,hard,36,0
4,5,hard,37,1
4,5,hard,38,0
4,5,hard,39,1
4,5,hard,40,0
4,5,hard,41,1
4,5,hard,42,1
4,5,hard,43,0
4,5,hard,44,1
4,5,hard,45,0
4,5,hard,46,1
4,5,hard,47,1
4,5,hard,48,1
4,5,hard,49,0
4,5,hard,50,0
4,5,hard,51,1
4,5,hard,52,1
4,5,hard,53,0
4,5,hard,54,1
4,5,hard,55,1
4,5,hard,56,1
4,5,hard,57,1
4,5,hard,58,0
4,5,hard,59,0
4,5,hard,60,1
4,5,hard,61,0
4,5,hard,62,1
4,5,hard,63,1
4,5,hard,64,1
4,5,hard,65,1
4,5,hard,66,1
4,5,hard,67,0
4,5,hard,68,1
4,5,hard,69,1
4,5,hard,70,1
4,5,hard,71,1
4,5,hard,72,1
4,5,hard,73,0
4,5,hard,74,1
4,5,hard,75,1
4,5,hard,76,1
4,5,hard,77,1
4,5,hard,78,0
4,5,hard,79,1
4,5,hard,80,1
4,5,hard,81,1
4,5,hard,82,1
4,5,hard,83,1
4,5,hard,84,1
4,5,hard,85,1
4,5,hard,86,1
4,5,hard,87,1
4,5,hard,88,1
4,5,hard,89,1
4,5,hard,90,0
4,5,hard,91,1
4,5,hard,92,1
4,5,hard,93,1
4,5,hard,94,1
4,5,hard,95,1
4,5,hard,96,1
4,5,hard,97,1
4,5,hard,98,0
4,5,hard,99,1
4,5,hard,100,0
5,1,standard,1,1
5,1,standard,2,1
5,1,standard,3,1
5,1,standard,4,1
5,1,standard,5,1
5,1,standard,6,1
5,1,standard,7,1
5,1,standard,8,1
5,1,standard,9,1
5,1,standard,10,0
5,1,standard,11,0
5,1,standard,12,1
5,1,standard,13,1
5,1,standard,14,1
5,1,standard,15,1
5,1,standard,16,1
5,1,standard,17,1
5,1,standard,18,1
5,1,standard,19,1
5,1,standard,20,0
5,1,standard,21,1
5,1,standard,22,1
5,1,standard,23,0
5,1,standard,24,0
5,1,standard,25,0
5,1,standard,26,0
5,1,standard,27,1
5,1,standard,28,1
5,1,standard,29,1
5,1,standard,30,1
5,1,standard,31,1
5,1,standard,32,1
5,1,standard,33,1
5,1,standard,34,1
5,1,standard,35,1
5,1,standard,36,1
5,1,standard,37,1
5,1,standard,38,1
5,1,standard,39,1
5,1,standard,40,1
5,1,standard,41,1
5,1,standard,42,1
5,1,standard,43,1
5,1,standard,44,0
5,1,standard,45,0
5,1,standard,46,1
5,1,standard,47,1
5,1,standard,48,1
5,1,standard,49,1
5,1,standard,50,0
5,1,standard,51,1
5,1,standard,52,1
5,1,standard,53,1
5,1,standard,54,1
5,1,standard,55,0
5,1,standard,56,1
5,1,standard,57,0
5,1,standard,58,0
5,1,standard,59,1
5,1,standard,60,1
5,1,standard,61,1
5,1,standard,62,1
5,1,standard,63,0
5,1,standard,64,0
5,1,standard,65,1
5,1,standard,66,1
5,1,standard,67,1
5,1,standard,68,1
5,1,standard,69,1
5,1,standard,70,1
5,1,standard,71,0
5,1,standard,72,1
5,1,standard,73,1
5,1,standard,74,1
5,1,standard,75,0
5,1,standard,76,0
5,1,standard,77,0
5,1,standard,78,1
5,1,standard,79,1
5,1,standard,80,1
5,1,standard,81,1
5,1,standard,82,0
5,1,standard,83,1
5,1,standard,84,0
5,1,standard,85,1
5,1,standard,86,1
5,1,standard,87,1
5,1,standard,88,1
5,1,standard,89,1
5,1,standard,90,1
5,1,standard,91,1
5,1,standard,92,1
5,1,standard,93,1
5,1,standard,94,0
5,1,standard,95,1
5,1,standard,96,1
5,1,standard,97,0
5,1,standard,98,0
5,1,standard,99,1
5,1,standard,100,0
5,1,hard,1,1
5,1,hard,2,0
5,1,hard,3,1
5,1,hard,4,0
5,1,hard,5,1
5,1,hard,6,0
5,1,hard,7,1
5,1,hard,8,0
5,1,hard,9,0
5,1,hard,10,0
5,1,hard,11,1
5,1,hard,12,0
5,1,hard,13,0
5,1,hard,14,1
5,1,hard,15,0
5,1,hard,16,1
5,1,hard,17,0
5,1,hard,18,0
5,1,hard,19,1
5,1,hard,20,0
5,1,hard,21,1
5,1,hard,22,0
5,1,hard,23,0
5,1,hard,24,1
5,1,hard,25,1
5,1,hard,26,1
5,1,hard,27,1
5,1,hard,28,1
5,1,hard,29,0
5,1,hard,30,1
5,1,hard,31,0
5,1,hard,32,1
5,1,hard,33,0
5,1,hard,34,1
5,1,hard,35,0
5,1,hard,36,1
5,1,hard,37,1
5,1,hard,38,0
5,1,hard,39,0
5,1,hard,40,1
5,1,hard,41,1
5,1,hard,42,0
5,1,hard,43,0
5,1,hard,44,1
5,1,hard,45,1
5,1,hard,46,1
5,1,hard,47,1
5,1,hard,48,1
5,1,hard,49,1
5,1,hard,50,1
5,1,hard,51,0
5,1,hard,52,0
5,1,hard,53,0
5,1,hard,54,0
5,1,hard,55,1
5,1,hard,56,1
5,1,hard,57,1
5,1,hard,58,1
5,1,hard,59,1
5,1,hard,60,0
5,1,hard,61,1
5,1,hard,62,0
5,1,hard,63,0
5,1,hard,64,1
5,1,hard,65,1
5,1,hard,66,0
5,1,hard,67,0
5,1,hard,68,1
5,1,hard,69,0
5,1,hard,70,1
5,1,hard,71,0
5,1,hard,72,0
5,1,hard,73,1
5,1,hard,74,0
5,1,hard,75,1
5,1,hard,76,0
5,1,hard,77,0
5,1,hard,78,0
5,1,hard,79,1
5,1,hard,80,0
5,1,hard,81,0
5,1,hard,82,1
5,1,hard,83,0
5,1,hard,84,0
5,1,hard,85,1
5,1,hard,86,0
5,1,hard,87,0
5,1,hard,88,1
5,1,hard,89,1
5,1,hard,90,0
5,1,hard,91,1
5,1,hard,92,1
5,1,hard,93,1
5,1,hard,94,1
5,1,hard,95,0
5,1,hard,96,1
5,1,hard,97,1
5,1,hard,98,1
5,1,hard,99,1
5,1,hard,100,1
5,2,standard,1,1
5,2,standard,2,0
5,2,standard,3,1
5,2,standard,4,1
5,2,standard,5,1
5,2,standard,6,1
5,2,standard,7,1
5,2,standard,8,1
5,2,standard,9,0
5,2,standard,10,1
5,2,standard,11,1
5,2,standard,12,1
5,2,standard,13,1
5,2,standard,14,1
5,2,standard,15,0
5,2,standard,16,1
5,2,standard,17,0
5,2,standard,18,1
5,2,standard,19,0
5,2,standard,20,1
5,2,standard,21,1
5,2,standard,22,1
5,2,standard,23,1
5,2,standard,24,0
5,2,standard,25,1
5,2,standard,26,1
5,2,standard,27,1
5,2,standard,28,0
5,2,standard,29,1
5,2,standard,30,1
5,2,standard,31,1
5,2,standard,32,1
5,2,standard,33,0
5,2,standard,34,1
5,2,standard,35,1
5,2,standard,36,1
5,2,standard,37,1
5,2,standard,38,1
5,2,standard,39,1
5,2,standard,40,1
5,2,standard,41,1
5,2,standard,42,1
5,2,standard,43,0
5,2,standard,44,1
5,2,standard,45,0
5,2,standard,46,1
5,2,standard,47,1
5,2,standard,48,1
5,2,standard,49,1
5,2,standard,50,1
5,2,standard,51,1
5,2,standard,52,1
5,2,standard,53,1
5,2,standard,54,1
5,2,standard,55,1
5,2,standard,56,1
5,2,standard,57,0
5,2,standard,58,1
5,2,standard,59,0
5,2,standard,60,0
5,2,standard,61,1
5,2,standard,62,1
5,2,standard,63,0
5,2,standard,64,1
5,2,standard,65,1
5,2,standard,66,1
5,2,standard,67,1
5,2,standard,68,1
5,2,standard,69,1
5,2,standard,70,1
5,2,standard,71,1
5,2,standard,72,1
5,2,standard,73,0
5,2,standard,74,1
5,2,standard,75,1
5,2,standard,76,1
5,2,standard,77,1
5,2,standard,78,1
5,2,standard,79,0
5,2,standard,80,1
5,2,standard,81,1
5,2,standard,82,1
5,2,standard,83,1
5,2,standard,84,1
5,2,standard,85,1
5,2,standard,86,1
5,2,standard,87,1
5,2,standard,88,1
5,2,standard,89,1
5,2,standard,90,1
5,2,standard,91,1
5,2,standard,92,1
5,2,standard,93,1
5,2,standard,94,0
5,2,standard,95,1
5,2,standard,96,1
5,2,standard,97,0
5,2,standard,98,1
5,2,standard,99,1
5,2,standard,100,1
5,2,hard,1,1
5,2,hard,2,1
5,2,hard,3,1
5,2,hard,4,0
5,2,hard,5,0
5,2,hard,6,0
5,2,hard,7,1
5,2,hard,8,1
5,2,hard,9,0
5,2,hard,10,1
5,2,hard,11,1
5,2,hard,12,1
5,2,hard,13,1
5,2,hard,14,1
5,2,hard,15,1
5,2,hard,16,1
5,2,hard,17,0
5,2,hard,18,1
5,2,hard,19,1
5,2,hard,20,1
5,2,hard,21,1
5,2,hard,22,1
5,2,hard,23,1
5,2,hard,24,1
5,2,hard,25,1
5,2,hard,26,0
5,2,hard,27,1
5,2,hard,28,0
5,2,hard,29,1
5,2,hard,30,0
5,2,hard,31,1
5,2,hard,32,1
5,2,hard,33,1
5,2,hard,34,0
5,2,hard,35,1
5,2,hard,36,0
5,2,hard,37,1
5,2,hard,38,1
5,2,hard,39,0
5,2,hard,40,0
5,2,hard,41,1
5,2,hard,42,0
5,2,hard,43,0
5,2,hard,44,1
5,2,hard,45,1
5,2,hard,46,1
5,2,hard,47,1
5,2,hard,48,1
5,2,hard,49,1
5,2,hard,50,0
5,2,hard,51,0
5,2,hard,52,1
5,2,hard,53,0
5,2,hard,54,0
5,2,hard,55,1
5,2,hard,56,1
5,2,hard,57,1
5,2,hard,58,1
5,2,hard,59,1
5,2,hard,60,1
5,2,hard,61,1
5,2,hard,62,0
5,2,hard,63,1
5,2,hard,64,1
5,2,hard,65,1
5,2,hard,66,0
5,2,hard,67,0
5,2,hard,68,1
5,2,hard,69,1
5,2,hard,70,1
5,2,hard,71,0
5,2,hard,72,1
5,2,hard,73,0
5,2,hard,74,1
5,2,hard,75,0
5,2,hard,76,1
5,2,hard,77,1
5,2,hard,78,1
5,2,hard,79,1
5,2,hard,80,1
5,2,hard,81,1
5,2,hard,82,1
5,2,hard,83,1
5,2,hard,84,1
5,2,hard,85,0
5,2,hard,86,1
5,2,hard,87,0
5,2,hard,88,1
5,2,hard,89,1
5,2,hard,90,1
5,2,hard,91,1
5,2,hard,92,1
5,2,hard,93,1
5,2,hard,94,0
5,2,hard,95,1
5,2,hard,96,1
5,2,hard,97,1
5,2,hard,98,1
5,2,hard,99,1
5,2,hard,100,1
5,3,standard,1,0
5,3,standard,2,1
5,3,standard,3,1
5,3,standard,4,1
5,3,standard,5,1
5,3,standard,6,1
5,3,standard,7,0
5,3,standard,8,1
5,3,standard,9,0
5,3,standard,10,1
5,3,standard,11,1
5,3,standard,12,1
5,3,standard,13,1
5,3,standard,14,1
5,3,standard,15,1
5,3,standard,16,1
5,3,standard,17,0
5,3,standard,18,0
5,3,standard,19,0
5,3,standard,20,1
5,3,standard,21,0
5,3,standard,22,1
5,3,standard,23,1
5,3,standard,24,1
5,3,standard,25,0
5,3,standard,26,1
5,3,standard,27,1
5,3,standard,28,0
5,3,standard,29,1
5,3,standard,30,1
5,3,standard,31,1
5,3,standard,32,1
5,3,standard,33,1
5,3,standard,34,1
5,3,standard,35,1
5,3,standard,36,1
5,3,standard,37,1
5,3,standard,38,1
5,3,standard,39,1
5,3,standard,40,1
5,3,standard,41,0
5,3,standard,42,0
5,3,standard,43,1
5,3,standard,44,0
5,3,standard,45,1
5,3,standard,46,0
5,3,standard,47,1
5,3,standard,48,1
5,3,standard,49,1
5,3,standard,50,0
5,3,standard,51,1
5,3,standard,52,0
5,3,standard,53,1
5,3,standard,54,1
5,3,standard,55,1
5,3,standard,56,1
5,3,standard,57,1
5,3,standard,58,1
5,3,standard,59,1
5,3,standard,60,1
5,3,standard,61,1
5,3,standard,62,0
5,3,standard,63,0
5,3,standard,64,1
5,3,standard,65,1
5,3,standard,66,1
5,3,standard,67,1
5,3,standard,68,0
5,3,standard,69,1
5,3,standard,70,1
5,3,standard,71,1
5,3,standard,72,0
5,3,standard,73,1
5,3,standard,74,1
5,3,standard,75,0
5,3,standard,76,1
5,3,standard,77,1
5,3,standard,78,1
5,3,standard,79,0
5,3,standard,80,1
5,3,standard,81,1
5,3,standard,82,0
5,3,standard,83,1
5,3,standard,84,1
5,3,standard,85,1
5,3,standard,86,1
5,3,standard,87,1
5,3,standard,88,0
5,3,standard,89,1
5,3,standard,90,0
5,3,standard,91,1
5,3,standard,92,1
5,3,standard,93,0
5,3,standard,94,0
5,3,standard,95,1
5,3,standard,96,1
5,3,standard,97,1
5,3,standard,98,1
5,3,standard,99,1
5,3,standard,100,1
5,3,hard,1,0
5,3,hard,2,1
5,3,hard,3,1
5,3,hard,4,1
5,3,hard,5,1
5,3,hard,6,0
5,3,hard,7,1
5,3,hard,8,0
5,3,hard,9,0
5,3,hard,10,1
5,3,hard,11,0
5,3,hard,12,0
5,3,hard,13,0
5,3,hard,14,1
5,3,hard,15,0
5,3,hard,16,1
5,3,hard,17,1
5,3,hard,18,1
5,3,hard,19,1
5,3,hard,20,1
5,3,hard,21,1
5,3,hard,22,0
5,3,hard,23,1
5,3,hard,24,1
5,3,hard,25,1
5,3,hard,26,0
5,3,hard,27,1
5,3,hard,28,0
5,3,hard,29,1
5,3,hard,30,1
5,3,hard,31,1
5,3,hard,32,1
5,3,hard,33,0
5,3,hard,34,0
5,3,hard,35,1
5,3,hard,36,1
5,3,hard,37,0
5,3,hard,38,1
5,3,hard,39,1
5,3,hard,40,1
5,3,hard,41,1
5,3,hard,42,1
5,3,hard,43,1
5,3,hard,44,1
5,3,hard,45,1
5,3,hard,46,1
5,3,hard,47,1
5,3,hard,48,1
5,3,hard,49,1
5,3,hard,50,0
5,3,hard,51,0
5,3,hard,52,0
5,3,hard,53,1
5,3,hard,54,1
5,3,hard,55,1
5,3,hard,56,1
5,3,hard,57,1
5,3,hard,58,0
5,3,hard,59,1
5,3,hard,60,1
5,3,hard,61,1
5,3,hard,62,1
5,3,hard,63,0
5,3,hard,64,1
5,3,hard,65,1
5,3,hard,66,0
5,3,hard,67,0
5,3,hard,68,1
5,3,hard,69,0
5,3,hard,70,1
5,3,hard,71,0
5,3,hard,72,0
5,3,hard,73,1
5,3,hard,74,1
5,3,hard,75,1
5,3,hard,76,1
5,3,hard,77,1
5,3,hard,78,1
5,3,hard,79,1
5,3,hard,80,1
5,3,hard,81,1
5,3,hard,82,0
5,3,hard,83,1
5,3,hard,84,1
5,3,hard,85,0
5,3,hard,86,1
5,3,hard,87,1
5,3,hard,88,1
5,3,hard,89,1
5,3,hard,90,1
5,3,hard,91,1
5,3,hard,92,1
5,3,hard,93,1
5,3,hard,94,1
5,3,hard,95,0
5,3,hard,96,1
5,3,hard,97,0
5,3,hard,98,1
5,3,hard,99,0
5,3,hard,100,0
5,4,standard,1,1
5,4,standard,2,1
5,4,standard,3,1
5,4,standard,4,0
5,4,standard,5,1
5,4,standard,6,1
5,4,standard,7,1
5,4,standard,8,1
5,4,standard,9,1
5,4,standard,10,1
5,4,standard,11,1
5,4,standard,12,1
5,4,standard,13,1
5,4,standard,14,1
5,4,standard,15,1
5,4,standard,16,1
5,4,standard,17,0
5,4,standard,18,1
5,4,standard,19,1
5,4,standard,20,0
5,4,standard,21,1
5,4,standard,22,1
5,4,standard,23,1
5,4,standard,24,1
5,4,standard,25,0
5,4,standard,26,1
5,4,standard,27,1
5,4,standard,28,1
5,4,standard,29,1
5,4,standard,30,1
5,4,standard,31,1
5,4,standard,32,1
5,4,standard,33,1
5,4,standard,34,1
5,4,standard,35,1
5,4,standard,36,1
5,4,standard,37,1
5,4,standard,38,1
5,4,standard,39,1
5,4,standard,40,1
5,4,standard,41,1
5,4,standard,42,1
5,4,standard,43,1
5,4,standard,44,1
5,4,standard,45,0
5,4,standard,46,1
5,4,standard,47,1
5,4,standard,48,1
5,4,standard,49,1
5,4,standard,50,1
5,4,standard,51,1
5,4,standard,52,1
5,4,standard,53,1
5,4,standard,54,1
5,4,standard,55,1
5,4,standard,56,1
5,4,standard,57,1
5,4,standard,58,1
5,4,standard,59,1
5,4,standard,60,1
5,4,standard,61,1
5,4,standard,62,1
5,4,standard,63,1
5,4,standard,64,0
5,4,standard,65,1
5,4,standard,66,1
5,4,standard,67,1
5,4,standard,68,1
5,4,standard,69,1
5,4,standard,70,0
5,4,standard,71,1
5,4,standard,72,1
5,4,standard,73,1
5,4,standard,74,1
5,4,standard,75,1
5,4,standard,76,1
5,4,standard,77,0
5,4,standard,78,1
5,4,standard,79,1
5,4,standard,80,1
5,4,standard,81,1
5,4,standard,82,1
5,4,standard,83,1
5,4,standard,84,1
5,4,standard,85,1
5,4,standard,86,1
5,4,standard,87,1
5,4,standard,88,1
5,4,standard,89,1
5,4,standard,90,1
5,4,standard,91,1
5,4,standard,92,1
5,4,standard,93,1
5,4,standard,94,1
5,4,standard,95,1
5,4,standard,96,1
5,4,standard,97,1
5,4,standard,98,1
5,4,standard,99,1
5,4,standard,100,1
5,4,hard,1,0
5,4,hard,2,0
5,4,hard,3,1
5,4,hard,4,0
5,4,hard,5,0
5,4,hard,6,0
5,4,hard,7,1
5,4,hard,8,0
5,4,hard,9,0
5,4,hard,10,1
5,4,hard,11,0
5,4,hard,12,0
5,4,hard,13,1
5,4,hard,14,1
5,4,hard,15,1
5,4,hard,16,1
5,4,hard,17,1
5,4,hard,18,1
5,4,hard,19,1
5,4,hard,20,0
5,4,hard,21,0
5,4,hard,22,1
5,4,hard,23,0
5,4,hard,24,0
5,4,hard,25,1
5,4,hard,26,0
5,4,hard,27,1
5,4,hard,28,1
5,4,hard,29,0
5,4,hard,30,0
5,4,hard,31,0
5,4,hard,32,1
5,4,hard,33,1
5,4,hard,34,1
5,4,hard,35,0
5,4,hard,36,1
5,4,hard,37,1
5,4,hard,38,1
5,4,hard,39,0
5,4,hard,40,1
5,4,hard,41,0
5,4,hard,42,0
5,4,hard,43,0
5,4,hard,44,1
5,4,hard,45,1
5,4,hard,46,0
5,4,hard,47,0
5,4,hard,48,0
5,4,hard,49,1
5,4,hard,50,1
5,4,hard,51,0
5,4,hard,52,0
5,4,hard,53,1
5,4,hard,54,0
5,4,hard,55,1
5,4,hard,56,0
5,4,hard,57,1
5,4,hard,58,0
5,4,hard,59,1
5,4,hard,60,0
5,4,hard,61,0
5,4,hard,62,1
5,4,hard,63,0
5,4,hard,64,1
5,4,hard,65,0
5,4,hard,66,1
5,4,hard,67,1
5,4,hard,68,1
5,4,hard,69,0
5,4,hard,70,1
5,4,hard,71,1
5,4,hard,72,1
5,4,hard,73,1
5,4,hard,74,1
5,4,hard,75,1
5,4,hard,76,0
5,4,hard,77,1
5,4,hard,78,0
5,4,hard,79,0
5,4,hard,80,1
5,4,hard,81,1
5,4,hard,82,1
5,4,hard,83,0
5,4,hard,84,1
5,4,hard,85,0
5,4,hard,86,1
5,4,hard,87,1
5,4,hard,88,0
5,4,hard,89,1
5,4,hard,90,0
5,4,hard,91,0
5,4,hard,92,1
5,4,hard,93,0
5,4,hard,94,0
5,4,hard,95,1
5,4,hard,96,1
5,4,hard,97,0
5,4,hard,98,0
5,4,hard,99,0
5,4,hard,100,1
5,5,standard,1,1
5,5,standard,2,1
5,5,standard,3,0
5,5,standard,4,1
5,5,standard,5,1
5,5,standard,6,1
5,5,standard,7,1
5,5,standard,8,1
5,5,standard,9,1
5,5,standard,10,1
5,5,standard,11,1
5,5,standard,12,1
5,5,standard,13,1
5,5,standard,14,1
5,5,standard,15,1
5,5,standard,16,1
5,5,standard,17,0
5,5,standard,18,1
5,5,standard,19,1
5,5,standard,20,0
5,5,standard,21,1
5,5,standard,22,1
5,5,standard,23,1
5,5,standard,24,1
5,5,standard,25,1
5,5,standard,26,1
5,5,standard,27,1
5,5,standard,28,1
5,5,standard,29,1
5,5,standard,30,1
5,5,standard,31,1
5,5,standard,32,1
5,5,standard,33,1
5,5,standard,34,1
5,5,standard,35,1
5,5,standard,36,1
5,5,standard,37,1
5,5,standard,38,1
5,5,standard,39,1
5,5,standard,40,1
5,5,standard,41,1
5,5,standard,42,1
5,5,standard,43,1
5,5,standard,44,1
5,5,standard,45,0
5,5,standard,46,1
5,5,standard,47,1
5,5,standard,48,1
5,5,standard,49,1
5,5,standard,50,0
5,5,standard,51,0
5,5,standard,52,1
5,5,standard,53,1
5,5,standard,54,1
5,5,standard,55,1
5,5,standard,56,1
5,5,standard,57,1
5,5,standard,58,1
5,5,standard,59,0
5,5,standard,60,1
5,5,standard,61,1
5,5,standard,62,1
5,5,standard,63,1
5,5,standard,64,1
5,5,standard,65,1
5,5,standard,66,1
5,5,standard,67,1
5,5,standard,68,1
5,5,standard,69,0
5,5,standard,70,1
5,5,standard,71,1
5,5,standard,72,1
5,5,standard,73,0
5,5,standard,74,1
5,5,standard,75,1
5,5,standard,76,1
5,5,standard,77,0
5,5,standard,78,0
5,5,standard,79,1
5,5,standard,80,1
5,5,standard,81,0
5,5,standard,82,0
5,5,standard,83,0
5,5,standard,84,0
5,5,standard,85,1
5,5,standard,86,0
5,5,standard,87,0
5,5,standard,88,0
5,5,standard,89,1
5,5,standard,90,1
5,5,standard,91,1
5,5,standard,92,1
5,5,standard,93,1
5,5,standard,94,1
5,5,standard,95,1
5,5,standard,96,1
5,5,standard,97,0
5,5,standard,98,1
5,5,standard,99,1
5,5,standard,100,1
5,5,hard,1,1
5,5,hard,2,0
5,5,hard,3,1
5,5,hard,4,0
5,5,hard,5,0
5,5,hard,6,0
5,5,hard,7,1
5,5,hard,8,1
5,5,hard,9,0
5,5,hard,10,1
5,5,hard,11,1
5,5,hard,12,1
5,5,hard,13,1
5,5,hard,14,1
5,5,hard,15,1
5,5,hard,16,1
5,5,hard,17,1
5,5,hard,18,0
5,5,hard,19,1
5,5,hard,20,0
5,5,hard,21,1
5,5,hard,22,1
5,5,hard,23,1
5,5,hard,24,0
5,5,hard,25,1
5,5,hard,26,1
5,5,hard,27,1
5,5,hard,28,1
5,5,hard,29,0
5,5,hard,30,0
5,5,hard,31,1
5,5,hard,32,0
5,5,hard,33,0
5,5,hard,34,0
5,5,hard,35,0
5,5,hard,36,1
5,5,hard,37,1
5,5,hard,38,1
5,5,hard,39,0
5,5,hard,40,1
5,5,hard,41,0
5,5,hard,42,0
5,5,hard,43,1
5,5,hard,44,0
5,5,hard,45,1
5,5,hard,46,1
5,5,hard,47,1
5,5,hard,48,0
5,5,hard,49,1
5,5,hard,50,1
5,5,hard,51,0
5,5,hard,52,1
5,5,hard,53,1
5,5,hard,54,1
5,5,hard,55,1
5,5,hard,56,1
5,5,hard,57,0
5,5,hard,58,1
5,5,hard,59,1
5,5,hard,60,0
5,5,hard,61,1
5,5,hard,62,1
5,5,hard,63,0
5,5,hard,64,0
5,5,hard,65,1
5,5,hard,66,1
5,5,hard,67,1
5,5,hard,68,0
5,5,hard,69,0
5,5,hard,70,1
5,5,hard,71,1
5,5,hard,72,1
5,5,hard,73,1
5,5,hard,74,1
5,5,hard,75,0
5,5,hard,76,1
5,5,hard,77,0
5,5,hard,78,0
5,5,hard,79,0
5,5,hard,80,0
5,5,hard,81,0
5,5,hard,82,1
5,5,hard,83,1
5,5,hard,84,0
5,5,hard,85,1
5,5,hard,86,1
5,5,hard,87,1
5,5,hard,88,0
5,5,hard,89,0
5,5,hard,90,0
5,5,hard,91,1
5,5,hard,92,0
5,5,hard,93,1
5,5,hard,94,0
5,5,hard,95,0
5,5,hard,96,0
5,5,hard,97,1
5,5,hard,98,0
5,5,hard,99,1
5,5,hard,100,0
6,1,standard,1,1
6,1,standard,2,1
6,1,standard,3,1
6,1,standard,4,1
6,1,standard,5,1
6,1,standard,6,1
6,1,standard,7,0
6,1,standard,8,1
6,1,standard,9,0
6,1,standard,10,1
6,1,standard,11,1
6,1,standard,12,1
6,1,standard,13,1
6,1,standard,14,0
6,1,standard,15,1
6,1,standard,16,1
6,1,standard,17,1
6,1,standard,18,1
6,1,standard,19,1
6,1,standard,20,1
6,1,standard,21,1
6,1,standard,22,1
6,1,standard,23,0
6,1,standard,24,1
6,1,standard,25,1
6,1,standard,26,1
6,1,standard,27,0
6,1,standard,28,1
6,1,standard,29,1
6,1,standard,30,1
6,1,standard,31,1
6,1,standard,32,1
6,1,standard,33,0
6,1,standard,34,1
6,1,standard,35,1
6,1,standard,36,1
6,1,standard,37,1
6,1,standard,38,1
6,1,standard,39,0
6,1,standard,40,1
6,1,standard,41,1
6,1,standard,42,1
6,1,standard,43,1
6,1,standard,44,1
6,1,standard,45,0
6,1,standard,46,1
6,1,standard,47,0
6,1,standard,48,1
6,1,standard,49,1
6,1,standard,50,0
6,1,standard,51,1
6,1,standard,52,1
6,1,standard,53,1
6,1,standard,54,1
6,1,standard,55,1
6,1,standard,56,0
6,1,standard,57,1
6,1,standard,58,1
6,1,standard,59,1
6,1,standard,60,1
6,1,standard,61,1
6,1,standard,62,1
6,1,standard,63,0
6,1,standard,64,0
6,1,standard,65,1
6,1,standard,66,0
6,1,standard,67,1
6,1,standard,68,0
6,1,standard,69,1
6,1,standard,70,0
6,1,standard,71,1
6,1,standard,72,1
6,1,standard,73,1
6,1,standard,74,1
6,1,standard,75,1
6,1,standard,76,1
6,1,standard,77,1
6,1,standard,78,1
6,1,standard,79,0
6,1,standard,80,1
6,1,standard,81,0
6,1,standard,82,0
6,1,standard,83,1
6,1,standard,84,1
6,1,standard,85,1
6,1,standard,86,1
6,1,standard,87,0
6,1,standard,88,1
6,1,standard,89,1
6,1,standard,90,1
6,1,standard,91,1
6,1,standard,92,0
6,1,standard,93,1
6,1,standard,94,1
6,1,standard,95,0
6,1,standard,96,1
6,1,standard,97,0
6,1,standard,98,1
6,1,standard,99,1
6,1,standard,100,1
6,1,hard,1,1
6,1,hard,2,0
6,1,hard,3,0
6,1,hard,4,1
6,1,hard,5,1
6,1,hard,6,0
6,1,hard,7,1
6,1,hard,8,0
6,1,hard,9,1
6,1,hard,10,1
6,1,hard,11,1
6,1,hard,12,0
6,1,hard,13,1
6,1,hard,14,0
6,1,hard,15,0
6,1,hard,16,1
6,1,hard,17,1
6,1,hard,18,1
6,1,hard,19,0
6,1,hard,20,1
6,1,hard,21,0
6,1,hard,22,1
6,1,hard,23,1
6,1,hard,24,0
6,1,hard,25,1
6,1,hard,26,0
6,1,hard,27,1
6,1,hard,28,1
6,1,hard,29,1
6,1,hard,30,1
6,1,hard,31,1
6,1,hard,32,1
6,1,hard,33,1
6,1,hard,34,0
6,1,hard,35,0
6,1,hard,36,0
6,1,hard,37,0
6,1,hard,38,1
6,1,hard,39,0
6,1,hard,40,1
6,1,hard,41,1
6,1,hard,42,0
6,1,hard,43,0
6,1,hard,44,0
6,1,hard,45,1
6,1,hard,46,1
6,1,hard,47,0
6,1,hard,48,1
6,1,hard,49,0
6,1,hard,50,1
6,1,hard,51,1
6,1,hard,52,1
6,1,hard,53,0
6,1,hard,54,1
6,1,hard,55,1
6,1,hard,56,1
6,1,hard,57,1
6,1,hard,58,0
6,1,hard,59,0
6,1,hard,60,1
6,1,hard,61,0
6,1,hard,62,0
6,1,hard,63,0
6,1,hard,64,0
6,1,hard,65,0
6,1,hard,66,0
6,1,hard,67,0
6,1,hard,68,0
6,1,hard,69,1
6,1,hard,70,0
6,1,hard,71,0
6,1,hard,72,1
6,1,hard,73,0
6,1,hard,74,1
6,1,hard,75,0
6,1,hard,76,1
6,1,hard,77,1
6,1,hard,78,0
6,1,hard,79,1
6,1,hard,80,0
6,1,hard,81,0
6,1,hard,82,1
6,1,hard,83,1
6,1,hard,84,1
6,1,hard,85,0
6,1,hard,86,1
6,1,hard,87,0
6,1,hard,88,1
6,1,hard,89,0
6,1,hard,90,1
6,1,hard,91,0
6,1,hard,92,0
6,1,hard,93,0
6,1,hard,94,1
6,1,hard,95,1
6,1,hard,96,0
6,1,hard,97,1
6,1,hard,98,0
6,1,hard,99,1
6,1,hard,100,0
6,2,standard,1,1
6,2,standard,2,0
6,2,standard,3,0
6,2,standard,4,1
6,2,standard,5,0
6,2,standard,6,0
6,2,standard,7,1
6,2,standard,8,1
6,2,standard,9,1
6,2,standard,10,1
6,2,standard,11,1
6,2,standard,12,1
6,2,standard,13,1
6,2,standard,14,1
6,2,standard,15,1
6,2,standard,16,1
6,2,standard,17,1
6,2,standard,18,0
6,2,standard,19,1
6,2,standard,20,0
6,2,standard,21,1
6,2,standard,22,1
6,2,standard,23,1
6,2,standard,24,1
6,2,standard,25,1
6,2,standard,26,1
6,2,standard,27,1
6,2,standard,28,1
6,2,standard,29,1
6,2,standard,30,1
6,2,standard,31,1
6,2,standard,32,1
6,2,standard,33,1
6,2,standard,34,1
6,2,standard,35,0
6,2,standard,36,1
6,2,standard,37,1
6,2,standard,38,1
6,2,standard,39,1
6,2,standard,40,1
6,2,standard,41,1
6,2,standard,42,1
6,2,standard,43,1
6,2,standard,44,1
6,2,standard,45,1
6,2,standard,46,1
6,2,standard,47,1
6,2,standard,48,0
6,2,standard,49,0
6,2,standard,50,1
6,2,standard,51,0
6,2,standard,52,0
6,2,standard,53,1
6,2,standard,54,1
6,2,standard,55,0
6,2,standard,56,0
6,2,standard,57,1
6,2,standard,58,1
6,2,standard,59,1
6,2,standard,60,0
6,2,standard,61,1
6,2,standard,62,1
6,2,standard,63,1
6,2,standard,64,1
6,2,standard,65,1
6,2,standard,66,1
6,2,standard,67,1
6,2,standard,68,1
6,2,standard,69,1
6,2,standard,70,1
6,2,standard,71,1
6,2,standard,72,1
6,2,standard,73,1
6,2,standard,74,1
6,2,standard,75,1
6,2,standard,76,1
6,2,standard,77,1
6,2,standard,78,0
6,2,standard,79,1
6,2,standard,80,1
6,2,standard,81,1
6,2,standard,82,1
6,2,standard,83,1
6,2,standard,84,1
6,2,standard,85,1
6,2,standard,86,1
6,2,standard,87,0
6,2,standard,88,1
6,2,standard,89,0
6,2,standard,90,1
6,2,standard,91,0
6,2,standard,92,1
6,2,standard,93,1
6,2,standard,94,1
6,2,standard,95,1
6,2,standard,96,0
6,2,standard,97,0
6,2,standard,98,0
6,2,standard,99,1
6,2,standard,100,0
6,2,hard,1,0
6,2,hard,2,1
6,2,hard,3,1
6,2,hard,4,0
6,2,hard,5,1
6,2,hard,6,1
6,2,hard,7,0
6,2,hard,8,0
6,2,hard,9,0
6,2,hard,10,1
6,2,hard,11,1
6,2,hard,12,1
6,2,hard,13,1
6,2,hard,14,0
6,2,hard,15,0
6,2,hard,16,1
6,2,hard,17,1
6,2,hard,18,1
6,2,hard,19,1
6,2,hard,20,0
6,2,hard,21,1
6,2,hard,22,1
6,2,hard,23,0
6,2,hard,24,1
6,2,hard,25,1
6,2,hard,26,1
6,2,hard,27,1
6,2,hard,28,1
6,2,hard,29,0
6,2,hard,30,0
6,2,hard,31,0
6,2,hard,32,1
6,2,hard,33,0
6,2,hard,34,0
6,2,hard,35,1
6,2,hard,36,0
6,2,hard,37,0
6,2,hard,38,1
6,2,hard,39,0
6,2,hard,40,0
6,2,hard,41,1
6,2,hard,42,1
6,2,hard,43,1
6,2,hard,44,1
6,2,hard,45,1
6,2,hard,46,1
6,2,hard,47,0
6,2,hard,48,0
6,2,hard,49,0
6,2,hard,50,1
6,2,hard,51,0
6,2,hard,52,1
6,2,hard,53,0
6,2,hard,54,1
6,2,hard,55,1
6,2,hard,56,1
6,2,hard,57,1
6,2,hard,58,1
6,2,hard,59,1
6,2,hard,60,0
6,2,hard,61,1
6,2,hard,62,0
6,2,hard,63,1
6,2,hard,64,0
6,2,hard,65,0
6,2,hard,66,1
6,2,hard,67,0
6,2,hard,68,0
6,2,hard,69,0
6,2,hard,70,1
6,2,hard,71,1
6,2,hard,72,0
6,2,hard,73,0
6,2,hard,74,1
6,2,hard,75,1
6,2,hard,76,0
6,2,hard,77,0
6,2,hard,78,0
6,2,hard,79,0
6,2,hard,80,0
6,2,hard,81,1
6,2,hard,82,1
6,2,hard,83,1
6,2,hard,84,0
6,2,hard,85,1
6,2,hard,86,0
6,2,hard,87,1
6,2,hard,88,1
6,2,hard,89,1
6,2,hard,90,1
6,2,hard,91,1
6,2,hard,92,0
6,2,hard,93,1
6,2,hard,94,1
6,2,hard,95,0
6,2,hard,96,1
6,2,hard,97,1
6,2,hard,98,0
6,2,hard,99,1
6,2,hard,100,0
6,3,standard,1,1
6,3,standard,2,1
6,3,standard,3,1
6,3,standard,4,0
6,3,standard,5,1
6,3,standard,6,1
6,3,standard,7,1
6,3,standard,8,1
6,3,standard,9,1
6,3,standard,10,1
6,3,standard,11,1
6,3,standard,12,1
6,3,standard,13,1
6,3,standard,14,0
6,3,standard,15,1
6,3,standard,16,1
6,3,standard,17,1
6,3,standard,18,1
6,3,standard,19,1
6,3,standard,20,0
6,3,standard,21,0
6,3,standard,22,1
6,3,standard,23,0
6,3,standard,24,1
6,3,standard,25,0
6,3,standard,26,1
6,3,standard,27,1
6,3,standard,28,0
6,3,standard,29,1
6,3,standard,30,1
6,3,standard,31,1
6,3,standard,32,0
6,3,standard,33,1
6,3,standard,34,0
6,3,standard,35,0
6,3,standard,36,1
6,3,standard,37,1
6,3,standard,38,1
6,3,standard,39,1
6,3,standard,40,0
6,3,standard,41,0
6,3,standard,42,1
6,3,standard,43,1
6,3,standard,44,1
6,3,standard,45,1
6,3,standard,46,1
6,3,standard,47,1
6,3,standard,48,0
6,3,standard,49,1
6,3,standard,50,0
6,3,standard,51,1
6,3,standard,52,0
6,3,standard,53,1
6,3,standard,54,0
6,3,standard,55,1
6,3,standard,56,1
6,3,standard,57,0
6,3,standard,58,1
6,3,standard,59,1
6,3,standard,60,0
6,3,standard,61,0
6,3,standard,62,0
6,3,standard,63,1
6,3,standard,64,0
6,3,standard,65,1
6,3,standard,66,1
6,3,standard,67,1
6,3,standard,68,1
6,3,standard,69,0
6,3,standard,70,0
6,3,standard,71,1
6,3,standard,72,1
6,3,standard,73,1
6,3,standard,74,1
6,3,standard,75,1
6,3,standard,76,0
6,3,standard,77,0
6,3,standard,78,1
6,3,standard,79,0
6,3,standard,80,0
6,3,standard,81,1
6,3,standard,82,0
6,3,standard,83,0
6,3,standard,84,0
6,3,standard,85,0
6,3,standard,86,1
6,3,standard,87,0
6,3,standard,88,1
6,3,standard,89,0
6,3,standard,90,1
6,3,standard,91,1
6,3,standard,92,1
6,3,standard,93,1
6,3,standard,94,1
6,3,standard,95,1
6,3,standard,96,1
6,3,standard,97,1
6,3,standard,98,1
6,3,standard,99,0
6,3,standard,100,1
6,3,hard,1,1
6,3,hard,2,1
6,3,hard,3,1
6,3,hard,4,0
6,3,hard,5,0
6,3,hard,6,1
6,3,hard,7,1
6,3,hard,8,1
6,3,hard,9,0
6,3,hard,10,1
6,3,hard,11,0
6,3,hard,12,1
6,3,hard,13,1
6,3,hard,14,0
6,3,hard,15,1
6,3,hard,16,0
6,3,hard,17,0
6,3,hard,18,1
6,3,hard,19,1
6,3,hard,20,1
6,3,hard,21,1
6,3,hard,22,1
6,3,hard,23,0
6,3,hard,24,1
6,3,hard,25,1
6,3,hard,26,1
6,3,hard,27,1
6,3,hard,28,1
6,3,hard,29,0
6,3,hard,30,1
6,3,hard,31,1
6,3,hard,32,0
6,3,hard,33,0
6,3,hard,34,1
6,3,hard,35,1
6,3,hard,36,0
6,3,hard,37,0
6,3,hard,38,1
6,3,hard,39,1
6,3,hard,40,0
6,3,hard,41,1
6,3,hard,42,0
6,3,hard,43,1
6,3,hard,44,1
6,3,hard,45,1
6,3,hard,46,0
6,3,hard,47,0
6,3,hard,48,0
6,3,hard,49,0
6,3,hard,50,0
6,3,hard,51,0
6,3,hard,52,0
6,3,hard,53,0
6,3,hard,54,0
6,3,hard,55,1
6,3,hard,56,1
6,3,hard,57,0
6,3,hard,58,1
6,3,hard,59,0
6,3,hard,60,0
6,3,hard,61,1
6,3,hard,62,1
6,3,hard,63,1
6,3,hard,64,1
6,3,hard,65,1
6,3,hard,66,1
6,3,hard,67,1
6,3,hard,68,1
6,3,hard,69,1
6,3,hard,70,1
6,3,hard,71,1
6,3,hard,72,0
6,3,hard,73,1
6,3,hard,74,0
6,3,hard,75,1
6,3,hard,76,0
6,3,hard,77,1
6,3,hard,78,0
6,3,hard,79,0
6,3,hard,80,1
6,3,hard,81,1
6,3,hard,82,1
6,3,hard,83,0
6,3,hard,84,0
6,3,hard,85,1
6,3,hard,86,0
6,3,hard,87,1
6,3,hard,88,1
6,3,hard,89,1
6,3,hard,90,1
6,3,hard,91,1
6,3,hard,92,0
6,3,hard,93,1
6,3,hard,94,1
6,3,hard,95,1
6,3,hard,96,0
6,3,hard,97,1
6,3,hard,98,1
6,3,hard,99,1
6,3,hard,100,1
6,4,standard,1,1
6,4,standard,2,1
6,4,standard,3,1
6,4,standard,4,0
6,4,standard,5,0
6,4,standard,6,0
6,4,standard,7,0
6,4,standard,8,0
6,4,standard,9,0
6,4,standard,10,1
6,4,standard,11,1
6,4,standard,12,1
6,4,standard,13,1
6,4,standard,14,0
6,4,standard,15,1
6,4,standard,16,1
6,4,standard,17,0
6,4,standard,18,0
6,4,standard,19,1
6,4,standard,20,0
6,4,standard,21,0
6,4,standard,22,1
6,4,standard,23,1
6,4,standard,24,1
6,4,standard,25,1
6,4,standard,26,1
6,4,standard,27,1
6,4,standard,28,1
6,4,standard,29,0
6,4,standard,30,0
6,4,standard,31,0
6,4,standard,32,1
6,4,standard,33,1
6,4,standard,34,0
6,4,standard,35,1
6,4,standard,36,1
6,4,standard,37,0
6,4,standard,38,1
6,4,standard,39,0
6,4,standard,40,1
6,4,standard,41,1
6,4,standard,42,1
6,4,standard,43,1
6,4,standard,44,0
6,4,standard,45,1
6,4,standard,46,1
6,4,standard,47,0
6,4,standard,48,1
6,4,standard,49,1
6,4,standard,50,1
6,4,standard,51,1
6,4,standard,52,0
6,4,standard,53,1
6,4,standard,54,1
6,4,standard,55,0
6,4,standard,56,0
6,4,standard,57,1
6,4,standard,58,0
6,4,standard,59,1
6,4,standard,60,1
6,4,standard,61,1
6,4,standard,62,1
6,4,standard,63,0
6,4,standard,64,0
6,4,standard,65,0
6,4,standard,66,1
6,4,standard,67,1
6,4,standard,68,0
6,4,standard,69,1
6,4,standard,70,1
6,4,standard,71,1
6,4,standard,72,1
6,4,standard,73,1
6,4,standard,74,1
6,4,standard,75,0
6,4,standard,76,1
6,4,standard,77,0
6,4,standard,78,0
6,4,standard,79,1
6,4,standard,80,1
6,4,standard,81,1
6,4,standard,82,0
6,4,standard,83,0
6,4,standard,84,0
6,4,standard,85,1
6,4,standard,86,1
6,4,standard,87,1
6,4,standard,88,0
6,4,standard,89,0
6,4,standard,90,1
6,4,standard,91,0
6,4,standard,92,1
6,4,standard,93,1
6,4,standard,94,1
6,4,standard,95,1
6,4,standard,96,1
6,4,standard,97,1
6,4,standard,98,1
6,4,standard,99,0
6,4,standard,100,0
6,4,hard,1,0
6,4,hard,2,1
6,4,hard,3,1
6,4,hard,4,1
6,4,hard,5,1
6,4,hard,6,1
6,4,hard,7,1
6,4,hard,8,1
6,4,hard,9,0
6,4,hard,10,1
6,4,hard,11,1
6,4,hard,12,1
6,4,hard,13,1
6,4,hard,14,1
6,4,hard,15,1
6,4,hard,16,1
6,4,hard,17,0
6,4,hard,18,0
6,4,hard,19,0
6,4,hard,20,0
6,4,hard,21,1
6,4,hard,22,1
6,4,hard,23,1
6,4,hard,24,1
6,4,hard,25,1
6,4,hard,26,1
6,4,hard,27,1
6,4,hard,28,1
6,4,hard,29,1
6,4,hard,30,1
6,4,hard,31,1
6,4,hard,32,1
6,4,hard,33,0
6,4,hard,34,1
6,4,hard,35,0
6,4,hard,36,0
6,4,hard,37,1
6,4,hard,38,1
6,4,hard,39,1
6,4,hard,40,1
6,4,hard,41,1
6,4,hard,42,0
6,4,hard,43,0
6,4,hard,44,0
6,4,hard,45,1
6,4,hard,46,1
6,4,hard,47,1
6,4,hard,48,0
6,4,hard,49,1
6,4,hard,50,1
6,4,hard,51,0
6,4,hard,52,1
6,4,hard,53,1
6,4,hard,54,1
6,4,hard,55,1
6,4,hard,56,1
6,4,hard,57,1
6,4,hard,58,0
6,4,hard,59,1
6,4,hard,60,1
6,4,hard,61,1
6,4,hard,62,1
6,4,hard,63,0
6,4,hard,64,1
6,4,hard,65,0
6,4,hard,66,1
6,4,hard,67,1
6,4,hard,68,0
6,4,hard,69,1
6,4,hard,70,1
6,4,hard,71,1
6,4,hard,72,1
6,4,hard,73,1
6,4,hard,74,1
6,4,hard,75,0
6,4,hard,76,1
6,4,hard,77,1
6,4,hard,78,1
6,4,hard,79,1
6,4,hard,80,1
6,4,hard,81,1
6,4,hard,82,1
6,4,hard,83,1
6,4,hard,84,1
6,4,hard,85,1
6,4,hard,86,1
6,4,hard,87,0
6,4,hard,88,1
6,4,hard,89,1
6,4,hard,90,1
6,4,hard,91,0
6,4,hard,92,1
6,4,hard,93,0
6,4,hard,94,1
6,4,hard,95,1
6,4,hard,96,1
6,4,hard,97,1
6,4,hard,98,1
6,4,hard,99,1
6,4,hard,100,1
6,5,standard,1,1
6,5,standard,2,0
6,5,standard,3,1
6,5,standard,4,0
6,5,standard,5,0
6,5,standard,6,1
6,5,standard,7,0
6,5,standard,8,1
6,5,standard,9,1
6,5,standard,10,1
6,5,standard,11,0
6,5,standard,12,0
6,5,standard,13,0
6,5,standard,14,0
6,5,standard,15,1
6,5,standard,16,1
6,5,standard,17,1
6,5,standard,18,1
6,5,standard,19,0
6,5,standard,20,1
6,5,standard,21,1
6,5,standard,22,1
6,5,standard,23,1
6,5,standard,24,0
6,5,standard,25,0
6,5,standard,26,0
6,5,standard,27,0
6,5,standard,28,1
6,5,standard,29,1
6,5,standard,30,0
6,5,standard,31,0
6,5,standard,32,0
6,5,standard,33,1
6,5,standard,34,1
6,5,standard,35,1
6,5,standard,36,0
6,5,standard,37,1
6,5,standard,38,1
6,5,standard,39,0
6,5,standard,40,1
6,5,standard,41,0
6,5,standard,42,1
6,5,standard,43,1
6,5,standard,44,0
6,5,standard,45,0
6,5,standard,46,0
6,5,standard,47,1
6,5,standard,48,1
6,5,standard,49,0
6,5,standard,50,1
6,5,standard,51,0
6,5,standard,52,0
6,5,standard,53,1
6,5,standard,54,1
6,5,standard,55,0
6,5,standard,56,1
6,5,standard,57,0
6,5,standard,58,0
6,5,standard,59,1
6,5,standard,60,1
6,5,standard,61,1
6,5,standard,62,1
6,5,standard,63,1
6,5,standard,64,0
6,5,standard,65,1
6,5,standard,66,1
6,5,standard,67,0
6,5,standard,68,1
6,5,standard,69,0
6,5,standard,70,1
6,5,standard,71,1
6,5,standard,72,0
6,5,standard,73,0
6,5,standard,74,1
6,5,standard,75,0
6,5,standard,76,0
6,5,standard,77,1
6,5,standard,78,1
6,5,standard,79,1
6,5,standard,80,0
6,5,standard,81,0
6,5,standard,82,0
6,5,standard,83,1
6,5,standard,84,1
6,5,standard,85,0
6,5,standard,86,1
6,5,standard,87,1
6,5,standard,88,1
6,5,standard,89,1
6,5,standard,90,1
6,5,standard,91,0
6,5,standard,92,1
6,5,standard,93,0
6,5,standard,94,1
6,5,standard,95,1
6,5,standard,96,1
6,5,standard,97,1
6,5,standard,98,0
6,5,standard,99,1
6,5,standard,100,0
6,5,hard,1,0
6,5,hard,2,1
6,5,hard,3,0
6,5,hard,4,0
6,5,hard,5,0
6,5,hard,6,0
6,5,hard,7,0
6,5,hard,8,0
6,5,hard,9,0
6,5,hard,10,0
6,5,hard,11,0
6,5,hard,12,0
6,5,hard,13,1
6,5,hard,14,1
6,5,hard,15,0
6,5,hard,16,0
6,5,hard,17,1
6,5,hard,18,0
6,5,hard,19,0
6,5,hard,20,0
6,5,hard,21,1
6,5,hard,22,0
6,5,hard,23,0
6,5,hard,24,1
6,5,hard,25,0
6,5,hard,26,0
6,5,hard,27,0
6,5,hard,28,0
6,5,hard,29,0
6,5,hard,30,1
6,5,hard,31,1
6,5,hard,32,0
6,5,hard,33,0
6,5,hard,34,0
6,5,hard,35,1
6,5,hard,36,0
6,5,hard,37,1
6,5,hard,38,0
6,5,hard,39,1
6,5,hard,40,0
6,5,hard,41,0
6,5,hard,42,0
6,5,hard,43,0
6,5,hard,44,1
6,5,hard,45,0
6,5,hard,46,1
6,5,hard,47,0
6,5,hard,48,0
6,5,hard,49,0
6,5,hard,50,1
6,5,hard,51,0
6,5,hard,52,0
6,5,hard,53,1
6,5,hard,54,0
6,5,hard,55,1
6,5,hard,56,0
6,5,hard,57,0
6,5,hard,58,0
6,5,hard,59,0
6,5,hard,60,0
6,5,hard,61,0
6,5,hard,62,1
6,5,hard,63,1
6,5,hard,64,1
6,5,hard,65,1
6,5,hard,66,0
6,5,hard,67,0
6,5,hard,68,0
6,5,hard,69,0
6,5,hard,70,0
6,5,hard,71,0
6,5,hard,72,0
6,5,hard,73,1
6,5,hard,74,1
6,5,hard,75,0
6,5,hard,76,0
6,5,hard,77,1
6,5,hard,78,0
6,5,hard,79,0
6,5,hard,80,0
6,5,hard,81,0
6,5,hard,82,0
6,5,hard,83,0
6,5,hard,84,0
6,5,hard,85,1
6,5,hard,86,1
6,5,hard,87,0
6,5,hard,88,0
6,5,hard,89,1
6,5,hard,90,0
6,5,hard,91,1
6,5,hard,92,0
6,5,hard,93,1
6,5,hard,94,1
6,5,hard,95,0
6,5,hard,96,1
6,5,hard,97,1
6,5,hard,98,1
6,5,hard,99,1
6,5,hard,100,1
7,1,standard,1,1
7,1,standard,2,1
7,1,standard,3,1
7,1,standard,4,1
7,1,standard,5,0
7,1,standard,6,1
7,1,standard,7,1
7,1,standard,8,1
7,1,standard,9,1
7,1,standard,10,1
7,1,standard,11,1
7,1,standard,12,0
7,1,standard,13,1
7,1,standard,14,1
7,1,standard,15,1
7,1,standard,16,1
7,1,standard,17,1
7,1,standard,18,1
7,1,standard,19,1
7,1,standard,20,1
7,1,standard,21,1
7,1,standard,22,1
7,1,standard,23,1
7,1,standard,24,0
7,1,standard,25,1
7,1,standard,26,0
7,1,standard,27,1
7,1,standard,28,1
7,1,standard,29,1
7,1,standard,30,1
7,1,standard,31,0
7,1,standard,32,1
7,1,standard,33,1
7,1,standard,34,0
7,1,standard,35,1
7,1,standard,36,1
7,1,standard,37,1
7,1,standard,38,1
7,1,standard,39,1
7,1,standard,40,1
7,1,standard,41,1
7,1,standard,42,0
7,1,standard,43,1
7,1,standard,44,1
7,1,standard,45,1
7,1,standard,46,1
7,1,standard,47,1
7,1,standard,48,1
7,1,standard,49,1
7,1,standard,50,1
7,1,standard,51,0
7,1,standard,52,1
7,1,standard,53,1
7,1,standard,54,1
7,1,standard,55,1
7,1,standard,56,1
7,1,standard,57,1
7,1,standard,58,1
7,1,standard,59,0
7,1,standard,60,0
7,1,standard,61,1
7,1,standard,62,1
7,1,standard,63,0
7,1,standard,64,1
7,1,standard,65,1
7,1,standard,66,1
7,1,standard,67,1
7,1,standard,68,0
7,1,standard,69,1
7,1,standard,70,1
7,1,standard,71,1
7,1,standard,72,1
7,1,standard,73,1
7,1,standard,74,1
7,1,standard,75,0
7,1,standard,76,0
7,1,standard,77,1
7,1,standard,78,1
7,1,standard,79,0
7,1,standard,80,1
7,1,standard,81,1
7,1,standard,82,1
7,1,standard,83,0
7,1,standard,84,0
7,1,standard,85,1
7,1,standard,86,1
7,1,standard,87,0
7,1,standard,88,1
7,1,standard,89,1
7,1,standard,90,1
7,1,standard,91,1
7,1,standard,92,1
7,1,standard,93,1
7,1,standard,94,1
7,1,standard,95,1
7,1,standard,96,1
7,1,standard,97,1
7,1,standard,98,1
7,1,standard,99,1
7,1,standard,100,1
7,1,hard,1,1
7,1,hard,2,1
7,1,hard,3,1
7,1,hard,4,1
7,1,hard,5,0
7,1,hard,6,0
7,1,hard,7,0
7,1,hard,8,1
7,1,hard,9,1
7,1,hard,10,1
7,1,hard,11,1
7,1,hard,12,1
7,1,hard,13,0
7,1,hard,14,0
7,1,hard,15,1
7,1,hard,16,1
7,1,hard,17,1
7,1,hard,18,0
7,1,hard,19,0
7,1,hard,20,1
7,1,hard,21,1
7,1,hard,22,1
7,1,hard,23,1
7,1,hard,24,1
7,1,hard,25,1
7,1,hard,26,1
7,1,hard,27,1
7,1,hard,28,0
7,1,hard,29,1
7,1,hard,30,1
7,1,hard,31,1
7,1,hard,32,0
7,1,hard,33,1
7,1,hard,34,0
7,1,hard,35,1
7,1,hard,36,0
7,1,hard,37,1
7,1,hard,38,0
7,1,hard,39,0
7,1,hard,40,1
7,1,hard,41,1
7,1,hard,42,0
7,1,hard,43,1
7,1,hard,44,1
7,1,hard,45,1
7,1,hard,46,1
7,1,hard,47,1
7,1,hard,48,0
7,1,hard,49,0
7,1,hard,50,0
7,1,hard,51,1
7,1,hard,52,1
7,1,hard,53,1
7,1,hard,54,0
7,1,hard,55,1
7,1,hard,56,1
7,1,hard,57,1
7,1,hard,58,1
7,1,hard,59,1
7,1,hard,60,1
7,1,hard,61,0
7,1,hard,62,1
7,1,hard,63,0
7,1,hard,64,1
7,1,hard,65,1
7,1,hard,66,0
7,1,hard,67,1
7,1,hard,68,0
7,1,hard,69,1
7,1,hard,70,1
7,1,hard,71,0
7,1,hard,72,1
7,1,hard,73,1
7,1,hard,74,1
7,1,hard,75,1
7,1,hard,76,1
7,1,hard,77,0
7,1,hard,78,1
7,1,hard,79,0
7,1,hard,80,1
7,1,hard,81,1
7,1,hard,82,0
7,1,hard,83,1
7,1,hard,84,1
7,1,hard,85,1
7,1,hard,86,1
7,1,hard,87,0
7,1,hard,88,0
7,1,hard,89,1
7,1,hard,90,0
7,1,hard,91,1
7,1,hard,92,1
7,1,hard,93,1
7,1,hard,94,1
7,1,hard,95,0
7,1,hard,96,0
7,1,hard,97,1
7,1,hard,98,1
7,1,hard,99,0
7,1,hard,100,1
7,2,standard,1,1
7,2,standard,2,1
7,2,standard,3,1
7,2,standard,4,1
7,2,standard,5,1
7,2,standard,6,0
7,2,standard,7,1
7,2,standard,8,1
7,2,standard,9,0
7,2,standard,10,1
7,2,standard,11,1
7,2,standard,12,1
7,2,standard,13,0
7,2,standard,14,1
7,2,standard,15,0
7,2,standard,16,1
7,2,standard,17,1
7,2,standard,18,1
7,2,standard,19,1
7,2,standard,20,0
7,2,standard,21,1
7,2,standard,22,0
7,2,standard,23,1
7,2,standard,24,1
7,2,standard,25,1
7,2,standard,26,1
7,2,standard,27,1
7,2,standard,28,1
7,2,standard,29,1
7,2,standard,30,1
7,2,standard,31,1
7,2,standard,32,1
7,2,standard,33,1
7,2,standard,34,1
7,2,standard,35,1
7,2,standard,36,1
7,2,standard,37,0
7,2,standard,38,0
7,2,standard,39,1
7,2,standard,40,1
7,2,standard,41,1
7,2,standard,42,1
7,2,standard,43,1
7,2,standard,44,1
7,2,standard,45,1
7,2,standard,46,1
7,2,standard,47,1
7,2,standard,48,0
7,2,standard,49,0
7,2,standard,50,1
7,2,standard,51,1
7,2,standard,52,0
7,2,standard,53,1
7,2,standard,54,1
7,2,standard,55,1
7,2,standard,56,0
7,2,standard,57,1
7,2,standard,58,1
7,2,standard,59,0
7,2,standard,60,0
7,2,standard,61,1
7,2,standard,62,1
7,2,standard,63,1
7,2,standard,64,1
7,2,standard,65,1
7,2,standard,66,1
7,2,standard,67,1
7,2,standard,68,1
7,2,standard,69,1
7,2,standard,70,1
7,2,standard,71,1
7,2,standard,72,0
7,2,standard,73,1
7,2,standard,74,1
7,2,standard,75,0
7,2,standard,76,1
7,2,standard,77,1
7,2,standard,78,1
7,2,standard,79,1
7,2,standard,80,1
7,2,standard,81,1
7,2,standard,82,1
7,2,standard,83,1
7,2,standard,84,1
7,2,standard,85,1
7,2,standard,86,1
7,2,standard,87,0
7,2,standard,88,1
7,2,standard,89,1
7,2,standard,90,1
7,2,standard,91,1
7,2,standard,92,1
7,2,standard,93,1
7,2,standard,94,0
7,2,standard,95,1
7,2,standard,96,1
7,2,standard,97,0
7,2,standard,98,1
7,2,standard,99,0
7,2,standard,100,1
7,2,hard,1,1
7,2,hard,2,1
7,2,hard,3,0
7,2,hard,4,0
7,2,hard,5,1
7,2,hard,6,1
7,2,hard,7,1
7,2,hard,8,1
7,2,hard,9,1
7,2,hard,10,0
7,2,hard,11,1
7,2,hard,12,1
7,2,hard,13,1
7,2,hard,14,1
7,2,hard,15,0
7,2,hard,16,1
7,2,hard,17,1
7,2,hard,18,1
7,2,hard,19,1
7,2,hard,20,1
7,2,hard,21,1
7,2,hard,22,1
7,2,hard,23,1
7,2,hard,24,1
7,2,hard,25,1
7,2,hard,26,1
7,2,hard,27,0
7,2,hard,28,1
7,2,hard,29,1
7,2,hard,30,0
7,2,hard,31,1
7,2,hard,32,0
7,2,hard,33,1
7,2,hard,34,1
7,2,hard,35,1
7,2,hard,36,1
7,2,hard,37,1
7,2,hard,38,0
7,2,hard,39,1
7,2,hard,40,1
7,2,hard,41,0
7,2,hard,42,0
7,2,hard,43,0
7,2,hard,44,1
7,2,hard,45,1
7,2,hard,46,1
7,2,hard,47,0
7,2,hard,48,0
7,2,hard,49,0
7,2,hard,50,0
7,2,hard,51,1
7,2,hard,52,1
7,2,hard,53,0
7,2,hard,54,1
7,2,hard,55,0
7,2,hard,56,1
7,2,hard,57,1
7,2,hard,58,0
7,2,hard,59,1
7,2,hard,60,1
7,2,hard,61,1
7,2,hard,62,1
7,2,hard,63,0
7,2,hard,64,0
7,2,hard,65,0
7,2,hard,66,0
7,2,hard,67,1
7,2,hard,68,0
7,2,hard,69,1
7,2,hard,70,1
7,2,hard,71,1
7,2,hard,72,1
7,2,hard,73,1
7,2,hard,74,1
7,2,hard,75,0
7,2,hard,76,1
7,2,hard,77,1
7,2,hard,78,0
7,2,hard,79,0
7,2,hard,80,1
7,2,hard,81,1
7,2,hard,82,1
7,2,hard,83,0
7,2,hard,84,1
7,2,hard,85,1
7,2,hard,86,1
7,2,hard,87,0
7,2,hard,88,0
7,2,hard,89,0
7,2,hard,90,1
7,2,hard,91,0
7,2,hard,92,0
7,2,hard,93,1
7,2,hard,94,1
7,2,hard,95,1
7,2,hard,96,1
7,2,hard,97,0
7,2,hard,98,1
7,2,hard,99,0
7,2,hard,100,1
7,3,standard,1,1
7,3,standard,2,1
7,3,standard,3,1
7,3,standard,4,1
7,3,standard,5,1
7,3,standard,6,0
7,3,standard,7,1
7,3,standard,8,1
7,3,standard,9,1
7,3,standard,10,1
7,3,standard,11,1
7,3,standard,12,1
7,3,standard,13,1
7,3,standard,14,0
7,3,standard,15,1
7,3,standard,16,1
7,3,standard,17,1
7,3,standard,18,1
7,3,standard,19,1
7,3,standard,20,1
7,3,standard,21,1
7,3,standard,22,0
7,3,standard,23,1
7,3,standard,24,0
7,3,standard,25,1
7,3,standard,26,0
7,3,standard,27,1
7,3,standard,28,0
7,3,standard,29,1
7,3,standard,30,1
7,3,standard,31,1
7,3,standard,32,1
7,3,standard,33,1
7,3,standard,34,1
7,3,standard,35,1
7,3,standard,36,1
7,3,standard,37,1
7,3,standard,38,1
7,3,standard,39,1
7,3,standard,40,0
7,3,standard,41,1
7,3,standard,42,1
7,3,standard,43,1
7,3,standard,44,0
7,3,standard,45,0
7,3,standard,46,1
7,3,standard,47,1
7,3,standard,48,1
7,3,standard,49,1
7,3,standard,50,1
7,3,standard,51,1
7,3,standard,52,0
7,3,standard,53,1
7,3,standard,54,1
7,3,standard,55,1
7,3,standard,56,1
7,3,standard,57,0
7,3,standard,58,1
7,3,standard,59,0
7,3,standard,60,1
7,3,standard,61,1
7,3,standard,62,0
7,3,standard,63,1
7,3,standard,64,1
7,3,standard,65,1
7,3,standard,66,0
7,3,standard,67,1
7,3,standard,68,0
7,3,standard,69,1
7,3,standard,70,0
7,3,standard,71,1
7,3,standard,72,1
7,3,standard,73,0
7,3,standard,74,1
7,3,standard,75,0
7,3,standard,76,1
7,3,standard,77,1
7,3,standard,78,1
7,3,standard,79,0
7,3,standard,80,1
7,3,standard,81,0
7,3,standard,82,1
7,3,standard,83,1
7,3,standard,84,1
7,3,standard,85,1
7,3,standard,86,1
7,3,standard,87,1
7,3,standard,88,1
7,3,standard,89,1
7,3,standard,90,0
7,3,standard,91,1
7,3,standard,92,1
7,3,standard,93,1
7,3,standard,94,1
7,3,standard,95,1
7,3,standard,96,1
7,3,standard,97,0
7,3,standard,98,1
7,3,standard,99,1
7,3,standard,100,1
7,3,hard,1,1
7,3,hard,2,1
7,3,hard,3,0
7,3,hard,4,1
7,3,hard,5,1
7,3,hard,6,0
7,3,hard,7,0
7,3,hard,8,1
7,3,hard,9,1
7,3,hard,10,0
7,3,hard,11,0
7,3,hard,12,1
7,3,hard,13,0
7,3,hard,14,1
7,3,hard,15,1
7,3,hard,16,0
7,3,hard,17,1
7,3,hard,18,1
7,3,hard,19,0
7,3,hard,20,1
7,3,hard,21,1
7,3,hard,22,1
7,3,hard,23,1
7,3,hard,24,0
7,3,hard,25,1
7,3,hard,26,0
7,3,hard,27,1
7,3,hard,28,0
7,3,hard,29,0
7,3,hard,30,1
7,3,hard,31,1
7,3,hard,32,1
7,3,hard,33,0
7,3,hard,34,0
7,3,hard,35,0
7,3,hard,36,0
7,3,hard,37,0
7,3,hard,38,0
7,3,hard,39,1
7,3,hard,40,1
7,3,hard,41,0
7,3,hard,42,1
7,3,hard,43,1
7,3,hard,44,1
7,3,hard,45,1
7,3,hard,46,0
7,3,hard,47,0
7,3,hard,48,0
7,3,hard,49,1
7,3,hard,50,1
7,3,hard,51,1
7,3,hard,52,0
7,3,hard,53,0
7,3,hard,54,1
7,3,hard,55,1
7,3,hard,56,1
7,3,hard,57,1
7,3,hard,58,0
7,3,hard,59,1
7,3,hard,60,1
7,3,hard,61,1
7,3,hard,62,1
7,3,hard,63,1
7,3,hard,64,1
7,3,hard,65,1
7,3,hard,66,1
7,3,hard,67,1
7,3,hard,68,1
7,3,hard,69,1
7,3,hard,70,1
7,3,hard,71,1
7,3,hard,72,1
7,3,hard,73,0
7,3,hard,74,1
7,3,hard,75,1
7,3,hard,76,1
7,3,hard,77,1
7,3,hard,78,0
7,3,hard,79,0
7,3,hard,80,1
7,3,hard,81,1
7,3,hard,82,1
7,3,hard,83,0
7,3,hard,84,1
7,3,hard,85,1
7,3,hard,86,1
7,3,hard,87,1
7,3,hard,88,1
7,3,hard,89,1
7,3,hard,90,1
7,3,hard,91,1
7,3,hard,92,1
7,3,hard,93,1
7,3,hard,94,0
7,3,hard,95,1
7,3,hard,96,0
7,3,hard,97,1
7,3,hard,98,0
7,3,hard,99,1
7,3,hard,100,1
7,4,standard,1,1
7,4,standard,2,0
7,4,standard,3,1
7,4,standard,4,1
7,4,standard,5,0
7,4,standard,6,1
7,4,standard,7,1
7,4,standard,8,0
7,4,standard,9,1
7,4,standard,10,1
7,4,standard,11,1
7,4,standard,12,0
7,4,standard,13,1
7,4,standard,14,1
7,4,standard,15,1
7,4,standard,16,1
7,4,standard,17,1
7,4,standard,18,1
7,4,standard,19,0
7,4,standard,20,1
7,4,standard,21,1
7,4,standard,22,1
7,4,standard,23,1
7,4,standard,24,1
7,4,standard,25,0
7,4,standard,26,1
7,4,standard,27,1
7,4,standard,28,1
7,4,standard,29,1
7,4,standard,30,1
7,4,standard,31,1
7,4,standard,32,0
7,4,standard,33,1
7,4,standard,34,1
7,4,standard,35,0
7,4,standard,36,0
7,4,standard,37,0
7,4,standard,38,1
7,4,standard,39,1
7,4,standard,40,1
7,4,standard,41,1
7,4,standard,42,0
7,4,standard,43,1
7,4,standard,44,1
7,4,standard,45,0
7,4,standard,46,1
7,4,standard,47,1
7,4,standard,48,1
7,4,standard,49,1
7,4,standard,50,1
7,4,standard,51,1
7,4,standard,52,1
7,4,standard,53,1
7,4,standard,54,0
7,4,standard,55,1
7,4,standard,56,0
7,4,standard,57,0
7,4,standard,58,0
7,4,standard,59,1
7,4,standard,60,0
7,4,standard,61,1
7,4,standard,62,1
7,4,standard,63,1
7,4,standard,64,1
7,4,standard,65,1
7,4,standard,66,0
7,4,standard,67,1
7,4,standard,68,1
7,4,standard,69,1
7,4,standard,70,0
7,4,standard,71,1
7,4,standard,72,1
7,4,standard,73,1
7,4,standard,74,1
7,4,standard,75,1
7,4,standard,76,1
7,4,standard,77,1
7,4,standard,78,0
7,4,standard,79,0
7,4,standard,80,0
7,4,standard,81,1
7,4,standard,82,1
7,4,standard,83,0
7,4,standard,84,1
7,4,standard,85,1
7,4,standard,86,1
7,4,standard,87,0
7,4,standard,88,1
7,4,standard,89,1
7,4,standard,90,1
7,4,standard,91,1
7,4,standard,92,1
7,4,standard,93,1
7,4,standard,94,1
7,4,standard,95,1
7,4,standard,96,1
7,4,standard,97,1
7,4,standard,98,1
7,4,standard,99,1
7,4,standard,100,0
7,4,hard,1,1
7,4,hard,2,0
7,4,hard,3,1
7,4,hard,4,1
7,4,hard,5,0
7,4,hard,6,0
7,4,hard,7,1
7,4,hard,8,1
7,4,hard,9,1
7,4,hard,10,1
7,4,hard,11,1
7,4,hard,12,0
7,4,hard,13,1
7,4,hard,14,1
7,4,hard,15,0
7,4,hard,16,1
7,4,hard,17,1
7,4,hard,18,1
7,4,hard,19,1
7,4,hard,20,1
7,4,hard,21,1
7,4,hard,22,0
7,4,hard,23,1
7,4,hard,24,1
7,4,hard,25,1
7,4,hard,26,1
7,4,hard,27,0
7,4,hard,28,1
7,4,hard,29,0
7,4,hard,30,1
7,4,hard,31,1
7,4,hard,32,0
7,4,hard,33,0
7,4,hard,34,0
7,4,hard,35,0
7,4,hard,36,0
7,4,hard,37,0
7,4,hard,38,0
7,4,hard,39,1
7,4,hard,40,0
7,4,hard,41,1
7,4,hard,42,0
7,4,hard,43,1
7,4,hard,44,0
7,4,hard,45,1
7,4,hard,46,1
7,4,hard,47,1
7,4,hard,48,1
7,4,hard,49,1
7,4,hard,50,1
7,4,hard,51,0
7,4,hard,52,1
7,4,hard,53,1
7,4,hard,54,1
7,4,hard,55,1
7,4,hard,56,1
7,4,hard,57,1
7,4,hard,58,1
7,4,hard,59,1
7,4,hard,60,1
7,4,hard,61,1
7,4,hard,62,1
7,4,hard,63,1
7,4,hard,64,1
7,4,hard,65,0
7,4,hard,66,1
7,4,hard,67,1
7,4,hard,68,0
7,4,hard,69,0
7,4,hard,70,1
7,4,hard,71,1
7,4,hard,72,1
7,4,hard,73,1
7,4,hard,74,1
7,4,hard,75,0
7,4,hard,76,1
7,4,hard,77,1
7,4,hard,78,1
7,4,hard,79,0
7,4,hard,80,1
7,4,hard,81,0
7,4,hard,82,0
7,4,hard,83,0
7,4,hard,84,1
7,4,hard,85,1
7,4,hard,86,1
7,4,hard,87,1
7,4,hard,88,1
7,4,hard,89,0
7,4,hard,90,1
7,4,hard,91,1
7,4,hard,92,1
7,4,hard,93,1
7,4,hard,94,1
7,4,hard,95,1
7,4,hard,96,0
7,4,hard,97,0
7,4,hard,98,0
7,4,hard,99,1
7,4,hard,100,1
7,5,standard,1,1
7,5,standard,2,1
7,5,standard,3,1
7,5,standard,4,1
7,5,standard,5,1
7,5,standard,6,1
7,5,standard,7,1
7,5,standard,8,1
7,5,standard,9,1
7,5,standard,10,1
7,5,standard,11,1
7,5,standard,12,1
7,5,standard,13,1
7,5,standard,14,0
7,5,standard,15,1
7,5,standard,16,1
7,5,standard,17,1
7,5,standard,18,1
7,5,standard,19,0
7,5,standard,20,1
7,5,standard,21,1
7,5,standard,22,1
7,5,standard,23,1
7,5,standard,24,1
7,5,standard,25,1
7,5,standard,26,1
7,5,standard,27,0
7,5,standard,28,0
7,5,standard,29,1
7,5,standard,30,1
7,5,standard,31,1
7,5,standard,32,1
7,5,standard,33,0
7,5,standard,34,1
7,5,standard,35,1
7,5,standard,36,1
7,5,standard,37,0
7,5,standard,38,1
7,5,standard,39,1
7,5,standard,40,0
7,5,standard,41,1
7,5,standard,42,1
7,5,standard,43,1
7,5,standard,44,1
7,5,standard,45,1
7,5,standard,46,1
7,5,standard,47,1
7,5,standard,48,1
7,5,standard,49,1
7,5,standard,50,1
7,5,standard,51,0
7,5,standard,52,1
7,5,standard,53,1
7,5,standard,54,0
7,5,standard,55,1
7,5,standard,56,1
7,5,standard,57,0
7,5,standard,58,1
7,5,standard,59,1
7,5,standard,60,1
7,5,standard,61,1
7,5,standard,62,1
7,5,standard,63,1
7,5,standard,64,1
7,5,standard,65,1
7,5,standard,66,1
7,5,standard,67,1
7,5,standard,68,1
7,5,standard,69,1
7,5,standard,70,1
7,5,standard,71,1
7,5,standard,72,1
7,5,standard,73,1
7,5,standard,74,1
7,5,standard,75,1
7,5,standard,76,1
7,5,standard,77,1
7,5,standard,78,1
7,5,standard,79,1
7,5,standard,80,1
7,5,standard,81,1
7,5,standard,82,1
7,5,standard,83,1
7,5,standard,84,1
7,5,standard,85,1
7,5,standard,86,1
7,5,standard,87,1
7,5,standard,88,0
7,5,standard,89,1
7,5,standard,90,1
7,5,standard,91,0
7,5,standard,92,1
7,5,standard,93,1
7,5,standard,94,0
7,5,standard,95,0
7,5,standard,96,1
7,5,standard,97,1
7,5,standard,98,1
7,5,standard,99,1
7,5,standard,100,1
7,5,hard,1,0
7,5,hard,2,0
7,5,hard,3,1
7,5,hard,4,0
7,5,hard,5,0
7,5,hard,6,1
7,5,hard,7,1
7,5,hard,8,0
7,5,hard,9,0
7,5,hard,10,1
7,5,hard,11,1
7,5,hard,12,0
7,5,hard,13,1
7,5,hard,14,0
7,5,hard,15,1
7,5,hard,16,0
7,5,hard,17,1
7,5,hard,18,0
7,5,hard,19,0
7,5,hard,20,1
7,5,hard,21,1
7,5,hard,22,1
7,5,hard,23,1
7,5,hard,24,1
7,5,hard,25,0
7,5,hard,26,0
7,5,hard,27,1
7,5,hard,28,1
7,5,hard,29,1
7,5,hard,30,1
7,5,hard,31,1
7,5,hard,32,0
7,5,hard,33,0
7,5,hard,34,1
7,5,hard,35,1
7,5,hard,36,1
7,5,hard,37,1
7,5,hard,38,0
7,5,hard,39,0
7,5,hard,40,1
7,5,hard,41,0
7,5,hard,42,1
7,5,hard,43,0
7,5,hard,44,1
7,5,hard,45,1
7,5,hard,46,1
7,5,hard,47,1
7,5,hard,48,1
7,5,hard,49,1
7,5,hard,50,0
7,5,hard,51,0
7,5,hard,52,1
7,5,hard,53,1
7,5,hard,54,0
7,5,hard,55,0
7,5,hard,56,1
7,5,hard,57,1
7,5,hard,58,1
7,5,hard,59,1
7,5,hard,60,1
7,5,hard,61,1
7,5,hard,62,0
7,5,hard,63,0
7,5,hard,64,1
7,5,hard,65,1
7,5,hard,66,0
7,5,hard,67,0
7,5,hard,68,1
7,5,hard,69,0
7,5,hard,70,0
7,5,hard,71,1
7,5,hard,72,0
7,5,hard,73,1
7,5,hard,74,1
7,5,hard,75,0
7,5,hard,76,0
7,5,hard,77,1
7,5,hard,78,0
7,5,hard,79,1
7,5,hard,80,0
7,5,hard,81,1
7,5,hard,82,0
7,5,hard,83,1
7,5,hard,84,1
7,5,hard,85,1
7,5,hard,86,1
7,5,hard,87,0
7,5,hard,88,0
7,5,hard,89,0
7,5,hard,90,0
7,5,hard,91,1
7,5,hard,92,1
7,5,hard,93,1
7,5,hard,94,1
7,5,hard,95,1
7,5,hard,96,1
7,5,hard,97,1
7,5,hard,98,1
7,5,hard,99,1
7,5,hard,100,0
8,1,standard,1,0
8,1,standard,2,1
8,1,standard,3,1
8,1,standard,4,1
8,1,standard,5,1
8,1,standard,6,0
8,1,standard,7,0
8,1,standard,8,1
8,1,standard,9,1
8,1,standard,10,0
8,1,standard,11,1
8,1,standard,12,1
8,1,standard,13,1
8,1,standard,14,1
8,1,standard,15,0
8,1,standard,16,0
8,1,standard,17,1
8,1,standard,18,1
8,1,standard,19,0
8,1,standard,20,1
8,1,standard,21,0
8,1,standard,22,1
8,1,standard,23,1
8,1,standard,24,1
8,1,standard,25,1
8,1,standard,26,1
8,1,standard,27,1
8,1,standard,28,1
8,1,standard,29,0
8,1,standard,30,0
8,1,standard,31,1
8,1,standard,32,1
8,1,standard,33,1
8,1,standard,34,0
8,1,standard,35,1
8,1,standard,36,1
8,1,standard,37,0
8,1,standard,38,0
8,1,standard,39,1
8,1,standard,40,0
8,1,standard,41,0
8,1,standard,42,0
8,1,standard,43,0
8,1,standard,44,1
8,1,standard,45,1
8,1,standard,46,1
8,1,standard,47,0
8,1,standard,48,1
8,1,standard,49,0
8,1,standard,50,0
8,1,standard,51,0
8,1,standard,52,0
8,1,standard,53,1
8,1,standard,54,1
8,1,standard,55,1
8,1,standard,56,1
8,1,standard,57,1
8,1,standard,58,0
8,1,standard,59,1
8,1,standard,60,0
8,1,standard,61,1
8,1,standard,62,0
8,1,standard,63,0
8,1,standard,64,1
8,1,standard,65,1
8,1,standard,66,0
8,1,standard,67,0
8,1,standard,68,0
8,1,standard,69,1
8,1,standard,70,0
8,1,standard,71,0
8,1,standard,72,0
8,1,standard,73,0
8,1,standard,74,0
8,1,standard,75,1
8,1,standard,76,1
8,1,standard,77,1
8,1,standard,78,1
8,1,standard,79,1
8,1,standard,80,1
8,1,standard,81,1
8,1,standard,82,1
8,1,standard,83,0
8,1,standard,84,1
8,1,standard,85,1
8,1,standard,86,1
8,1,standard,87,1
8,1,standard,88,1
8,1,standard,89,1
8,1,standard,90,1
8,1,standard,91,1
8,1,standard,92,1
8,1,standard,93,0
8,1,standard,94,0
8,1,standard,95,0
8,1,standard,96,0
8,1,standard,97,0
8,1,standard,98,0
8,1,standard,99,0
8,1,standard,100,1
8,1,hard,1,0
8,1,hard,2,0
8,1,hard,3,1
8,1,hard,4,0
8,1,hard,5,1
8,1,hard,6,0
8,1,hard,7,1
8,1,hard,8,1
8,1,hard,9,0
8,1,hard,10,1
8,1,hard,11,1
8,1,hard,12,1
8,1,hard,13,0
8,1,hard,14,1
8,1,hard,15,1
8,1,hard,16,1
8,1,hard,17,0
8,1,hard,18,0
8,1,hard,19,1
8,1,hard,20,0
8,1,hard,21,0
8,1,hard,22,0
8,1,hard,23,0
8,1,hard,24,0
8,1,hard,25,0
8,1,hard,26,1
8,1,hard,27,1
8,1,hard,28,0
8,1,hard,29,0
8,1,hard,30,0
8,1,hard,31,1
8,1,hard,32,0
8,1,hard,33,1
8,1,hard,34,0
8,1,hard,35,1
8,1,hard,36,0
8,1,hard,37,1
8,1,hard,38,1
8,1,hard,39,1
8,1,hard,40,0
8,1,hard,41,1
8,1,hard,42,1
8,1,hard,43,1
8,1,hard,44,0
8,1,hard,45,1
8,1,hard,46,0
8,1,hard,47,0
8,1,hard,48,1
8,1,hard,49,0
8,1,hard,50,0
8,1,hard,51,0
8,1,hard,52,1
8,1,hard,53,1
8,1,hard,54,1
8,1,hard,55,0
8,1,hard,56,0
8,1,hard,57,1
8,1,hard,58,0
8,1,hard,59,0
8,1,hard,60,1
8,1,hard,61,1
8,1,hard,62,0
8,1,hard,63,1
8,1,hard,64,1
8,1,hard,65,1
8,1,hard,66,1
8,1,hard,67,0
8,1,hard,68,0
8,1,hard,69,0
8,1,hard,70,1
8,1,hard,71,1
8,1,hard,72,0
8,1,hard,73,1
8,1,hard,74,0
8,1,hard,75,1
8,1,hard,76,1
8,1,hard,77,0
8,1,hard,78,0
8,1,hard,79,0
8,1,hard,80,1
8,1,hard,81,1
8,1,hard,82,1
8,1,hard,83,0
8,1,hard,84,0
8,1,hard,85,0
8,1,hard,86,1
8,1,hard,87,0
8,1,hard,88,1
8,1,hard,89,1
8,1,hard,90,1
8,1,hard,91,1
8,1,hard,92,1
8,1,hard,93,1
8,1,hard,94,1
8,1,hard,95,1
8,1,hard,96,1
8,1,hard,97,1
8,1,hard,98,1
8,1,hard,99,1
8,1,hard,100,0
8,2,standard,1,1
8,2,standard,2,1
8,2,standard,3,1
8,2,standard,4,1
8,2,standard,5,1
8,2,standard,6,1
8,2,standard,7,1
8,2,standard,8,1
8,2,standard,9,1
8,2,standard,10,1
8,2,standard,11,1
8,2,standard,12,0
8,2,standard,13,1
8,2,standard,14,1
8,2,standard,15,1
8,2,standard,16,1
8,2,standard,17,1
8,2,standard,18,1
8,2,standard,19,1
8,2,standard,20,0
8,2,standard,21,1
8,2,standard,22,1
8,2,standard,23,1
8,2,standard,24,0
8,2,standard,25,1
8,2,standard,26,1
8,2,standard,27,1
8,2,standard,28,1
8,2,standard,29,1
8,2,standard,30,0
8,2,standard,31,1
8,2,standard,32,1
8,2,standard,33,1
8,2,standard,34,1
8,2,standard,35,0
8,2,standard,36,0
8,2,standard,37,1
8,2,standard,38,1
8,2,standard,39,0
8,2,standard,40,1
8,2,standard,41,1
8,2,standard,42,0
8,2,standard,43,1
8,2,standard,44,1
8,2,standard,45,1
8,2,standard,46,1
8,2,standard,47,1
8,2,standard,48,1
8,2,standard,49,1
8,2,standard,50,1
8,2,standard,51,1
8,2,standard,52,1
8,2,standard,53,0
8,2,standard,54,1
8,2,standard,55,1
8,2,standard,56,1
8,2,standard,57,1
8,2,standard,58,1
8,2,standard,59,1
8,2,standard,60,0
8,2,standard,61,1
8,2,standard,62,0
8,2,standard,63,1
8,2,standard,64,1
8,2,standard,65,1
8,2,standard,66,1
8,2,standard,67,1
8,2,standard,68,1
8,2,standard,69,1
8,2,standard,70,1
8,2,standard,71,1
8,2,standard,72,1
8,2,standard,73,1
8,2,standard,74,0
8,2,standard,75,1
8,2,standard,76,1
8,2,standard,77,1
8,2,standard,78,1
8,2,standard,79,1
8,2,standard,80,1
8,2,standard,81,1
8,2,standard,82,0
8,2,standard,83,1
8,2,standard,84,0
8,2,standard,85,1
8,2,standard,86,0
8,2,standard,87,1
8,2,standard,88,1
8,2,standard,89,1
8,2,standard,90,1
8,2,standard,91,1
8,2,standard,92,0
8,2,standard,93,0
8,2,standard,94,1
8,2,standard,95,0
8,2,standard,96,1
8,2,standard,97,1
8,2,standard,98,1
8,2,standard,99,0
8,2,standard,100,1
8,2,hard,1,1
8,2,hard,2,1
8,2,hard,3,1
8,2,hard,4,1
8,2,hard,5,1
8,2,hard,6,0
8,2,hard,7,0
8,2,hard,8,1
8,2,hard,9,0
8,2,hard,10,1
8,2,hard,11,0
8,2,hard,12,0
8,2,hard,13,1
8,2,hard,14,1
8,2,hard,15,1
8,2,hard,16,1
8,2,hard,17,1
8,2,hard,18,1
8,2,hard,19,1
8,2,hard,20,0
8,2,hard,21,1
8,2,hard,22,0
8,2,hard,23,1
8,2,hard,24,0
8,2,hard,25,0
8,2,hard,26,1
8,2,hard,27,1
8,2,hard,28,0
8,2,hard,29,1
8,2,hard,30,0
8,2,hard,31,1
8,2,hard,32,1
8,2,hard,33,1
8,2,hard,34,0
8,2,hard,35,0
8,2,hard,36,0
8,2,hard,37,0
8,2,hard,38,1
8,2,hard,39,1
8,2,hard,40,1
8,2,hard,41,0
8,2,hard,42,1
8,2,hard,43,0
8,2,hard,44,0
8,2,hard,45,0
8,2,hard,46,1
8,2,hard,47,1
8,2,hard,48,0
8,2,hard,49,1
8,2,hard,50,0
8,2,hard,51,1
8,2,hard,52,0
8,2,hard,53,1
8,2,hard,54,0
8,2,hard,55,0
8,2,hard,56,0
8,2,hard,57,1
8,2,hard,58,0
8,2,hard,59,0
8,2,hard,60,1
8,2,hard,61,1
8,2,hard,62,1
8,2,hard,63,0
8,2,hard,64,0
8,2,hard,65,1
8,2,hard,66,1
8,2,hard,67,1
8,2,hard,68,0
8,2,hard,69,0
8,2,hard,70,1
8,2,hard,71,1
8,2,hard,72,1
8,2,hard,73,0
8,2,hard,74,0
8,2,hard,75,1
8,2,hard,76,0
8,2,hard,77,0
8,2,hard,78,0
8,2,hard,79,0
8,2,hard,80,0
8,2,hard,81,0
8,2,hard,82,1
8,2,hard,83,0
8,2,hard,84,0
8,2,hard,85,1
8,2,hard,86,1
8,2,hard,87,0
8,2,hard,88,1
8,2,hard,89,1
8,2,hard,90,1
8,2,hard,91,0
8,2,hard,92,0
8,2,hard,93,0
8,2,hard,94,1
8,2,hard,95,1
8,2,hard,96,1
8,2,hard,97,1
8,2,hard,98,0
8,2,hard,99,0
8,2,hard,100,0
8,3,standard,1,1
8,3,standard,2,1
8,3,standard,3,1
8,3,standard,4,0
8,3,standard,5,0
8,3,standard,6,0
8,3,standard,7,0
8,3,standard,8,1
8,3,standard,9,0
8,3,standard,10,1
8,3,standard,11,1
8,3,standard,12,0
8,3,standard,13,1
8,3,standard,14,1
8,3,standard,15,0
8,3,standard,16,1
8,3,standard,17,1
8,3,standard,18,1
8,3,standard,19,0
8,3,standard,20,1
8,3,standard,21,1
8,3,standard,22,0
8,3,standard,23,1
8,3,standard,24,1
8,3,standard,25,1
8,3,standard,26,1
8,3,standard,27,1
8,3,standard,28,1
8,3,standard,29,1
8,3,standard,30,1
8,3,standard,31,1
8,3,standard,32,1
8,3,standard,33,1
8,3,standard,34,1
8,3,standard,35,0
8,3,standard,36,0
8,3,standard,37,1
8,3,standard,38,1
8,3,standard,39,0
8,3,standard,40,1
8,3,standard,41,0
8,3,standard,42,1
8,3,standard,43,1
8,3,standard,44,0
8,3,standard,45,0
8,3,standard,46,1
8,3,standard,47,0
8,3,standard,48,1
8,3,standard,49,1
8,3,standard,50,1
8,3,standard,51,1
8,3,standard,52,1
8,3,standard,53,1
8,3,standard,54,0
8,3,standard,55,1
8,3,standard,56,0
8,3,standard,57,0
8,3,standard,58,1
8,3,standard,59,0
8,3,standard,60,0
8,3,standard,61,0
8,3,standard,62,1
8,3,standard,63,1
8,3,standard,64,1
8,3,standard,65,1
8,3,standard,66,0
8,3,standard,67,1
8,3,standard,68,1
8,3,standard,69,1
8,3,standard,70,1
8,3,standard,71,1
8,3,standard,72,1
8,3,standard,73,1
8,3,standard,74,1
8,3,standard,75,0
8,3,standard,76,1
8,3,standard,77,1
8,3,standard,78,1
8,3,standard,79,0
8,3,standard,80,0
8,3,standard,81,1
8,3,standard,82,1
8,3,standard,83,1
8,3,standard,84,0
8,3,standard,85,1
8,3,standard,86,0
8,3,standard,87,1
8,3,standard,88,0
8,3,standard,89,0
8,3,standard,90,0
8,3,standard,91,0
8,3,standard,92,1
8,3,standard,93,1
8,3,standard,94,0
8,3,standard,95,1
8,3,standard,96,0
8,3,standard,97,1
8,3,standard,98,1
8,3,standard,99,1
8,3,standard,100,1
8,3,hard,1,0
8,3,hard,2,1
8,3,hard,3,1
8,3,hard,4,1
8,3,hard,5,1
8,3,hard,6,1
8,3,hard,7,0
8,3,hard,8,0
8,3,hard,9,1
8,3,hard,10,1
8,3,hard,11,1
8,3,hard,12,0
8,3,hard,13,1
8,3,hard,14,0
8,3,hard,15,0
8,3,hard,16,1
8,3,hard,17,1
8,3,hard,18,1
8,3,hard,19,1
8,3,hard,20,0
8,3,hard,21,1
8,3,hard,22,0
8,3,hard,23,0
8,3,hard,24,1
8,3,hard,25,0
8,3,hard,26,1
8,3,hard,27,1
8,3,hard,28,0
8,3,hard,29,0
8,3,hard,30,1
8,3,hard,31,0
8,3,hard,32,0
8,3,hard,33,0
8,3,hard,34,0
8,3,hard,35,1
8,3,hard,36,0
8,3,hard,37,1
8,3,hard,38,1
8,3,hard,39,1
8,3,hard,40,1
8,3,hard,41,1
8,3,hard,42,0
8,3,hard,43,0
8,3,hard,44,0
8,3,hard,45,0
8,3,hard,46,0
8,3,hard,47,0
8,3,hard,48,0
8,3,hard,49,0
8,3,hard,50,1
8,3,hard,51,1
8,3,hard,52,1
8,3,hard,53,1
8,3,hard,54,0
8,3,hard,55,0
8,3,hard,56,1
8,3,hard,57,0
8,3,hard,58,0
8,3,hard,59,0
8,3,hard,60,1
8,3,hard,61,1
8,3,hard,62,1
8,3,hard,63,0
8,3,hard,64,0
8,3,hard,65,0
8,3,hard,66,0
8,3,hard,67,0
8,3,hard,68,0
8,3,hard,69,1
8,3,hard,70,0
8,3,hard,71,0
8,3,hard,72,1
8,3,hard,73,0
8,3,hard,74,0
8,3,hard,75,0
8,3,hard,76,1
8,3,hard,77,1
8,3,hard,78,1
8,3,hard,79,0
8,3,hard,80,1
8,3,hard,81,0
8,3,hard,82,0
8,3,hard,83,1
8,3,hard,84,1
8,3,hard,85,0
8,3,hard,86,1
8,3,hard,87,1
8,3,hard,88,1
8,3,hard,89,1
8,3,hard,90,1
8,3,hard,91,1
8,3,hard,92,0
8,3,hard,93,0
8,3,hard,94,0
8,3,hard,95,1
8,3,hard,96,1
8,3,hard,97,0
8,3,hard,98,1
8,3,hard,99,0
8,3,hard,100,0
8,4,standard,1,1
8,4,standard,2,0
8,4,standard,3,0
8,4,standard,4,1
8,4,standard,5,1
8,4,standard,6,0
8,4,standard,7,0
8,4,standard,8,1
8,4,standard,9,1
8,4,standard,10,1
8,4,standard,11,1
8,4,standard,12,1
8,4,standard,13,1
8,4,standard,14,1
8,4,standard,15,1
8,4,standard,16,1
8,4,standard,17,0
8,4,standard,18,1
8,4,standard,19,1
8,4,standard,20,0
8,4,standard,21,1
8,4,standard,22,0
8,4,standard,23,1
8,4,standard,24,1
8,4,standard,25,1
8,4,standard,26,1
8,4,standard,27,0
8,4,standard,28,0
8,4,standard,29,0
8,4,standard,30,0
8,4,standard,31,1
8,4,standard,32,0
8,4,standard,33,1
8,4,standard,34,1
8,4,standard,35,1
8,4,standard,36,1
8,4,standard,37,1
8,4,standard,38,0
8,4,standard,39,1
8,4,standard,40,1
8,4,standard,41,0
8,4,standard,42,1
8,4,standard,43,0
8,4,standard,44,0
8,4,standard,45,1
8,4,standard,46,1
8,4,standard,47,0
8,4,standard,48,0
8,4,standard,49,0
8,4,standard,50,1
8,4,standard,51,0
8,4,standard,52,0
8,4,standard,53,1
8,4,standard,54,1
8,4,standard,55,1
8,4,standard,56,1
8,4,standard,57,0
8,4,standard,58,1
8,4,standard,59,1
8,4,standard,60,0
8,4,standard,61,0
8,4,standard,62,1
8,4,standard,63,1
8,4,standard,64,1
8,4,standard,65,0
8,4,standard,66,1
8,4,standard,67,0
8,4,standard,68,1
8,4,standard,69,1
8,4,standard,70,1
8,4,standard,71,0
8,4,standard,72,0
8,4,standard,73,0
8,4,standard,74,0
8,4,standard,75,0
8,4,standard,76,1
8,4,standard,77,1
8,4,standard,78,0
8,4,standard,79,1
8,4,standard,80,0
8,4,standard,81,1
8,4,standard,82,1
8,4,standard,83,1
8,4,standard,84,0
8,4,standard,85,1
8,4,standard,86,1
8,4,standard,87,0
8,4,standard,88,1
8,4,standard,89,1
8,4,standard,90,1
8,4,standard,91,0
8,4,standard,92,1
8,4,standard,93,1
8,4,standard,94,1
8,4,standard,95,0
8,4,standard,96,1
8,4,standard,97,1
8,4,standard,98,1
8,4,standard,99,0
8,4,standard,100,1
8,4,hard,1,1
8,4,hard,2,1
8,4,hard,3,1
8,4,hard,4,1
8,4,hard,5,0
8,4,hard,6,0
8,4,hard,7,1
8,4,hard,8,0
8,4,hard,9,1
8,4,hard,10,0
8,4,hard,11,1
8,4,hard,12,1
8,4,hard,13,0
8,4,hard,14,0
8,4,hard,15,1
8,4,hard,16,0
8,4,hard,17,1
8,4,hard,18,1
8,4,hard,19,1
8,4,hard,20,0
8,4,hard,21,0
8,4,hard,22,1
8,4,hard,23,1
8,4,hard,24,0
8,4,hard,25,1
8,4,hard,26,1
8,4,hard,27,0
8,4,hard,28,1
8,4,hard,29,1
8,4,hard,30,1
8,4,hard,31,1
8,4,hard,32,0
8,4,hard,33,1
8,4,hard,34,0
8,4,hard,35,0
8,4,hard,36,1
8,4,hard,37,1
8,4,hard,38,1
8,4,hard,39,0
8,4,hard,40,1
8,4,hard,41,0
8,4,hard,42,0
8,4,hard,43,1
8,4,hard,44,0
8,4,hard,45,0
8,4,hard,46,0
8,4,hard,47,0
8,4,hard,48,1
8,4,hard,49,0
8,4,hard,50,0
8,4,hard,51,1
8,4,hard,52,0
8,4,hard,53,0
8,4,hard,54,0
8,4,hard,55,1
8,4,hard,56,0
8,4,hard,57,0
8,4,hard,58,0
8,4,hard,59,1
8,4,hard,60,1
8,4,hard,61,1
8,4,hard,62,1
8,4,hard,63,1
8,4,hard,64,0
8,4,hard,65,1
8,4,hard,66,1
8,4,hard,67,1
8,4,hard,68,0
8,4,hard,69,1
8,4,hard,70,0
8,4,hard,71,1
8,4,hard,72,0
8,4,hard,73,1
8,4,hard,74,0
8,4,hard,75,0
8,4,hard,76,1
8,4,hard,77,1
8,4,hard,78,1
8,4,hard,79,1
8,4,hard,80,1
8,4,hard,81,1
8,4,hard,82,1
8,4,hard,83,0
8,4,hard,84,0
8,4,hard,85,1
8,4,hard,86,1
8,4,hard,87,0
8,4,hard,88,0
8,4,hard,89,1
8,4,hard,90,0
8,4,hard,91,0
8,4,hard,92,1
8,4,hard,93,0
8,4,hard,94,0
8,4,hard,95,0
8,4,hard,96,1
8,4,hard,97,1
8,4,hard,98,1
8,4,hard,99,1
8,4,hard,100,0
8,5,standard,1,1
8,5,standard,2,1
8,5,standard,3,1
8,5,standard,4,0
8,5,standard,5,0
8,5,standard,6,1
8,5,standard,7,0
8,5,standard,8,0
8,5,standard,9,1
8,5,standard,10,1
8,5,standard,11,1
8,5,standard,12,1
8,5,standard,13,1
8,5,standard,14,1
8,5,standard,15,0
8,5,standard,16,0
8,5,standard,17,1
8,5,standard,18,1
8,5,standard,19,1
8,5,standard,20,0
8,5,standard,21,1
8,5,standard,22,1
8,5,standard,23,1
8,5,standard,24,1
8,5,standard,25,0
8,5,standard,26,1
8,5,standard,27,0
8,5,standard,28,1
8,5,standard,29,0
8,5,standard,30,0
8,5,standard,31,0
8,5,standard,32,1
8,5,standard,33,0
8,5,standard,34,1
8,5,standard,35,1
8,5,standard,36,1
8,5,standard,37,0
8,5,standard,38,1
8,5,standard,39,1
8,5,standard,40,1
8,5,standard,41,0
8,5,standard,42,1
8,5,standard,43,1
8,5,standard,44,1
8,5,standard,45,1
8,5,standard,46,1
8,5,standard,47,0
8,5,standard,48,0
8,5,standard,49,0
8,5,standard,50,0
8,5,standard,51,1
8,5,standard,52,1
8,5,standard,53,1
8,5,standard,54,1
8,5,standard,55,1
8,5,standard,56,0
8,5,standard,57,1
8,5,standard,58,1
8,5,standard,59,1
8,5,standard,60,0
8,5,standard,61,0
8,5,standard,62,1
8,5,standard,63,1
8,5,standard,64,1
8,5,standard,65,0
8,5,standard,66,0
8,5,standard,67,1
8,5,standard,68,1
8,5,standard,69,1
8,5,standard,70,1
8,5,standard,71,1
8,5,standard,72,1
8,5,standard,73,1
8,5,standard,74,0
8,5,standard,75,1
8,5,standard,76,1
8,5,standard,77,1
8,5,standard,78,1
8,5,standard,79,0
8,5,standard,80,1
8,5,standard,81,1
8,5,standard,82,0
8,5,standard,83,1
8,5,standard,84,0
8,5,standard,85,0
8,5,standard,86,1
8,5,standard,87,0
8,5,standard,88,1
8,5,standard,89,1
8,5,standard,90,1
8,5,standard,91,0
8,5,standard,92,1
8,5,standard,93,0
8,5,standard,94,0
8,5,standard,95,0
8,5,standard,96,1
8,5,standard,97,1
8,5,standard,98,1
8,5,standard,99,0
8,5,standard,100,0
8,5,hard,1,0
8,5,hard,2,0
8,5,hard,3,0
8,5,hard,4,0
8,5,hard,5,1
8,5,hard,6,0
8,5,hard,7,1
8,5,hard,8,0
8,5,hard,9,0
8,5,hard,10,0
8,5,hard,11,1
8,5,hard,12,1
8,5,hard,13,1
8,5,hard,14,1
8,5,hard,15,0
8,5,hard,16,0
8,5,hard,17,1
8,5,hard,18,1
8,5,hard,19,0
8,5,hard,20,0
8,5,hard,21,0
8,5,hard,22,0
8,5,hard,23,1
8,5,hard,24,1
8,5,hard,25,0
8,5,hard,26,1
8,5,hard,27,0
8,5,hard,28,0
8,5,hard,29,0
8,5,hard,30,1
8,5,hard,31,1
8,5,hard,32,1
8,5,hard,33,0
8,5,hard,34,0
8,5,hard,35,0
8,5,hard,36,1
8,5,hard,37,0
8,5,hard,38,1
8,5,hard,39,0
8,5,hard,40,1
8,5,hard,41,1
8,5,hard,42,1
8,5,hard,43,0
8,5,hard,44,1
8,5,hard,45,1
8,5,hard,46,1
8,5,hard,47,0
8,5,hard,48,1
8,5,hard,49,0
8,5,hard,50,0
8,5,hard,51,1
8,5,hard,52,1
8,5,hard,53,1
8,5,hard,54,0
8,5,hard,55,0
8,5,hard,56,1
8,5,hard,57,0
8,5,hard,58,1
8,5,hard,59,1
8,5,hard,60,1
8,5,hard,61,1
8,5,hard,62,0
8,5,hard,63,1
8,5,hard,64,1
8,5,hard,65,0
8,5,hard,66,1
8,5,hard,67,1
8,5,hard,68,0
8,5,hard,69,0
8,5,hard,70,0
8,5,hard,71,1
8,5,hard,72,1
8,5,hard,73,1
8,5,hard,74,1
8,5,hard,75,1
8,5,hard,76,0
8,5,hard,77,1
8,5,hard,78,1
8,5,hard,79,0
8,5,hard,80,0
8,5,hard,81,1
8,5,hard,82,1
8,5,hard,83,0
8,5,hard,84,0
8,5,hard,85,1
8,5,hard,86,0
8,5,hard,87,0
8,5,hard,88,1
8,5,hard,89,0
8,5,hard,90,1
8,5,hard,91,1
8,5,hard,92,0
8,5,hard,93,0
8,5,hard,94,0
8,5,hard,95,0
8,5,hard,96,0
8,5,hard,97,1
8,5,hard,98,0
8,5,hard,99,1
8,5,hard,100,0
9,1,standard,1,1
9,1,standard,2,1
9,1,standard,3,1
9,1,standard,4,1
9,1,standard,5,1
9,1,standard,6,0
9,1,standard,7,1
9,1,standard,8,0
9,1,standard,9,0
9,1,standard,10,1
9,1,standard,11,0
9,1,standard,12,0
9,1,standard,13,1
9,1,standard,14,0
9,1,standard,15,1
9,1,standard,16,0
9,1,standard,17,0
9,1,standard,18,1
9,1,standard,19,1
9,1,standard,20,0
9,1,standard,21,0
9,1,standard,22,1
9,1,standard,23,1
9,1,standard,24,1
9,1,standard,25,1
9,1,standard,26,0
9,1,standard,27,1
9,1,standard,28,1
9,1,standard,29,1
9,1,standard,30,1
9,1,standard,31,0
9,1,standard,32,1
9,1,standard,33,1
9,1,standard,34,1
9,1,standard,35,1
9,1,standard,36,0
9,1,standard,37,1
9,1,standard,38,1
9,1,standard,39,0
9,1,standard,40,1
9,1,standard,41,0
9,1,standard,42,1
9,1,standard,43,0
9,1,standard,44,1
9,1,standard,45,1
9,1,standard,46,1
9,1,standard,47,0
9,1,standard,48,0
9,1,standard,49,0
9,1,standard,50,0
9,1,standard,51,0
9,1,standard,52,1
9,1,standard,53,1
9,1,standard,54,1
9,1,standard,55,1
9,1,standard,56,1
9,1,standard,57,0
9,1,standard,58,1
9,1,standard,59,0
9,1,standard,60,1
9,1,standard,61,0
9,1,standard,62,1
9,1,standard,63,0
9,1,standard,64,0
9,1,standard,65,1
9,1,standard,66,1
9,1,standard,67,1
9,1,standard,68,1
9,1,standard,69,0
9,1,standard,70,0
9,1,standard,71,0
9,1,standard,72,1
9,1,standard,73,1
9,1,standard,74,1
9,1,standard,75,1
9,1,standard,76,1
9,1,standard,77,1
9,1,standard,78,1
9,1,standard,79,1
9,1,standard,80,0
9,1,standard,81,1
9,1,standard,82,1
9,1,standard,83,0
9,1,standard,84,1
9,1,standard,85,1
9,1,standard,86,1
9,1,standard,87,1
9,1,standard,88,1
9,1,standard,89,1
9,1,standard,90,0
9,1,standard,91,0
9,1,standard,92,0
9,1,standard,93,1
9,1,standard,94,1
9,1,standard,95,1
9,1,standard,96,1
9,1,standard,97,1
9,1,standard,98,1
9,1,standard,99,1
9,1,standard,100,0
9,1,hard,1,0
9,1,hard,2,1
9,1,hard,3,1
9,1,hard,4,1
9,1,hard,5,1
9,1,hard,6,1
9,1,hard,7,0
9,1,hard,8,0
9,1,hard,9,1
9,1,hard,10,1
9,1,hard,11,0
9,1,hard,12,1
9,1,hard,13,1
9,1,hard,14,1
9,1,hard,15,1
9,1,hard,16,1
9,1,hard,17,0
9,1,hard,18,1
9,1,hard,19,1
9,1,hard,20,0
9,1,hard,21,0
9,1,hard,22,0
9,1,hard,23,1
9,1,hard,24,0
9,1,hard,25,0
9,1,hard,26,1
9,1,hard,27,1
9,1,hard,28,0
9,1,hard,29,1
9,1,hard,30,1
9,1,hard,31,0
9,1,hard,32,1
9,1,hard,33,1
9,1,hard,34,0
9,1,hard,35,0
9,1,hard,36,0
9,1,hard,37,1
9,1,hard,38,1
9,1,hard,39,1
9,1,hard,40,0
9,1,hard,41,1
9,1,hard,42,0
9,1,hard,43,0
9,1,hard,44,1
9,1,hard,45,0
9,1,hard,46,1
9,1,hard,47,1
9,1,hard,48,1
9,1,hard,49,0
9,1,hard,50,0
9,1,hard,51,1
9,1,hard,52,0
9,1,hard,53,1
9,1,hard,54,1
9,1,hard,55,0
9,1,hard,56,0
9,1,hard,57,1
9,1,hard,58,1
9,1,hard,59,1
9,1,hard,60,1
9,1,hard,61,0
9,1,hard,62,1
9,1,hard,63,0
9,1,hard,64,0
9,1,hard,65,1
9,1,hard,66,1
9,1,hard,67,1
9,1,hard,68,1
9,1,hard,69,1
9,1,hard,70,1
9,1,hard,71,1
9,1,hard,72,0
9,1,hard,73,0
9,1,hard,74,1
9,1,hard,75,0
9,1,hard,76,1
9,1,hard,77,1
9,1,hard,78,1
9,1,hard,79,1
9,1,hard,80,0
9,1,hard,81,0
9,1,hard,82,1
9,1,hard,83,1
9,1,hard,84,1
9,1,hard,85,1
9,1,hard,86,0
9,1,hard,87,0
9,1,hard,88,1
9,1,hard,89,0
9,1,hard,90,1
9,1,hard,91,1
9,1,hard,92,1
9,1,hard,93,0
9,1,hard,94,0
9,1,hard,95,1
9,1,hard,96,0
9,1,hard,97,1
9,1,hard,98,1
9,1,hard,99,0
9,1,hard,100,1
9,2,standard,1,1
9,2,standard,2,1
9,2,standard,3,1
9,2,standard,4,0
9,2,standard,5,1
9,2,standard,6,1
9,2,standard,7,1
9,2,standard,8,0
9,2,standard,9,1
9,2,standard,10,0
9,2,standard,11,1
9,2,standard,12,1
9,2,standard,13,1
9,2,standard,14,1
9,2,standard,15,1
9,2,standard,16,1
9,2,standard,17,0
9,2,standard,18,1
9,2,standard,19,1
9,2,standard,20,0
9,2,standard,21,1
9,2,standard,22,1
9,2,standard,23,1
9,2,standard,24,1
9,2,standard,25,1
9,2,standard,26,0
9,2,standard,27,1
9,2,standard,28,1
9,2,standard,29,0
9,2,standard,30,1
9,2,standard,31,1
9,2,standard,32,1
9,2,standard,33,1
9,2,standard,34,1
9,2,standard,35,0
9,2,standard,36,1
9,2,standard,37,1
9,2,standard,38,0
9,2,standard,39,0
9,2,standard,40,1
9,2,standard,41,1
9,2,standard,42,1
9,2,standard,43,1
9,2,standard,44,0
9,2,standard,45,1
9,2,standard,46,1
9,2,standard,47,1
9,2,standard,48,1
9,2,standard,49,1
9,2,standard,50,1
9,2,standard,51,0
9,2,standard,52,0
9,2,standard,53,0
9,2,standard,54,0
9,2,standard,55,1
9,2,standard,56,1
9,2,standard,57,1
9,2,standard,58,1
9,2,standard,59,1
9,2,standard,60,1
9,2,standard,61,0
9,2,standard,62,0
9,2,standard,63,0
9,2,standard,64,0
9,2,standard,65,1
9,2,standard,66,1
9,2,standard,67,1
9,2,standard,68,0
9,2,standard,69,1
9,2,standard,70,1
9,2,standard,71,0
9,2,standard,72,1
9,2,standard,73,1
9,2,standard,74,0
9,2,standard,75,1
9,2,standard,76,1
9,2,standard,77,1
9,2,standard,78,0
9,2,standard,79,1
9,2,standard,80,1
9,2,standard,81,1
9,2,standard,82,0
9,2,standard,83,1
9,2,standard,84,1
9,2,standard,85,0
9,2,standard,86,1
9,2,standard,87,1
9,2,standard,88,1
9,2,standard,89,1
9,2,standard,90,1
9,2,standard,91,1
9,2,standard,92,1
9,2,standard,93,1
9,2,standard,94,1
9,2,standard,95,1
9,2,standard,96,1
9,2,standard,97,1
9,2,standard,98,1
9,2,standard,99,1
9,2,standard,100,1
9,2,hard,1,1
9,2,hard,2,0
9,2,hard,3,1
9,2,hard,4,1
9,2,hard,5,1
9,2,hard,6,1
9,2,hard,7,1
9,2,hard,8,1
9,2,hard,9,1
9,2,hard,10,1
9,2,hard,11,0
9,2,hard,12,0
9,2,hard,13,0
9,2,hard,14,0
9,2,hard,15,1
9,2,hard,16,1
9,2,hard,17,1
9,2,hard,18,0
9,2,hard,19,1
9,2,hard,20,0
9,2,hard,21,0
9,2,hard,22,1
9,2,hard,23,1
9,2,hard,24,0
9,2,hard,25,1
9,2,hard,26,1
9,2,hard,27,0
9,2,hard,28,1
9,2,hard,29,0
9,2,hard,30,0
9,2,hard,31,1
9,2,hard,32,0
9,2,hard,33,1
9,2,hard,34,0
9,2,hard,35,1
9,2,hard,36,0
9,2,hard,37,1
9,2,hard,38,1
9,2,hard,39,1
9,2,hard,40,0
9,2,hard,41,0
9,2,hard,42,1
9,2,hard,43,0
9,2,hard,44,1
9,2,hard,45,0
9,2,hard,46,1
9,2,hard,47,1
9,2,hard,48,1
9,2,hard,49,1
9,2,hard,50,0
9,2,hard,51,0
9,2,hard,52,1
9,2,hard,53,1
9,2,hard,54,1
9,2,hard,55,0
9,2,hard,56,0
9,2,hard,57,0
9,2,hard,58,0
9,2,hard,59,0
9,2,hard,60,1
9,2,hard,61,1
9,2,hard,62,0
9,2,hard,63,0
9,2,hard,64,0
9,2,hard,65,1
9,2,hard,66,0
9,2,hard,67,1
9,2,hard,68,0
9,2,hard,69,1
9,2,hard,70,0
9,2,hard,71,0
9,2,hard,72,0
9,2,hard,73,0
9,2,hard,74,0
9,2,hard,75,1
9,2,hard,76,0
9,2,hard,77,1
9,2,hard,78,0
9,2,hard,79,1
9,2,hard,80,0
9,2,hard,81,1
9,2,hard,82,1
9,2,hard,83,1
9,2,hard,84,1
9,2,hard,85,1
9,2,hard,86,0
9,2,hard,87,0
9,2,hard,88,0
9,2,hard,89,1
9,2,hard,90,0
9,2,hard,91,0
9,2,hard,92,0
9,2,hard,93,1
9,2,hard,94,0
9,2,hard,95,1
9,2,hard,96,1
9,2,hard,97,1
9,2,hard,98,0
9,2,hard,99,1
9,2,hard,100,0
9,3,standard,1,1
9,3,standard,2,0
9,3,standard,3,1
9,3,standard,4,1
9,3,standard,5,1
9,3,standard,6,1
9,3,standard,7,1
9,3,standard,8,0
9,3,standard,9,1
9,3,standard,10,0
9,3,standard,11,1
9,3,standard,12,1
9,3,standard,13,1
9,3,standard,14,1
9,3,standard,15,1
9,3,standard,16,0
9,3,standard,17,1
9,3,standard,18,1
9,3,standard,19,1
9,3,standard,20,1
9,3,standard,21,1
9,3,standard,22,1
9,3,standard,23,1
9,3,standard,24,1
9,3,standard,25,1
9,3,standard,26,1
9,3,standard,27,1
9,3,standard,28,1
9,3,standard,29,1
9,3,standard,30,1
9,3,standard,31,1
9,3,standard,32,1
9,3,standard,33,0
9,3,standard,34,1
9,3,standard,35,1
9,3,standard,36,1
9,3,standard,37,1
9,3,standard,38,0
9,3,standard,39,1
9,3,standard,40,0
9,3,standard,41,1
9,3,standard,42,1
9,3,standard,43,1
9,3,standard,44,1
9,3,standard,45,1
9,3,standard,46,1
9,3,standard,47,0
9,3,standard,48,1
9,3,standard,49,1
9,3,standard,50,1
9,3,standard,51,1
9,3,standard,52,1
9,3,standard,53,1
9,3,standard,54,0
9,3,standard,55,0
9,3,standard,56,0
9,3,standard,57,1
9,3,standard,58,0
9,3,standard,59,1
9,3,standard,60,1
9,3,standard,61,1
9,3,standard,62,1
9,3,standard,63,0
9,3,standard,64,1
9,3,standard,65,0
9,3,standard,66,1
9,3,standard,67,0
9,3,standard,68,0
9,3,standard,69,1
9,3,standard,70,1
9,3,standard,71,1
9,3,standard,72,1
9,3,standard,73,1
9,3,standard,74,0
9,3,standard,75,1
9,3,standard,76,1
9,3,standard,77,1
9,3,standard,78,1
9,3,standard,79,1
9,3,standard,80,1
9,3,standard,81,1
9,3,standard,82,1
9,3,standard,83,1
9,3,standard,84,0
9,3,standard,85,0
9,3,standard,86,1
9,3,standard,87,1
9,3,standard,88,1
9,3,standard,89,1
9,3,standard,90,0
9,3,standard,91,1
9,3,standard,92,1
9,3,standard,93,1
9,3,standard,94,1
9,3,standard,95,1
9,3,standard,96,1
9,3,standard,97,1
9,3,standard,98,1
9,3,standard,99,0
9,3,standard,100,1
9,3,hard,1,0
9,3,hard,2,1
9,3,hard,3,1
9,3,hard,4,0
9,3,hard,5,1
9,3,hard,6,0
9,3,hard,7,1
9,3,hard,8,1
9,3,hard,9,0
9,3,hard,10,1
9,3,hard,11,1
9,3,hard,12,1
9,3,hard,13,1
9,3,hard,14,1
9,3,hard,15,1
9,3,hard,16,1
9,3,hard,17,1
9,3,hard,18,1
9,3,hard,19,1
9,3,hard,20,1
9,3,hard,21,1
9,3,hard,22,1
9,3,hard,23,1
9,3,hard,24,0
9,3,hard,25,1
9,3,hard,26,1
9,3,hard,27,1
9,3,hard,28,0
9,3,hard,29,0
9,3,hard,30,1
9,3,hard,31,0
9,3,hard,32,0
9,3,hard,33,0
9,3,hard,34,1
9,3,hard,35,0
9,3,hard,36,1
9,3,hard,37,1
9,3,hard,38,1
9,3,hard,39,1
9,3,hard,40,1
9,3,hard,41,0
9,3,hard,42,0
9,3,hard,43,0
9,3,hard,44,1
9,3,hard,45,1
9,3,hard,46,1
9,3,hard,47,1
9,3,hard,48,1
9,3,hard,49,0
9,3,hard,50,1
9,3,hard,51,0
9,3,hard,52,1
9,3,hard,53,1
9,3,hard,54,0
9,3,hard,55,0
9,3,hard,56,1
9,3,hard,57,1
9,3,hard,58,1
9,3,hard,59,1
9,3,hard,60,1
9,3,hard,61,1
9,3,hard,62,1
9,3,hard,63,1
9,3,hard,64,1
9,3,hard,65,1
9,3,hard,66,1
9,3,hard,67,1
9,3,hard,68,1
9,3,hard,69,0
9,3,hard,70,1
9,3,hard,71,0
9,3,hard,72,1
9,3,hard,73,1
9,3,hard,74,1
9,3,hard,75,0
9,3,hard,76,1
9,3,hard,77,0
9,3,hard,78,1
9,3,hard,79,0
9,3,hard,80,0
9,3,hard,81,1
9,3,hard,82,1
9,3,hard,83,1
9,3,hard,84,1
9,3,hard,85,1
9,3,hard,86,0
9,3,hard,87,0
9,3,hard,88,1
9,3,hard,89,0
9,3,hard,90,1
9,3,hard,91,0
9,3,hard,92,1
9,3,hard,93,1
9,3,hard,94,0
9,3,hard,95,1
9,3,hard,96,1
9,3,hard,97,1
9,3,hard,98,1
9,3,hard,99,1
9,3,hard,100,1
9,4,standard,1,1
9,4,standard,2,0
9,4,standard,3,1
9,4,standard,4,1
9,4,standard,5,1
9,4,standard,6,1
9,4,standard,7,0
9,4,standard,8,0
9,4,standard,9,1
9,4,standard,10,1
9,4,standard,11,1
9,4,standard,12,1
9,4,standard,13,1
9,4,standard,14,0
9,4,standard,15,1
9,4,standard,16,1
9,4,standard,17,1
9,4,standard,18,1
9,4,standard,19,1
9,4,standard,20,0
9,4,standard,21,1
9,4,standard,22,1
9,4,standard,23,1
9,4,standard,24,1
9,4,standard,25,0
9,4,standard,26,0
9,4,standard,27,1
9,4,standard,28,1
9,4,standard,29,1
9,4,standard,30,1
9,4,standard,31,1
9,4,standard,32,0
9,4,standard,33,1
9,4,standard,34,1
9,4,standard,35,1
9,4,standard,36,1
9,4,standard,37,1
9,4,standard,38,1
9,4,standard,39,1
9,4,standard,40,1
9,4,standard,41,1
9,4,standard,42,1
9,4,standard,43,1
9,4,standard,44,1
9,4,standard,45,1
9,4,standard,46,1
9,4,standard,47,1
9,4,standard,48,1
9,4,standard,49,1
9,4,standard,50,1
9,4,standard,51,1
9,4,standard,52,1
9,4,standard,53,0
9,4,standard,54,1
9,4,standard,55,1
9,4,standard,56,0
9,4,standard,57,1
9,4,standard,58,1
9,4,standard,59,1
9,4,standard,60,1
9,4,standard,61,1
9,4,standard,62,1
9,4,standard,63,0
9,4,standard,64,1
9,4,standard,65,1
9,4,standard,66,1
9,4,standard,67,0
9,4,standard,68,0
9,4,standard,69,1
9,4,standard,70,1
9,4,standard,71,1
9,4,standard,72,1
9,4,standard,73,1
9,4,standard,74,1
9,4,standard,75,1
9,4,standard,76,1
9,4,standard,77,1
9,4,standard,78,1
9,4,standard,79,1
9,4,standard,80,1
9,4,standard,81,1
9,4,standard,82,1
9,4,standard,83,1
9,4,standard,84,1
9,4,standard,85,1
9,4,standard,86,1
9,4,standard,87,1
9,4,standard,88,1
9,4,standard,89,1
9,4,standard,90,1
9,4,standard,91,0
9,4,standard,92,0
9,4,standard,93,1
9,4,standard,94,1
9,4,standard,95,1
9,4,standard,96,1
9,4,standard,97,1
9,4,standard,98,1
9,4,standard,99,1
9,4,standard,100,1
9,4,hard,1,1
9,4,hard,2,1
9,4,hard,3,1
9,4,hard,4,0
9,4,hard,5,0
9,4,hard,6,1
9,4,hard,7,0
9,4,hard,8,0
9,4,hard,9,0
9,4,hard,10,0
9,4,hard,11,1
9,4,hard,12,1
9,4,hard,13,0
9,4,hard,14,0
9,4,hard,15,0
9,4,hard,16,1
9,4,hard,17,1
9,4,hard,18,0
9,4,hard,19,1
9,4,hard,20,1
9,4,hard,21,0
9,4,hard,22,0
9,4,hard,23,0
9,4,hard,24,0
9,4,hard,25,1
9,4,hard,26,0
9,4,hard,27,1
9,4,hard,28,0
9,4,hard,29,1
9,4,hard,30,0
9,4,hard,31,0
9,4,hard,32,0
9,4,hard,33,1
9,4,hard,34,0
9,4,hard,35,1
9,4,hard,36,0
9,4,hard,37,0
9,4,hard,38,1
9,4,hard,39,1
9,4,hard,40,0
9,4,hard,41,1
9,4,hard,42,1
9,4,hard,43,0
9,4,hard,44,0
9,4,hard,45,0
9,4,hard,46,1
9,4,hard,47,1
9,4,hard,48,0
9,4,hard,49,0
9,4,hard,50,0
9,4,hard,51,0
9,4,hard,52,1
9,4,hard,53,1
9,4,hard,54,1
9,4,hard,55,1
9,4,hard,56,0
9,4,hard,57,0
9,4,hard,58,1
9,4,hard,59,0
9,4,hard,60,1
9,4,hard,61,1
9,4,hard,62,0
9,4,hard,63,0
9,4,hard,64,0
9,4,hard,65,1
9,4,hard,66,1
9,4,hard,67,1
9,4,hard,68,0
9,4,hard,69,1
9,4,hard,70,1
9,4,hard,71,1
9,4,hard,72,1
9,4,hard,73,0
9,4,hard,74,1
9,4,hard,75,0
9,4,hard,76,0
9,4,hard,77,0
9,4,hard,78,1
9,4,hard,79,1
9,4,hard,80,1
9,4,hard,81,1
9,4,hard,82,0
9,4,hard,83,1
9,4,hard,84,1
9,4,hard,85,0
9,4,hard,86,1
9,4,hard,87,0
9,4,hard,88,0
9,4,hard,89,0
9,4,hard,90,1
9,4,hard,91,0
9,4,hard,92,1
9,4,hard,93,1
9,4,hard,94,0
9,4,hard,95,0
9,4,hard,96,1
9,4,hard,97,0
9,4,hard,98,1
9,4,hard,99,1
9,4,hard,100,0
9,5,standard,1,1
9,5,standard,2,1
9,5,standard,3,1
9,5,standard,4,1
9,5,standard,5,1
9,5,standard,6,0
9,5,standard,7,1
9,5,standard,8,1
9,5,standard,9,0
9,5,standard,10,1
9,5,standard,11,1
9,5,standard,12,1
9,5,standard,13,1
9,5,standard,14,1
9,5,standard,15,1
9,5,standard,16,0
9,5,standard,17,1
9,5,standard,18,0
9,5,standard,19,1
9,5,standard,20,0
9,5,standard,21,1
9,5,standard,22,1
9,5,standard,23,1
9,5,standard,24,0
9,5,standard,25,1
9,5,standard,26,0
9,5,standard,27,0
9,5,standard,28,1
9,5,standard,29,1
9,5,standard,30,0
9,5,standard,31,1
9,5,standard,32,0
9,5,standard,33,1
9,5,standard,34,0
9,5,standard,35,0
9,5,standard,36,1
9,5,standard,37,1
9,5,standard,38,1
9,5,standard,39,1
9,5,standard,40,0
9,5,standard,41,1
9,5,standard,42,1
9,5,standard,43,1
9,5,standard,44,1
9,5,standard,45,1
9,5,standard,46,1
9,5,standard,47,1
9,5,standard,48,1
9,5,standard,49,0
9,5,standard,50,1
9,5,standard,51,0
9,5,standard,52,0
9,5,standard,53,1
9,5,standard,54,1
9,5,standard,55,1
9,5,standard,56,1
9,5,standard,57,1
9,5,standard,58,1
9,5,standard,59,1
9,5,standard,60,1
9,5,standard,61,0
9,5,standard,62,0
9,5,standard,63,1
9,5,standard,64,1
9,5,standard,65,1
9,5,standard,66,0
9,5,standard,67,1
9,5,standard,68,0
9,5,standard,69,1
9,5,standard,70,0
9,5,standard,71,1
9,5,standard,72,0
9,5,standard,73,0
9,5,standard,74,1
9,5,standard,75,0
9,5,standard,76,1
9,5,standard,77,1
9,5,standard,78,1
9,5,standard,79,1
9,5,standard,80,0
9,5,standard,81,1
9,5,standard,82,1
9,5,standard,83,0
9,5,standard,84,1
9,5,standard,85,1
9,5,standard,86,0
9,5,standard,87,0
9,5,standard,88,0
9,5,standard,89,1
9,5,standard,90,1
9,5,standard,91,1
9,5,standard,92,1
9,5,standard,93,0
9,5,standard,94,0
9,5,standard,95,0
9,5,standard,96,0
9,5,standard,97,1
9,5,standard,98,0
9,5,standard,99,1
9,5,standard,100,1
9,5,hard,1,1
9,5,hard,2,0
9,5,hard,3,1
9,5,hard,4,1
9,5,hard,5,0
9,5,hard,6,0
9,5,hard,7,1
9,5,hard,8,0
9,5,hard,9,1
9,5,hard,10,1
9,5,hard,11,0
9,5,hard,12,1
9,5,hard,13,1
9,5,hard,14,1
9,5,hard,15,1
9,5,hard,16,1
9,5,hard,17,1
9,5,hard,18,1
9,5,hard,19,1
9,5,hard,20,0
9,5,hard,21,0
9,5,hard,22,1
9,5,hard,23,1
9,5,hard,24,0
9,5,hard,25,1
9,5,hard,26,1
9,5,hard,27,1
9,5,hard,28,1
9,5,hard,29,1
9,5,hard,30,1
9,5,hard,31,1
9,5,hard,32,1
9,5,hard,33,1
9,5,hard,34,0
9,5,hard,35,0
9,5,hard,36,0
9,5,hard,37,0
9,5,hard,38,1
9,5,hard,39,0
9,5,hard,40,1
9,5,hard,41,1
9,5,hard,42,1
9,5,hard,43,0
9,5,hard,44,1
9,5,hard,45,1
9,5,hard,46,0
9,5,hard,47,1
9,5,hard,48,1
9,5,hard,49,0
9,5,hard,50,1
9,5,hard,51,1
9,5,hard,52,0
9,5,hard,53,0
9,5,hard,54,1
9,5,hard,55,1
9,5,hard,56,1
9,5,hard,57,1
9,5,hard,58,0
9,5,hard,59,1
9,5,hard,60,1
9,5,hard,61,1
9,5,hard,62,0
9,5,hard,63,0
9,5,hard,64,1
9,5,hard,65,1
9,5,hard,66,1
9,5,hard,67,0
9,5,hard,68,1
9,5,hard,69,1
9,5,hard,70,1
9,5,hard,71,1
9,5,hard,72,0
9,5,hard,73,1
9,5,hard,74,1
9,5,hard,75,1
9,5,hard,76,1
9,5,hard,77,1
9,5,hard,78,1
9,5,hard,79,1
9,5,hard,80,1
9,5,hard,81,1
9,5,hard,82,1
9,5,hard,83,0
9,5,hard,84,1
9,5,hard,85,1
9,5,hard,86,0
9,5,hard,87,1
9,5,hard,88,1
9,5,hard,89,0
9,5,hard,90,1
9,5,hard,91,1
9,5,hard,92,1
9,5,hard,93,1
9,5,hard,94,0
9,5,hard,95,1
9,5,hard,96,1
9,5,hard,97,0
9,5,hard,98,0
9,5,hard,99,1
9,5,hard,100,1
10,1,standard,1,1
10,1,standard,2,0
10,1,standard,3,0
10,1,standard,4,0
10,1,standard,5,0
10,1,standard,6,1
10,1,standard,7,0
10,1,standard,8,0
10,1,standard,9,1
10,1,standard,10,0
10,1,standard,11,1
10,1,standard,12,0
10,1,standard,13,1
10,1,standard,14,0
10,1,standard,15,1
10,1,standard,16,1
10,1,standard,17,1
10,1,standard,18,1
10,1,standard,19,1
10,1,standard,20,1
10,1,standard,21,1
10,1,standard,22,0
10,1,standard,23,0
10,1,standard,24,1
10,1,standard,25,0
10,1,standard,26,1
10,1,standard,27,1
10,1,standard,28,1
10,1,standard,29,0
10,1,standard,30,0
10,1,standard,31,0
10,1,standard,32,0
10,1,standard,33,1
10,1,standard,34,1
10,1,standard,35,0
10,1,standard,36,1
10,1,standard,37,1
10,1,standard,38,1
10,1,standard,39,0
10,1,standard,40,0
10,1,standard,41,1
10,1,standard,42,0
10,1,standard,43,1
10,1,standard,44,0
10,1,standard,45,1
10,1,standard,46,1
10,1,standard,47,1
10,1,standard,48,1
10,1,standard,49,1
10,1,standard,50,0
10,1,standard,51,1
10,1,standard,52,1
10,1,standard,53,0
10,1,standard,54,0
10,1,standard,55,1
10,1,standard,56,0
10,1,standard,57,1
10,1,standard,58,1
10,1,standard,59,1
10,1,standard,60,1
10,1,standard,61,1
10,1,standard,62,1
10,1,standard,63,0
10,1,standard,64,0
10,1,standard,65,0
10,1,standard,66,1
10,1,standard,67,1
10,1,standard,68,0
10,1,standard,69,1
10,1,standard,70,1
10,1,standard,71,0
10,1,standard,72,1
10,1,standard,73,1
10,1,standard,74,1
10,1,standard,75,1
10,1,standard,76,0
10,1,standard,77,1
10,1,standard,78,0
10,1,standard,79,0
10,1,standard,80,1
10,1,standard,81,0
10,1,standard,82,1
10,1,standard,83,0
10,1,standard,84,1
10,1,standard,85,1
10,1,standard,86,0
10,1,standard,87,1
10,1,standard,88,1
10,1,standard,89,1
10,1,standard,90,1
10,1,standard,91,0
10,1,standard,92,1
10,1,standard,93,1
10,1,standard,94,0
10,1,standard,95,1
10,1,standard,96,0
10,1,standard,97,0
10,1,standard,98,0
10,1,standard,99,1
10,1,standard,100,0
10,1,hard,1,1
10,1,hard,2,0
10,1,hard,3,1
10,1,hard,4,0
10,1,hard,5,0
10,1,hard,6,1
10,1,hard,7,1
10,1,hard,8,0
10,1,hard,9,1
10,1,hard,10,1
10,1,hard,11,0
10,1,hard,12,1
10,1,hard,13,1
10,1,hard,14,1
10,1,hard,15,1
10,1,hard,16,1
10,1,hard,17,1
10,1,hard,18,1
10,1,hard,19,1
10,1,hard,20,1
10,1,hard,21,1
10,1,hard,22,0
10,1,hard,23,0
10,1,hard,24,0
10,1,hard,25,0
10,1,hard,26,1
10,1,hard,27,1
10,1,hard,28,0
10,1,hard,29,1
10,1,hard,30,1
10,1,hard,31,0
10,1,hard,32,0
10,1,hard,33,0
10,1,hard,34,1
10,1,hard,35,0
10,1,hard,36,1
10,1,hard,37,1
10,1,hard,38,0
10,1,hard,39,0
10,1,hard,40,1
10,1,hard,41,1
10,1,hard,42,0
10,1,hard,43,1
10,1,hard,44,1
10,1,hard,45,1
10,1,hard,46,1
10,1,hard,47,0
10,1,hard,48,1
10,1,hard,49,0
10,1,hard,50,1
10,1,hard,51,0
10,1,hard,52,1
10,1,hard,53,1
10,1,hard,54,1
10,1,hard,55,0
10,1,hard,56,0
10,1,hard,57,1
10,1,hard,58,1
10,1,hard,59,0
10,1,hard,60,0
10,1,hard,61,1
10,1,hard,62,0
10,1,hard,63,1
10,1,hard,64,1
10,1,hard,65,1
10,1,hard,66,1
10,1,hard,67,1
10,1,hard,68,1
10,1,hard,69,1
10,1,hard,70,0
10,1,hard,71,0
10,1,hard,72,0
10,1,hard,73,1
10,1,hard,74,1
10,1,hard,75,1
10,1,hard,76,0
10,1,hard,77,1
10,1,hard,78,1
10,1,hard,79,0
10,1,hard,80,0
10,1,hard,81,0
10,1,hard,82,1
10,1,hard,83,0
10,1,hard,84,0
10,1,hard,85,0
10,1,hard,86,1
10,1,hard,87,1
10,1,hard,88,1
10,1,hard,89,1
10,1,hard,90,1
10,1,hard,91,1
10,1,hard,92,1
10,1,hard,93,1
10,1,hard,94,1
10,1,hard,95,1
10,1,hard,96,1
10,1,hard,97,1
10,1,hard,98,1
10,1,hard,99,0
10,1,hard,100,0
10,2,standard,1,1
10,2,standard,2,0
10,2,standard,3,1
10,2,standard,4,0
10,2,standard,5,0
10,2,standard,6,1
10,2,standard,7,1
10,2,standard,8,0
10,2,standard,9,1
10,2,standard,10,1
10,2,standard,11,1
10,2,standard,12,1
10,2,standard,13,0
10,2,standard,14,1
10,2,standard,15,0
10,2,standard,16,1
10,2,standard,17,1
10,2,standard,18,1
10,2,standard,19,1
10,2,standard,20,1
10,2,standard,21,1
10,2,standard,22,1
10,2,standard,23,1
10,2,standard,24,1
10,2,standard,25,1
10,2,standard,26,1
10,2,standard,27,1
10,2,standard,28,1
10,2,standard,29,1
10,2,standard,30,0
10,2,standard,31,1
10,2,standard,32,0
10,2,standard,33,1
10,2,standard,34,1
10,2,standard,35,0
10,2,standard,36,0
10,2,standard,37,1
10,2,standard,38,0
10,2,standard,39,1
10,2,standard,40,1
10,2,standard,41,0
10,2,standard,42,1
10,2,standard,43,1
10,2,standard,44,0
10,2,standard,45,1
10,2,standard,46,1
10,2,standard,47,1
10,2,standard,48,1
10,2,standard,49,1
10,2,standard,50,1
10,2,standard,51,0
10,2,standard,52,0
10,2,standard,53,1
10,2,standard,54,1
10,2,standard,55,1
10,2,standard,56,1
10,2,standard,57,1
10,2,standard,58,1
10,2,standard,59,1
10,2,standard,60,1
10,2,standard,61,0
10,2,standard,62,1
10,2,standard,63,1
10,2,standard,64,0
10,2,standard,65,1
10,2,standard,66,0
10,2,standard,67,1
10,2,standard,68,0
10,2,standard,69,1
10,2,standard,70,0
10,2,standard,71,1
10,2,standard,72,0
10,2,standard,73,1
10,2,standard,74,1
10,2,standard,75,1
10,2,standard,76,1
10,2,standard,77,1
10,2,standard,78,1
10,2,standard,79,1
10,2,standard,80,1
10,2,standard,81,1
10,2,standard,82,1
10,2,standard,83,0
10,2,standard,84,1
10,2,standard,85,1
10,2,standard,86,1
10,2,standard,87,1
10,2,standard,88,0
10,2,standard,89,1
10,2,standard,90,1
10,2,standard,91,1
10,2,standard,92,0
10,2,standard,93,1
10,2,standard,94,1
10,2,standard,95,1
10,2,standard,96,1
10,2,standard,97,1
10,2,standard,98,1
10,2,standard,99,1
10,2,standard,100,1
10,2,hard,1,0
10,2,hard,2,0
10,2,hard,3,0
10,2,hard,4,0
10,2,hard,5,0
10,2,hard,6,0
10,2,hard,7,0
10,2,hard,8,0
10,2,hard,9,1
10,2,hard,10,0
10,2,hard,11,1
10,2,hard,12,0
10,2,hard,13,1
10,2,hard,14,0
10,2,hard,15,1
10,2,hard,16,1
10,2,hard,17,1
10,2,hard,18,1
10,2,hard,19,1
10,2,hard,20,0
10,2,hard,21,1
10,2,hard,22,0
10,2,hard,23,1
10,2,hard,24,1
10,2,hard,25,1
10,2,hard,26,0
10,2,hard,27,1
10,2,hard,28,1
10,2,hard,29,1
10,2,hard,30,0
10,2,hard,31,0
10,2,hard,32,1
10,2,hard,33,1
10,2,hard,34,1
10,2,hard,35,1
10,2,hard,36,1
10,2,hard,37,1
10,2,hard,38,0
10,2,hard,39,1
10,2,hard,40,1
10,2,hard,41,1
10,2,hard,42,1
10,2,hard,43,1
10,2,hard,44,0
10,2,hard,45,1
10,2,hard,46,1
10,2,hard,47,0
10,2,hard,48,1
10,2,hard,49,0
10,2,hard,50,1
10,2,hard,51,1
10,2,hard,52,1
10,2,hard,53,1
10,2,hard,54,1
10,2,hard,55,0
10,2,hard,56,1
10,2,hard,57,1
10,2,hard,58,1
10,2,hard,59,1
10,2,hard,60,1
10,2,hard,61,1
10,2,hard,62,0
10,2,hard,63,1
10,2,hard,64,1
10,2,hard,65,1
10,2,hard,66,1
10,2,hard,67,0
10,2,hard,68,1
10,2,hard,69,1
10,2,hard,70,0
10,2,hard,71,1
10,2,hard,72,1
10,2,hard,73,1
10,2,hard,74,0
10,2,hard,75,0
10,2,hard,76,1
10,2,hard,77,1
10,2,hard,78,0
10,2,hard,79,1
10,2,hard,80,1
10,2,hard,81,1
10,2,hard,82,1
10,2,hard,83,0
10,2,hard,84,0
10,2,hard,85,1
10,2,hard,86,0
10,2,hard,87,1
10,2,hard,88,1
10,2,hard,89,0
10,2,hard,90,1
10,2,hard,91,1
10,2,hard,92,1
10,2,hard,93,0
10,2,hard,94,0
10,2,hard,95,1
10,2,hard,96,1
10,2,hard,97,0
10,2,hard,98,0
10,2,hard,99,1
10,2,hard,100,0
10,3,standard,1,0
10,3,standard,2,0
10,3,standard,3,1
10,3,standard,4,1
10,3,standard,5,0
10,3,standard,6,1
10,3,standard,7,1
10,3,standard,8,0
10,3,standard,9,0
10,3,standard,10,1
10,3,standard,11,1
10,3,standard,12,0
10,3,standard,13,0
10,3,standard,14,1
10,3,standard,15,0
10,3,standard,16,0
10,3,standard,17,1
10,3,standard,18,1
10,3,standard,19,0
10,3,standard,20,1
10,3,standard,21,0
10,3,standard,22,1
10,3,standard,23,0
10,3,standard,24,1
10,3,standard,25,0
10,3,standard,26,1
10,3,standard,27,0
10,3,standard,28,1
10,3,standard,29,0
10,3,standard,30,0
10,3,standard,31,0
10,3,standard,32,0
10,3,standard,33,1
10,3,standard,34,0
10,3,standard,35,1
10,3,standard,36,1
10,3,standard,37,1
10,3,standard,38,0
10,3,standard,39,1
10,3,standard,40,0
10,3,standard,41,0
10,3,standard,42,1
10,3,standard,43,0
10,3,standard,44,1
10,3,standard,45,0
10,3,standard,46,0
10,3,standard,47,1
10,3,standard,48,1
10,3,standard,49,0
10,3,standard,50,1
10,3,standard,51,0
10,3,standard,52,0
10,3,standard,53,1
10,3,standard,54,0
10,3,standard,55,1
10,3,standard,56,1
10,3,standard,57,0
10,3,standard,58,1
10,3,standard,59,0
10,3,standard,60,1
10,3,standard,61,0
10,3,standard,62,0
10,3,standard,63,0
10,3,standard,64,1
10,3,standard,65,0
10,3,standard,66,1
10,3,standard,67,1
10,3,standard,68,0
10,3,standard,69,1
10,3,standard,70,1
10,3,standard,71,1
10,3,standard,72,0
10,3,standard,73,1
10,3,standard,74,1
10,3,standard,75,0
10,3,standard,76,1
10,3,standard,77,1
10,3,standard,78,1
10,3,standard,79,1
10,3,standard,80,0
10,3,standard,81,1
10,3,standard,82,0
10,3,standard,83,0
10,3,standard,84,0
10,3,standard,85,1
10,3,standard,86,1
10,3,standard,87,1
10,3,standard,88,0
10,3,standard,89,1
10,3,standard,90,0
10,3,standard,91,1
10,3,standard,92,1
10,3,standard,93,1
10,3,standard,94,1
10,3,standard,95,1
10,3,standard,96,1
10,3,standard,97,1
10,3,standard,98,0
10,3,standard,99,0
10,3,standard,100,1
10,3,hard,1,0
10,3,hard,2,1
10,3,hard,3,1
10,3,hard,4,1
10,3,hard,5,1
10,3,hard,6,1
10,3,hard,7,0
10,3,hard,8,1
10,3,hard,9,1
10,3,hard,10,0
10,3,hard,11,1
10,3,hard,12,1
10,3,hard,13,1
10,3,hard,14,1
10,3,hard,15,1
10,3,hard,16,0
10,3,hard,17,0
10,3,hard,18,1
10,3,hard,19,1
10,3,hard,20,1
10,3,hard,21,1
10,3,hard,22,1
10,3,hard,23,1
10,3,hard,24,0
10,3,hard,25,0
10,3,hard,26,0
10,3,hard,27,0
10,3,hard,28,1
10,3,hard,29,1
10,3,hard,30,1
10,3,hard,31,0
10,3,hard,32,1
10,3,hard,33,1
10,3,hard,34,0
10,3,hard,35,0
10,3,hard,36,1
10,3,hard,37,1
10,3,hard,38,1
10,3,hard,39,1
10,3,hard,40,1
10,3,hard,41,1
10,3,hard,42,0
10,3,hard,43,0
10,3,hard,44,0
10,3,hard,45,1
10,3,hard,46,1
10,3,hard,47,1
10,3,hard,48,0
10,3,hard,49,1
10,3,hard,50,0
10,3,hard,51,1
10,3,hard,52,1
10,3,hard,53,1
10,3,hard,54,0
10,3,hard,55,0
10,3,hard,56,1
10,3,hard,57,1
10,3,hard,58,0
10,3,hard,59,0
10,3,hard,60,1
10,3,hard,61,0
10,3,hard,62,0
10,3,hard,63,1
10,3,hard,64,1
10,3,hard,65,0
10,3,hard,66,1
10,3,hard,67,1
10,3,hard,68,1
10,3,hard,69,1
10,3,hard,70,1
10,3,hard,71,1
10,3,hard,72,1
10,3,hard,73,0
10,3,hard,74,1
10,3,hard,75,0
10,3,hard,76,0
10,3,hard,77,1
10,3,hard,78,0
10,3,hard,79,1
10,3,hard,80,1
10,3,hard,81,1
10,3,hard,82,1
10,3,hard,83,1
10,3,hard,84,1
10,3,hard,85,1
10,3,hard,86,1
10,3,hard,87,1
10,3,hard,88,0
10,3,hard,89,1
10,3,hard,90,1
10,3,hard,91,1
10,3,hard,92,1
10,3,hard,93,0
10,3,hard,94,0
10,3,hard,95,0
10,3,hard,96,1
10,3,hard,97,1
10,3,hard,98,1
10,3,hard,99,1
10,3,hard,100,1
10,4,standard,1,1
10,4,standard,2,0
10,4,standard,3,1
10,4,standard,4,0
10,4,standard,5,0
10,4,standard,6,1
10,4,standard,7,1
10,4,standard,8,1
10,4,standard,9,1
10,4,standard,10,1
10,4,standard,11,0
10,4,standard,12,0
10,4,standard,13,0
10,4,standard,14,1
10,4,standard,15,1
10,4,standard,16,1
10,4,standard,17,1
10,4,standard,18,1
10,4,standard,19,1
10,4,standard,20,1
10,4,standard,21,1
10,4,standard,22,1
10,4,standard,23,1
10,4,standard,24,1
10,4,standard,25,1
10,4,standard,26,1
10,4,standard,27,1
10,4,standard,28,1
10,4,standard,29,1
10,4,standard,30,1
10,4,standard,31,0
10,4,standard,32,1
10,4,standard,33,0
10,4,standard,34,1
10,4,standard,35,1
10,4,standard,36,1
10,4,standard,37,0
10,4,standard,38,1
10,4,standard,39,1
10,4,standard,40,1
10,4,standard,41,0
10,4,standard,42,1
10,4,standard,43,1
10,4,standard,44,1
10,4,standard,45,0
10,4,standard,46,1
10,4,standard,47,1
10,4,standard,48,1
10,4,standard,49,1
10,4,standard,50,1
10,4,standard,51,0
10,4,standard,52,1
10,4,standard,53,1
10,4,standard,54,1
10,4,standard,55,1
10,4,standard,56,1
10,4,standard,57,1
10,4,standard,58,1
10,4,standard,59,1
10,4,standard,60,0
10,4,standard,61,1
10,4,standard,62,1
10,4,standard,63,1
10,4,standard,64,1
10,4,standard,65,1
10,4,standard,66,1
10,4,standard,67,1
10,4,standard,68,1
10,4,standard,69,0
10,4,standard,70,1
10,4,standard,71,1
10,4,standard,72,1
10,4,standard,73,1
10,4,standard,74,1
10,4,standard,75,1
10,4,standard,76,1
10,4,standard,77,0
10,4,standard,78,1
10,4,standard,79,1
10,4,standard,80,1
10,4,standard,81,1
10,4,standard,82,1
10,4,standard,83,1
10,4,standard,84,1
10,4,standard,85,1
10,4,standard,86,1
10,4,standard,87,1
10,4,standard,88,1
10,4,standard,89,1
10,4,standard,90,0
10,4,standard,91,1
10,4,standard,92,0
10,4,standard,93,0
10,4,standard,94,1
10,4,standard,95,1
10,4,standard,96,1
10,4,standard,97,1
10,4,standard,98,1
10,4,standard,99,1
10,4,standard,100,1
10,4,hard,1,0
10,4,hard,2,1
10,4,hard,3,1
10,4,hard,4,1
10,4,hard,5,1
10,4,hard,6,0
10,4,hard,7,1
10,4,hard,8,0
10,4,hard,9,1
10,4,hard,10,1
10,4,hard,11,1
10,4,hard,12,0
10,4,hard,13,0
10,4,hard,14,1
10,4,hard,15,0
10,4,hard,16,1
10,4,hard,17,1
10,4,hard,18,1
10,4,hard,19,0
10,4,hard,20,1
10,4,hard,21,1
10,4,hard,22,1
10,4,hard,23,0
10,4,hard,24,1
10,4,hard,25,0
10,4,hard,26,0
10,4,hard,27,0
10,4,hard,28,1
10,4,hard,29,0
10,4,hard,30,0
10,4,hard,31,1
10,4,hard,32,0
10,4,hard,33,0
10,4,hard,34,1
10,4,hard,35,1
10,4,hard,36,0
10,4,hard,37,0
10,4,hard,38,1
10,4,hard,39,1
10,4,hard,40,0
10,4,hard,41,1
10,4,hard,42,1
10,4,hard,43,1
10,4,hard,44,1
10,4,hard,45,1
10,4,hard,46,0
10,4,hard,47,1
10,4,hard,48,0
10,4,hard,49,0
10,4,hard,50,1
10,4,hard,51,0
10,4,hard,52,0
10,4,hard,53,1
10,4,hard,54,0
10,4,hard,55,0
10,4,hard,56,1
10,4,hard,57,1
10,4,hard,58,1
10,4,hard,59,0
10,4,hard,60,1
10,4,hard,61,1
10,4,hard,62,1
10,4,hard,63,1
10,4,hard,64,1
10,4,hard,65,1
10,4,hard,66,0
10,4,hard,67,1
10,4,hard,68,0
10,4,hard,69,1
10,4,hard,70,1
10,4,hard,71,0
10,4,hard,72,0
10,4,hard,73,0
10,4,hard,74,1
10,4,hard,75,1
10,4,hard,76,1
10,4,hard,77,0
10,4,hard,78,1
10,4,hard,79,0
10,4,hard,80,0
10,4,hard,81,1
10,4,hard,82,0
10,4,hard,83,1
10,4,hard,84,0
10,4,hard,85,0
10,4,hard,86,0
10,4,hard,87,1
10,4,hard,88,0
10,4,hard,89,1
10,4,hard,90,1
10,4,hard,91,1
10,4,hard,92,1
10,4,hard,93,1
10,4,hard,94,0
10,4,hard,95,0
10,4,hard,96,0
10,4,hard,97,1
10,4,hard,98,1
10,4,hard,99,1
10,4,hard,100,1
10,5,standard,1,0
10,5,standard,2,1
10,5,standard,3,0
10,5,standard,4,1
10,5,standard,5,0
10,5,standard,6,0
10,5,standard,7,0
10,5,standard,8,0
10,5,standard,9,0
10,5,standard,10,1
10,5,standard,11,1
10,5,standard,12,1
10,5,standard,13,0
10,5,standard,14,0
10,5,standard,15,0
10,5,standard,16,1
10,5,standard,17,1
10,5,standard,18,1
10,5,standard,19,1
10,5,standard,20,1
10,5,standard,21,1
10,5,standard,22,1
10,5,standard,23,1
10,5,standard,24,0
10,5,standard,25,1
10,5,standard,26,1
10,5,standard,27,0
10,5,standard,28,1
10,5,standard,29,1
10,5,standard,30,1
10,5,standard,31,1
10,5,standard,32,1
10,5,standard,33,0
10,5,standard,34,0
10,5,standard,35,1
10,5,standard,36,1
10,5,standard,37,0
10,5,standard,38,0
10,5,standard,39,1
10,5,standard,40,1
10,5,standard,41,1
10,5,standard,42,1
10,5,standard,43,0
10,5,standard,44,0
10,5,standard,45,1
10,5,standard,46,0
10,5,standard,47,1
10,5,standard,48,1
10,5,standard,49,0
10,5,standard,50,1
10,5,standard,51,1
10,5,standard,52,0
10,5,standard,53,1
10,5,standard,54,1
10,5,standard,55,0
10,5,standard,56,0
10,5,standard,57,1
10,5,standard,58,1
10,5,standard,59,1
10,5,standard,60,1
10,5,standard,61,0
10,5,standard,62,1
10,5,standard,63,1
10,5,standard,64,1
10,5,standard,65,1
10,5,standard,66,1
10,5,standard,67,0
10,5,standard,68,1
10,5,standard,69,1
10,5,standard,70,1
10,5,standard,71,0
10,5,standard,72,1
10,5,standard,73,0
10,5,standard,74,1
10,5,standard,75,1
10,5,standard,76,1
10,5,standard,77,1
10,5,standard,78,0
10,5,standard,79,1
10,5,standard,80,1
10,5,standard,81,1
10,5,standard,82,1
10,5,standard,83,1
10,5,standard,84,0
10,5,standard,85,1
10,5,standard,86,1
10,5,standard,87,1
10,5,standard,88,0
10,5,standard,89,1
10,5,standard,90,1
10,5,standard,91,1
10,5,standard,92,1
10,5,standard,93,1
10,5,standard,94,0
10,5,standard,95,1
10,5,standard,96,1
10,5,standard,97,1
10,5,standard,98,0
10,5,standard,99,0
10,5,standard,100,1
10,5,hard,1,1
10,5,hard,2,0
10,5,hard,3,1
10,5,hard,4,1
10,5,hard,5,0
10,5,hard,6,0
10,5,hard,7,0
10,5,hard,8,1
10,5,hard,9,1
10,5,hard,10,0
10,5,hard,11,1
10,5,hard,12,0
10,5,hard,13,1
10,5,hard,14,1
10,5,hard,15,1
10,5,hard,16,1
10,5,hard,17,1
10,5,hard,18,0
10,5,hard,19,0
10,5,hard,20,1
10,5,hard,21,1
10,5,hard,22,0
10,5,hard,23,0
10,5,hard,24,1
10,5,hard,25,1
10,5,hard,26,0
10,5,hard,27,1
10,5,hard,28,1
10,5,hard,29,1
10,5,hard,30,1
10,5,hard,31,1
10,5,hard,32,1
10,5,hard,33,1
10,5,hard,34,0
10,5,hard,35,1
10,5,hard,36,1
10,5,hard,37,1
10,5,hard,38,1
10,5,hard,39,1
10,5,hard,40,1
10,5,hard,41,1
10,5,hard,42,1
10,5,hard,43,1
10,5,hard,44,1
10,5,hard,45,1
10,5,hard,46,0
10,5,hard,47,0
10,5,hard,48,1
10,5,hard,49,1
10,5,hard,50,1
10,5,hard,51,1
10,5,hard,52,0
10,5,hard,53,0
10,5,hard,54,1
10,5,hard,55,1
10,5,hard,56,1
10,5,hard,57,1
10,5,hard,58,0
10,5,hard,59,1
10,5,hard,60,0
10,5,hard,61,1
10,5,hard,62,0
10,5,hard,63,0
10,5,hard,64,1
10,5,hard,65,1
10,5,hard,66,1
10,5,hard,67,0
10,5,hard,68,1
10,5,hard,69,0
10,5,hard,70,0
10,5,hard,71,1
10,5,hard,72,0
10,5,hard,73,1
10,5,hard,74,1
10,5,hard,75,1
10,5,hard,76,0
10,5,hard,77,1
10,5,hard,78,0
10,5,hard,79,1
10,5,hard,80,1
10,5,hard,81,1
10,5,hard,82,1
10,5,hard,83,1
10,5,hard,84,0
10,5,hard,85,0
10,5,hard,86,0
10,5,hard,87,1
10,5,hard,88,1
10,5,hard,89,1
10,5,hard,90,1
10,5,hard,91,1
10,5,hard,92,0
10,5,hard,93,1
10,5,hard,94,1
10,5,hard,95,1
10,5,hard,96,1
10,5,hard,97,1
10,5,hard,98,1
10,5,hard,99,0
10,5,hard,100,0
11,1,standard,1,1
11,1,standard,2,0
11,1,standard,3,1
11,1,standard,4,1
11,1,standard,5,0
11,1,standard,6,0
11,1,standard,7,1
11,1,standard,8,0
11,1,standard,9,0
11,1,standard,10,1
11,1,standard,11,0
11,1,standard,12,1
11,1,standard,13,1
11,1,standard,14,1
11,1,standard,15,1
11,1,standard,16,1
11,1,standard,17,0
11,1,standard,18,1
11,1,standard,19,0
11,1,standard,20,1
11,1,standard,21,0
11,1,standard,22,1
11,1,standard,23,0
11,1,standard,24,1
11,1,standard,25,1
11,1,standard,26,1
11,1,standard,27,1
11,1,standard,28,0
11,1,standard,29,0
11,1,standard,30,1
11,1,standard,31,1
11,1,standard,32,1
11,1,standard,33,1
11,1,standard,34,1
11,1,standard,35,1
11,1,standard,36,1
11,1,standard,37,0
11,1,standard,38,1
11,1,standard,39,1
11,1,standard,40,1
11,1,standard,41,0
11,1,standard,42,1
11,1,standard,43,1
11,1,standard,44,1
11,1,standard,45,1
11,1,standard,46,1
11,1,standard,47,0
11,1,standard,48,1
11,1,standard,49,1
11,1,standard,50,0
11,1,standard,51,1
11,1,standard,52,1
11,1,standard,53,1
11,1,standard,54,1
11,1,standard,55,1
11,1,standard,56,1
11,1,standard,57,1
11,1,standard,58,1
11,1,standard,59,1
11,1,standard,60,0
11,1,standard,61,1
11,1,standard,62,0
11,1,standard,63,0
11,1,standard,64,1
11,1,standard,65,0
11,1,standard,66,1
11,1,standard,67,0
11,1,standard,68,1
11,1,standard,69,0
11,1,standard,70,1
11,1,standard,71,0
11,1,standard,72,1
11,1,standard,73,1
11,1,standard,74,0
11,1,standard,75,1
11,1,standard,76,1
11,1,standard,77,1
11,1,standard,78,0
11,1,standard,79,0
11,1,standard,80,1
11,1,standard,81,1
11,1,standard,82,1
11,1,standard,83,1
11,1,standard,84,0
11,1,standard,85,1
11,1,standard,86,0
11,1,standard,87,0
11,1,standard,88,1
11,1,standard,89,0
11,1,standard,90,1
11,1,standard,91,1
11,1,standard,92,1
11,1,standard,93,0
11,1,standard,94,1
11,1,standard,95,1
11,1,standard,96,1
11,1,standard,97,1
11,1,standard,98,0
11,1,standard,99,1
11,1,standard,100,1
11,1,hard,1,0
11,1,hard,2,1
11,1,hard,3,0
11,1,hard,4,0
11,1,hard,5,0
11,1,hard,6,0
11,1,hard,7,0
11,1,hard,8,0
11,1,hard,9,1
11,1,hard,10,0
11,1,hard,11,0
11,1,hard,12,0
11,1,hard,13,1
11,1,hard,14,0
11,1,hard,15,0
11,1,hard,16,0
11,1,hard,17,1
11,1,hard,18,0
11,1,hard,19,0
11,1,hard,20,0
11,1,hard,21,0
11,1,hard,22,0
11,1,hard,23,1
11,1,hard,24,0
11,1,hard,25,1
11,1,hard,26,1
11,1,hard,27,0
11,1,hard,28,1
11,1,hard,29,1
11,1,hard,30,0
11,1,hard,31,0
11,1,hard,32,1
11,1,hard,33,1
11,1,hard,34,0
11,1,hard,35,0
11,1,hard,36,0
11,1,hard,37,0
11,1,hard,38,0
11,1,hard,39,1
11,1,hard,40,0
11,1,hard,41,0
11,1,hard,42,0
11,1,hard,43,0
11,1,hard,44,0
11,1,hard,45,0
11,1,hard,46,0
11,1,hard,47,0
11,1,hard,48,0
11,1,hard,49,1
11,1,hard,50,0
11,1,hard,51,0
11,1,hard,52,1
11,1,hard,53,1
11,1,hard,54,1
11,1,hard,55,1
11,1,hard,56,0
11,1,hard,57,0
11,1,hard,58,1
11,1,hard,59,0
11,1,hard,60,0
11,1,hard,61,0
11,1,hard,62,0
11,1,hard,63,0
11,1,hard,64,0
11,1,hard,65,0
11,1,hard,66,1
11,1,hard,67,1
11,1,hard,68,0
11,1,hard,69,0
11,1,hard,70,1
11,1,hard,71,1
11,1,hard,72,1
11,1,hard,73,0
11,1,hard,74,1
11,1,hard,75,1
11,1,hard,76,0
11,1,hard,77,0
11,1,hard,78,0
11,1,hard,79,0
11,1,hard,80,0
11,1,hard,81,1
11,1,hard,82,0
11,1,hard,83,1
11,1,hard,84,1
11,1,hard,85,0
11,1,hard,86,0
11,1,hard,87,0
11,1,hard,88,0
11,1,hard,89,0
11,1,hard,90,0
11,1,hard,91,1
11,1,hard,92,1
11,1,hard,93,0
11,1,hard,94,0
11,1,hard,95,0
11,1,hard,96,1
11,1,hard,97,0
11,1,hard,98,0
11,1,hard,99,0
11,1,hard,100,0
11,2,standard,1,0
11,2,standard,2,0
11,2,standard,3,0
11,2,standard,4,0
11,2,standard,5,1
11,2,standard,6,1
11,2,standard,7,0
11,2,standard,8,1
11,2,standard,9,0
11,2,standard,10,0
11,2,standard,11,0
11,2,standard,12,1
11,2,standard,13,1
11,2,standard,14,1
11,2,standard,15,1
11,2,standard,16,1
11,2,standard,17,0
11,2,standard,18,1
11,2,standard,19,1
11,2,standard,20,0
11,2,standard,21,1
11,2,standard,22,0
11,2,standard,23,0
11,2,standard,24,1
11,2,standard,25,0
11,2,standard,26,1
11,2,standard,27,0
11,2,standard,28,1
11,2,standard,29,1
11,2,standard,30,1
11,2,standard,31,1
11,2,standard,32,0
11,2,standard,33,1
11,2,standard,34,1
11,2,standard,35,1
11,2,standard,36,0
11,2,standard,37,0
11,2,standard,38,1
11,2,standard,39,1
11,2,standard,40,0
11,2,standard,41,0
11,2,standard,42,0
11,2,standard,43,1
11,2,standard,44,0
11,2,standard,45,1
11,2,standard,46,1
11,2,standard,47,0
11,2,standard,48,1
11,2,standard,49,1
11,2,standard,50,1
11,2,standard,51,0
11,2,standard,52,0
11,2,standard,53,0
11,2,standard,54,1
11,2,standard,55,1
11,2,standard,56,0
11,2,standard,57,1
11,2,standard,58,0
11,2,standard,59,0
11,2,standard,60,1
11,2,standard,61,1
11,2,standard,62,1
11,2,standard,63,0
11,2,standard,64,0
11,2,standard,65,1
11,2,standard,66,0
11,2,standard,67,1
11,2,standard,68,1
11,2,standard,69,1
11,2,standard,70,0
11,2,standard,71,1
11,2,standard,72,1
11,2,standard,73,1
11,2,standard,74,0
11,2,standard,75,0
11,2,standard,76,1
11,2,standard,77,1
11,2,standard,78,1
11,2,standard,79,0
11,2,standard,80,1
11,2,standard,81,1
11,2,standard,82,0
11,2,standard,83,1
11,2,standard,84,0
11,2,standard,85,1
11,2,standard,86,1
11,2,standard,87,1
11,2,standard,88,1
11,2,standard,89,0
11,2,standard,90,1
11,2,standard,91,1
11,2,standard,92,1
11,2,standard,93,0
11,2,standard,94,0
11,2,standard,95,1
11,2,standard,96,0
11,2,standard,97,1
11,2,standard,98,0
11,2,standard,99,1
11,2,standard,100,0
11,2,hard,1,0
11,2,hard,2,0
11,2,hard,3,0
11,2,hard,4,0
11,2,hard,5,1
11,2,hard,6,0
11,2,hard,7,1
11,2,hard,8,1
11,2,hard,9,0
11,2,hard,10,0
11,2,hard,11,0
11,2,hard,12,0
11,2,hard,13,0
11,2,hard,14,0
11,2,hard,15,0
11,2,hard,16,1
11,2,hard,17,0
11,2,hard,18,0
11,2,hard,19,0
11,2,hard,20,1
11,2,hard,21,1
11,2,hard,22,0
11,2,hard,23,1
11,2,hard,24,0
11,2,hard,25,0
11,2,hard,26,0
11,2,hard,27,1
11,2,hard,28,1
11,2,hard,29,0
11,2,hard,30,0
11,2,hard,31,0
11,2,hard,32,1
11,2,hard,33,0
11,2,hard,34,0
11,2,hard,35,1
11,2,hard,36,1
11,2,hard,37,0
11,2,hard,38,1
11,2,hard,39,0
11,2,hard,40,1
11,2,hard,41,0
11,2,hard,42,0
11,2,hard,43,0
11,2,hard,44,1
11,2,hard,45,1
11,2,hard,46,0
11,2,hard,47,0
11,2,hard,48,0
11,2,hard,49,0
11,2,hard,50,0
11,2,hard,51,0
11,2,hard,52,0
11,2,hard,53,1
11,2,hard,54,0
11,2,hard,55,0
11,2,hard,56,1
11,2,hard,57,0
11,2,hard,58,1
11,2,hard,59,0
11,2,hard,60,0
11,2,hard,61,0
11,2,hard,62,1
11,2,hard,63,1
11,2,hard,64,1
11,2,hard,65,0
11,2,hard,66,1
11,2,hard,67,0
11,2,hard,68,1
11,2,hard,69,0
11,2,hard,70,1
11,2,hard,71,1
11,2,hard,72,0
11,2,hard,73,1
11,2,hard,74,1
11,2,hard,75,0
11,2,hard,76,1
11,2,hard,77,0
11,2,hard,78,0
11,2,hard,79,0
11,2,hard,80,0
11,2,hard,81,1
11,2,hard,82,0
11,2,hard,83,0
11,2,hard,84,1
11,2,hard,85,0
11,2,hard,86,0
11,2,hard,87,0
11,2,hard,88,0
11,2,hard,89,1
11,2,hard,90,0
11,2,hard,91,1
11,2,hard,92,1
11,2,hard,93,0
11,2,hard,94,0
11,2,hard,95,0
11,2,hard,96,0
11,2,hard,97,1
11,2,hard,98,1
11,2,hard,99,0
11,2,hard,100,1
11,3,standard,1,0
11,3,standard,2,0
11,3,standard,3,0
11,3,standard,4,1
11,3,standard,5,0
11,3,standard,6,0
11,3,standard,7,0
11,3,standard,8,1
11,3,standard,9,1
11,3,standard,10,1
11,3,standard,11,1
11,3,standard,12,1
11,3,standard,13,1
11,3,standard,14,1
11,3,standard,15,1
11,3,standard,16,1
11,3,standard,17,0
11,3,standard,18,1
11,3,standard,19,0
11,3,standard,20,0
11,3,standard,21,0
11,3,standard,22,1
11,3,standard,23,1
11,3,standard,24,1
11,3,standard,25,0
11,3,standard,26,0
11,3,standard,27,0
11,3,standard,28,0
11,3,standard,29,0
11,3,standard,30,0
11,3,standard,31,0
11,3,standard,32,0
11,3,standard,33,1
11,3,standard,34,0
11,3,standard,35,1
11,3,standard,36,0
11,3,standard,37,0
11,3,standard,38,0
11,3,standard,39,1
11,3,standard,40,0
11,3,standard,41,0
11,3,standard,42,1
11,3,standard,43,1
11,3,standard,44,1
11,3,standard,45,0
11,3,standard,46,0
11,3,standard,47,0
11,3,standard,48,0
11,3,standard,49,1
11,3,standard,50,0
11,3,standard,51,1
11,3,standard,52,0
11,3,standard,53,0
11,3,standard,54,0
11,3,standard,55,0
11,3,standard,56,0
11,3,standard,57,1
11,3,standard,58,1
11,3,standard,59,0
11,3,standard,60,0
11,3,standard,61,1
11,3,standard,62,1
11,3,standard,63,1
11,3,standard,64,1
11,3,standard,65,0
11,3,standard,66,0
11,3,standard,67,1
11,3,standard,68,0
11,3,standard,69,0
11,3,standard,70,1
11,3,standard,71,0
11,3,standard,72,0
11,3,standard,73,0
11,3,standard,74,1
11,3,standard,75,1
11,3,standard,76,0
11,3,standard,77,0
11,3,standard,78,1
11,3,standard,79,0
11,3,standard,80,1
11,3,standard,81,0
11,3,standard,82,1
11,3,standard,83,1
11,3,standard,84,1
11,3,standard,85,1
11,3,standard,86,0
11,3,standard,87,1
11,3,standard,88,0
11,3,standard,89,1
11,3,standard,90,0
11,3,standard,91,0
11,3,standard,92,0
11,3,standard,93,1
11,3,standard,94,0
11,3,standard,95,1
11,3,standard,96,0
11,3,standard,97,0
11,3,standard,98,1
11,3,standard,99,1
11,3,standard,100,0
11,3,hard,1,1
11,3,hard,2,1
11,3,hard,3,0
11,3,hard,4,0
11,3,hard,5,0
11,3,hard,6,0
11,3,hard,7,0
11,3,hard,8,0
11,3,hard,9,1
11,3,hard,10,0
11,3,hard,11,1
11,3,hard,12,0
11,3,hard,13,1
11,3,hard,14,1
11,3,hard,15,0
11,3,hard,16,0
11,3,hard,17,1
11,3,hard,18,0
11,3,hard,19,0
11,3,hard,20,0
11,3,hard,21,0
11,3,hard,22,0
11,3,hard,23,0
11,3,hard,24,0
11,3,hard,25,1
11,3,hard,26,1
11,3,hard,27,1
11,3,hard,28,0
11,3,hard,29,1
11,3,hard,30,0
11,3,hard,31,0
11,3,hard,32,0
11,3,hard,33,0
11,3,hard,34,1
11,3,hard,35,0
11,3,hard,36,1
11,3,hard,37,1
11,3,hard,38,0
11,3,hard,39,0
11,3,hard,40,1
11,3,hard,41,0
11,3,hard,42,0
11,3,hard,43,1
11,3,hard,44,1
11,3,hard,45,0
11,3,hard,46,0
11,3,hard,47,0
11,3,hard,48,0
11,3,hard,49,1
11,3,hard,50,0
11,3,hard,51,1
11,3,hard,52,0
11,3,hard,53,0
11,3,hard,54,0
11,3,hard,55,0
11,3,hard,56,1
11,3,hard,57,0
11,3,hard,58,0
11,3,hard,59,1
11,3,hard,60,1
11,3,hard,61,0
11,3,hard,62,1
11,3,hard,63,1
11,3,hard,64,0
11,3,hard,65,1
11,3,hard,66,0
11,3,hard,67,1
11,3,hard,68,0
11,3,hard,69,1
11,3,hard,70,1
11,3,hard,71,0
11,3,hard,72,0
11,3,hard,73,1
11,3,hard,74,0
11,3,hard,75,1
11,3,hard,76,1
11,3,hard,77,1
11,3,hard,78,0
11,3,hard,79,1
11,3,hard,80,1
11,3,hard,81,0
11,3,hard,82,1
11,3,hard,83,1
11,3,hard,84,1
11,3,hard,85,1
11,3,hard,86,0
11,3,hard,87,1
11,3,hard,88,1
11,3,hard,89,1
11,3,hard,90,0
11,3,hard,91,0
11,3,hard,92,0
11,3,hard,93,0
11,3,hard,94,0
11,3,hard,95,0
11,3,hard,96,1
11,3,hard,97,0
11,3,hard,98,0
11,3,hard,99,1
11,3,hard,100,0
11,4,standard,1,0
11,4,standard,2,1
11,4,standard,3,0
11,4,standard,4,1
11,4,standard,5,0
11,4,standard,6,1
11,4,standard,7,0
11,4,standard,8,0
11,4,standard,9,1
11,4,standard,10,0
11,4,standard,11,1
11,4,standard,12,0
11,4,standard,13,1
11,4,standard,14,1
11,4,standard,15,1
11,4,standard,16,0
11,4,standard,17,0
11,4,standard,18,1
11,4,standard,19,1
11,4,standard,20,0
11,4,standard,21,1
11,4,standard,22,1
11,4,standard,23,1
11,4,standard,24,1
11,4,standard,25,1
11,4,standard,26,0
11,4,standard,27,1
11,4,standard,28,0
11,4,standard,29,1
11,4,standard,30,1
11,4,standard,31,1
11,4,standard,32,1
11,4,standard,33,1
11,4,standard,34,1
11,4,standard,35,1
11,4,standard,36,0
11,4,standard,37,1
11,4,standard,38,0
11,4,standard,39,1
11,4,standard,40,0
11,4,standard,41,1
11,4,standard,42,1
11,4,standard,43,1
11,4,standard,44,1
11,4,standard,45,1
11,4,standard,46,0
11,4,standard,47,1
11,4,standard,48,1
11,4,standard,49,1
11,4,standard,50,1
11,4,standard,51,1
11,4,standard,52,1
11,4,standard,53,1
11,4,standard,54,0
11,4,standard,55,1
11,4,standard,56,1
11,4,standard,57,0
11,4,standard,58,1
11,4,standard,59,1
11,4,standard,60,0
11,4,standard,61,1
11,4,standard,62,1
11,4,standard,63,0
11,4,standard,64,0
11,4,standard,65,1
11,4,standard,66,1
11,4,standard,67,1
11,4,standard,68,1
11,4,standard,69,1
11,4,standard,70,0
11,4,standard,71,1
11,4,standard,72,1
11,4,standard,73,1
11,4,standard,74,1
11,4,standard,75,0
11,4,standard,76,0
11,4,standard,77,1
11,4,standard,78,0
11,4,standard,79,0
11,4,standard,80,1
11,4,standard,81,0
11,4,standard,82,0
11,4,standard,83,0
11,4,standard,84,0
11,4,standard,85,1
11,4,standard,86,1
11,4,standard,87,0
11,4,standard,88,1
11,4,standard,89,1
11,4,standard,90,0
11,4,standard,91,1
11,4,standard,92,1
11,4,standard,93,0
11,4,standard,94,1
11,4,standard,95,0
11,4,standard,96,1
11,4,standard,97,0
11,4,standard,98,0
11,4,standard,99,1
11,4,standard,100,0
11,4,hard,1,0
11,4,hard,2,1
11,4,hard,3,0
11,4,hard,4,0
11,4,hard,5,0
11,4,hard,6,0
11,4,hard,7,1
11,4,hard,8,0
11,4,hard,9,0
11,4,hard,10,0
11,4,hard,11,0
11,4,hard,12,1
11,4,hard,13,0
11,4,hard,14,0
11,4,hard,15,0
11,4,hard,16,0
11,4,hard,17,0
11,4,hard,18,0
11,4,hard,19,0
11,4,hard,20,1
11,4,hard,21,1
11,4,hard,22,0
11,4,hard,23,0
11,4,hard,24,1
11,4,hard,25,1
11,4,hard,26,0
11,4,hard,27,0
11,4,hard,28,0
11,4,hard,29,0
11,4,hard,30,0
11,4,hard,31,1
11,4,hard,32,0
11,4,hard,33,0
11,4,hard,34,0
11,4,hard,35,0
11,4,hard,36,0
11,4,hard,37,1
11,4,hard,38,0
11,4,hard,39,0
11,4,hard,40,0
11,4,hard,41,0
11,4,hard,42,1
11,4,hard,43,0
11,4,hard,44,1
11,4,hard,45,0
11,4,hard,46,1
11,4,hard,47,0
11,4,hard,48,1
11,4,hard,49,0
11,4,hard,50,1
11,4,hard,51,1
11,4,hard,52,0
11,4,hard,53,1
11,4,hard,54,0
11,4,hard,55,0
11,4,hard,56,0
11,4,hard,57,0
11,4,hard,58,1
11,4,hard,59,1
11,4,hard,60,0
11,4,hard,61,0
11,4,hard,62,1
11,4,hard,63,0
11,4,hard,64,0
11,4,hard,65,0
11,4,hard,66,0
11,4,hard,67,0
11,4,hard,68,0
11,4,hard,69,0
11,4,hard,70,0
11,4,hard,71,0
11,4,hard,72,0
11,4,hard,73,0
11,4,hard,74,0
11,4,hard,75,1
11,4,hard,76,0
11,4,hard,77,0
11,4,hard,78,1
11,4,hard,79,1
11,4,hard,80,0
11,4,hard,81,1
11,4,hard,82,0
11,4,hard,83,0
11,4,hard,84,0
11,4,hard,85,0
11,4,hard,86,1
11,4,hard,87,0
11,4,hard,88,0
11,4,hard,89,0
11,4,hard,90,0
11,4,hard,91,0
11,4,hard,92,0
11,4,hard,93,0
11,4,hard,94,0
11,4,hard,95,0
11,4,hard,96,0
11,4,hard,97,1
11,4,hard,98,0
11,4,hard,99,0
11,4,hard,100,0
11,5,standard,1,0
11,5,standard,2,0
11,5,standard,3,0
11,5,standard,4,1
11,5,standard,5,1
11,5,standard,6,1
11,5,standard,7,1
11,5,standard,8,1
11,5,standard,9,1
11,5,standard,10,0
11,5,standard,11,1
11,5,standard,12,1
11,5,standard,13,1
11,5,standard,14,0
11,5,standard,15,1
11,5,standard,16,1
11,5,standard,17,1
11,5,standard,18,1
11,5,standard,19,1
11,5,standard,20,1
11,5,standard,21,1
11,5,standard,22,1
11,5,standard,23,1
11,5,standard,24,0
11,5,standard,25,1
11,5,standard,26,0
11,5,standard,27,0
11,5,standard,28,0
11,5,standard,29,1
11,5,standard,30,1
11,5,standard,31,1
11,5,standard,32,1
11,5,standard,33,1
11,5,standard,34,0
11,5,standard,35,1
11,5,standard,36,0
11,5,standard,37,1
11,5,standard,38,1
11,5,standard,39,0
11,5,standard,40,1
11,5,standard,41,1
11,5,standard,42,1
11,5,standard,43,1
11,5,standard,44,1
11,5,standard,45,1
11,5,standard,46,1
11,5,standard,47,1
11,5,standard,48,0
11,5,standard,49,0
11,5,standard,50,1
11,5,standard,51,0
11,5,standard,52,0
11,5,standard,53,0
11,5,standard,54,0
11,5,standard,55,1
11,5,standard,56,1
11,5,standard,57,1
11,5,standard,58,1
11,5,standard,59,0
11,5,standard,60,0
11,5,standard,61,1
11,5,standard,62,1
11,5,standard,63,1
11,5,standard,64,1
11,5,standard,65,1
11,5,standard,66,1
11,5,standard,67,1
11,5,standard,68,0
11,5,standard,69,0
11,5,standard,70,1
11,5,standard,71,1
11,5,standard,72,1
11,5,standard,73,0
11,5,standard,74,0
11,5,standard,75,0
11,5,standard,76,1
11,5,standard,77,0
11,5,standard,78,1
11,5,standard,79,1
11,5,standard,80,1
11,5,standard,81,1
11,5,standard,82,0
11,5,standard,83,1
11,5,standard,84,1
11,5,standard,85,1
11,5,standard,86,1
11,5,standard,87,1
11,5,standard,88,1
11,5,standard,89,1
11,5,standard,90,1
11,5,standard,91,1
11,5,standard,92,0
11,5,standard,93,0
11,5,standard,94,1
11,5,standard,95,0
11,5,standard,96,0
11,5,standard,97,0
11,5,standard,98,0
11,5,standard,99,0
11,5,standard,100,1
11,5,hard,1,1
11,5,hard,2,1
11,5,hard,3,0
11,5,hard,4,1
11,5,hard,5,0
11,5,hard,6,0
11,5,hard,7,1
11,5,hard,8,0
11,5,hard,9,0
11,5,hard,10,1
11,5,hard,11,0
11,5,hard,12,1
11,5,hard,13,1
11,5,hard,14,1
11,5,hard,15,0
11,5,hard,16,0
11,5,hard,17,1
11,5,hard,18,1
11,5,hard,19,0
11,5,hard,20,0
11,5,hard,21,1
11,5,hard,22,0
11,5,hard,23,1
11,5,hard,24,1
11,5,hard,25,0
11,5,hard,26,1
11,5,hard,27,1
11,5,hard,28,0
11,5,hard,29,1
11,5,hard,30,1
11,5,hard,31,0
11,5,hard,32,0
11,5,hard,33,0
11,5,hard,34,0
11,5,hard,35,1
11,5,hard,36,0
11,5,hard,37,0
11,5,hard,38,1
11,5,hard,39,1
11,5,hard,40,1
11,5,hard,41,1
11,5,hard,42,1
11,5,hard,43,1
11,5,hard,44,0
11,5,hard,45,0
11,5,hard,46,0
11,5,hard,47,0
11,5,hard,48,1
11,5,hard,49,1
11,5,hard,50,0
11,5,hard,51,1
11,5,hard,52,0
11,5,hard,53,1
11,5,hard,54,1
11,5,hard,55,1
11,5,hard,56,0
11,5,hard,57,1
11,5,hard,58,1
11,5,hard,59,0
11,5,hard,60,1
11,5,hard,61,0
11,5,hard,62,1
11,5,hard,63,0
11,5,hard,64,1
11,5,hard,65,1
11,5,hard,66,0
11,5,hard,67,1
11,5,hard,68,1
11,5,hard,69,1
11,5,hard,70,0
11,5,hard,71,1
11,5,hard,72,0
11,5,hard,73,1
11,5,hard,74,0
11,5,hard,75,0
11,5,hard,76,1
11,5,hard,77,1
11,5,hard,78,1
11,5,hard,79,1
11,5,hard,80,0
11,5,hard,81,0
11,5,hard,82,0
11,5,hard,83,1
11,5,hard,84,1
11,5,hard,85,0
11,5,hard,86,1
11,5,hard,87,0
11,5,hard,88,0
11,5,hard,89,1
11,5,hard,90,1
11,5,hard,91,0
11,5,hard,92,1
11,5,hard,93,1
11,5,hard,94,1
11,5,hard,95,1
11,5,hard,96,1
11,5,hard,97,0
11,5,hard,98,1
11,5,hard,99,0
11,5,hard,100,1
12,1,standard,1,0
12,1,standard,2,1
12,1,standard,3,0
12,1,standard,4,1
12,1,standard,5,1
12,1,standard,6,1
12,1,standard,7,1
12,1,standard,8,1
12,1,standard,9,1
12,1,standard,10,1
12,1,standard,11,0
12,1,standard,12,1
12,1,standard,13,1
12,1,standard,14,1
12,1,standard,15,1
12,1,standard,16,0
12,1,standard,17,1
12,1,standard,18,1
12,1,standard,19,1
12,1,standard,20,1
12,1,standard,21,1
12,1,standard,22,1
12,1,standard,23,0
12,1,standard,24,1
12,1,standard,25,1
12,1,standard,26,1
12,1,standard,27,1
12,1,standard,28,0
12,1,standard,29,1
12,1,standard,30,1
12,1,standard,31,1
12,1,standard,32,0
12,1,standard,33,1
12,1,standard,34,1
12,1,standard,35,1
12,1,standard,36,1
12,1,standard,37,1
12,1,standard,38,1
12,1,standard,39,1
12,1,standard,40,1
12,1,standard,41,1
12,1,standard,42,1
12,1,standard,43,1
12,1,standard,44,1
12,1,standard,45,0
12,1,standard,46,1
12,1,standard,47,1
12,1,standard,48,1
12,1,standard,49,0
12,1,standard,50,1
12,1,standard,51,0
12,1,standard,52,0
12,1,standard,53,1
12,1,standard,54,0
12,1,standard,55,1
12,1,standard,56,1
12,1,standard,57,1
12,1,standard,58,1
12,1,standard,59,1
12,1,standard,60,1
12,1,standard,61,1
12,1,standard,62,1
12,1,standard,63,1
12,1,standard,64,1
12,1,standard,65,1
12,1,standard,66,1
12,1,standard,67,1
12,1,standard,68,0
12,1,standard,69,0
12,1,standard,70,1
12,1,standard,71,1
12,1,standard,72,1
12,1,standard,73,0
12,1,standard,74,1
12,1,standard,75,1
12,1,standard,76,1
12,1,standard,77,0
12,1,standard,78,1
12,1,standard,79,1
12,1,standard,80,1
12,1,standard,81,1
12,1,standard,82,1
12,1,standard,83,1
12,1,standard,84,1
12,1,standard,85,1
12,1,standard,86,1
12,1,standard,87,1
12,1,standard,88,1
12,1,standard,89,1
12,1,standard,90,0
12,1,standard,91,1
12,1,standard,92,1
12,1,standard,93,0
12,1,standard,94,1
12,1,standard,95,1
12,1,standard,96,1
12,1,standard,97,1
12,1,standard,98,1
12,1,standard,99,1
12,1,standard,100,1
12,1,hard,1,1
12,1,hard,2,0
12,1,hard,3,1
12,1,hard,4,0
12,1,hard,5,0
12,1,hard,6,1
12,1,hard,7,0
12,1,hard,8,0
12,1,hard,9,0
12,1,hard,10,1
12,1,hard,11,0
12,1,hard,12,0
12,1,hard,13,1
12,1,hard,14,0
12,1,hard,15,1
12,1,hard,16,0
12,1,hard,17,1
12,1,hard,18,0
12,1,hard,19,0
12,1,hard,20,1
12,1,hard,21,1
12,1,hard,22,1
12,1,hard,23,0
12,1,hard,24,1
12,1,hard,25,1
12,1,hard,26,1
12,1,hard,27,0
12,1,hard,28,1
12,1,hard,29,0
12,1,hard,30,0
12,1,hard,31,0
12,1,hard,32,0
12,1,hard,33,0
12,1,hard,34,0
12,1,hard,35,1
12,1,hard,36,1
12,1,hard,37,1
12,1,hard,38,1
12,1,hard,39,1
12,1,hard,40,0
12,1,hard,41,0
12,1,hard,42,1
12,1,hard,43,1
12,1,hard,44,1
12,1,hard,45,0
12,1,hard,46,0
12,1,hard,47,0
12,1,hard,48,1
12,1,hard,49,0
12,1,hard,50,0
12,1,hard,51,1
12,1,hard,52,1
12,1,hard,53,1
12,1,hard,54,0
12,1,hard,55,1
12,1,hard,56,0
12,1,hard,57,0
12,1,hard,58,1
12,1,hard,59,1
12,1,hard,60,0
12,1,hard,61,1
12,1,hard,62,0
12,1,hard,63,1
12,1,hard,64,0
12,1,hard,65,0
12,1,hard,66,1
12,1,hard,67,0
12,1,hard,68,1
12,1,hard,69,1
12,1,hard,70,1
12,1,hard,71,1
12,1,hard,72,0
12,1,hard,73,0
12,1,hard,74,0
12,1,hard,75,0
12,1,hard,76,1
12,1,hard,77,0
12,1,hard,78,1
12,1,hard,79,1
12,1,hard,80,1
12,1,hard,81,1
12,1,hard,82,1
12,1,hard,83,0
12,1,hard,84,0
12,1,hard,85,1
12,1,hard,86,1
12,1,hard,87,0
12,1,hard,88,0
12,1,hard,89,0
12,1,hard,90,1
12,1,hard,91,1
12,1,hard,92,1
12,1,hard,93,0
12,1,hard,94,0
12,1,hard,95,1
12,1,hard,96,1
12,1,hard,97,0
12,1,hard,98,1
12,1,hard,99,1
12,1,hard,100,0
12,2,standard,1,1
12,2,standard,2,0
12,2,standard,3,1
12,2,standard,4,0
12,2,standard,5,1
12,2,standard,6,0
12,2,standard,7,0
12,2,standard,8,1
12,2,standard,9,1
12,2,standard,10,1
12,2,standard,11,1
12,2,standard,12,0
12,2,standard,13,0
12,2,standard,14,1
12,2,standard,15,0
12,2,standard,16,1
12,2,standard,17,1
12,2,standard,18,1
12,2,standard,19,1
12,2,standard,20,1
12,2,standard,21,1
12,2,standard,22,1
12,2,standard,23,1
12,2,standard,24,0
12,2,standard,25,1
12,2,standard,26,1
12,2,standard,27,1
12,2,standard,28,1
12,2,standard,29,1
12,2,standard,30,0
12,2,standard,31,1
12,2,standard,32,1
12,2,standard,33,0
12,2,standard,34,1
12,2,standard,35,0
12,2,standard,36,0
12,2,standard,37,1
12,2,standard,38,1
12,2,standard,39,1
12,2,standard,40,1
12,2,standard,41,1
12,2,standard,42,1
12,2,standard,43,0
12,2,standard,44,1
12,2,standard,45,0
12,2,standard,46,1
12,2,standard,47,1
12,2,standard,48,1
12,2,standard,49,1
12,2,standard,50,1
12,2,standard,51,1
12,2,standard,52,0
12,2,standard,53,0
12,2,standard,54,1
12,2,standard,55,0
12,2,standard,56,1
12,2,standard,57,1
12,2,standard,58,0
12,2,standard,59,1
12,2,standard,60,0
12,2,standard,61,0
12,2,standard,62,0
12,2,standard,63,1
12,2,standard,64,1
12,2,standard,65,0
12,2,standard,66,1
12,2,standard,67,1
12,2,standard,68,1
12,2,standard,69,1
12,2,standard,70,1
12,2,standard,71,1
12,2,standard,72,1
12,2,standard,73,0
12,2,standard,74,0
12,2,standard,75,1
12,2,standard,76,0
12,2,standard,77,1
12,2,standard,78,0
12,2,standard,79,0
12,2,standard,80,1
12,2,standard,81,1
12,2,standard,82,0
12,2,standard,83,1
12,2,standard,84,1
12,2,standard,85,1
12,2,standard,86,1
12,2,standard,87,1
12,2,standard,88,1
12,2,standard,89,0
12,2,standard,90,0
12,2,standard,91,0
12,2,standard,92,1
12,2,standard,93,1
12,2,standard,94,1
12,2,standard,95,0
12,2,standard,96,1
12,2,standard,97,1
12,2,standard,98,0
12,2,standard,99,1
12,2,standard,100,1
12,2,hard,1,1
12,2,hard,2,0
12,2,hard,3,0
12,2,hard,4,1
12,2,hard,5,1
12,2,hard,6,1
12,2,hard,7,0
12,2,hard,8,0
12,2,hard,9,1
12,2,hard,10,1
12,2,hard,11,1
12,2,hard,12,1
12,2,hard,13,0
12,2,hard,14,1
12,2,hard,15,1
12,2,hard,16,0
12,2,hard,17,1
12,2,hard,18,1
12,2,hard,19,1
12,2,hard,20,1
12,2,hard,21,0
12,2,hard,22,0
12,2,hard,23,1
12,2,hard,24,1
12,2,hard,25,0
12,2,hard,26,1
12,2,hard,27,1
12,2,hard,28,0
12,2,hard,29,0
12,2,hard,30,1
12,2,hard,31,1
12,2,hard,32,0
12,2,hard,33,1
12,2,hard,34,1
12,2,hard,35,0
12,2,hard,36,0
12,2,hard,37,0
12,2,hard,38,0
12,2,hard,39,0
12,2,hard,40,1
12,2,hard,41,0
12,2,hard,42,1
12,2,hard,43,1
12,2,hard,44,1
12,2,hard,45,1
12,2,hard,46,1
12,2,hard,47,1
12,2,hard,48,1
12,2,hard,49,1
12,2,hard,50,1
12,2,hard,51,0
12,2,hard,52,0
12,2,hard,53,0
12,2,hard,54,0
12,2,hard,55,0
12,2,hard,56,0
12,2,hard,57,0
12,2,hard,58,1
12,2,hard,59,1
12,2,hard,60,1
12,2,hard,61,1
12,2,hard,62,1
12,2,hard,63,0
12,2,hard,64,1
12,2,hard,65,0
12,2,hard,66,1
12,2,hard,67,0
12,2,hard,68,0
12,2,hard,69,0
12,2,hard,70,0
12,2,hard,71,0
12,2,hard,72,1
12,2,hard,73,0
12,2,hard,74,1
12,2,hard,75,1
12,2,hard,76,0
12,2,hard,77,0
12,2,hard,78,1
12,2,hard,79,0
12,2,hard,80,1
12,2,hard,81,1
12,2,hard,82,1
12,2,hard,83,1
12,2,hard,84,1
12,2,hard,85,1
12,2,hard,86,0
12,2,hard,87,1
12,2,hard,88,0
12,2,hard,89,0
12,2,hard,90,0
12,2,hard,91,1
12,2,hard,92,1
12,2,hard,93,1
12,2,hard,94,0
12,2,hard,95,0
12,2,hard,96,0
12,2,hard,97,1
12,2,hard,98,0
12,2,hard,99,0
12,2,hard,100,1
12,3,standard,1,0
12,3,standard,2,0
12,3,standard,3,0
12,3,standard,4,0
12,3,standard,5,1
12,3,standard,6,1
12,3,standard,7,0
12,3,standard,8,1
12,3,standard,9,1
12,3,standard,10,1
12,3,standard,11,1
12,3,standard,12,1
12,3,standard,13,1
12,3,standard,14,1
12,3,standard,15,0
12,3,standard,16,0
12,3,standard,17,0
12,3,standard,18,1
12,3,standard,19,1
12,3,standard,20,0
12,3,standard,21,0
12,3,standard,22,0
12,3,standard,23,1
12,3,standard,24,0
12,3,standard,25,1
12,3,standard,26,1
12,3,standard,27,0
12,3,standard,28,1
12,3,standard,29,1
12,3,standard,30,1
12,3,standard,31,1
12,3,standard,32,0
12,3,standard,33,1
12,3,standard,34,1
12,3,standard,35,0
12,3,standard,36,1
12,3,standard,37,0
12,3,standard,38,0
12,3,standard,39,1
12,3,standard,40,1
12,3,standard,41,1
12,3,standard,42,1
12,3,standard,43,1
12,3,standard,44,1
12,3,standard,45,0
12,3,standard,46,1
12,3,standard,47,0
12,3,standard,48,0
12,3,standard,49,0
12,3,standard,50,1
12,3,standard,51,1
12,3,standard,52,1
12,3,standard,53,0
12,3,standard,54,0
12,3,standard,55,1
12,3,standard,56,0
12,3,standard,57,1
12,3,standard,58,1
12,3,standard,59,0
12,3,standard,60,0
12,3,standard,61,1
12,3,standard,62,1
12,3,standard,63,0
12,3,standard,64,1
12,3,standard,65,1
12,3,standard,66,1
12,3,standard,67,0
12,3,standard,68,0
12,3,standard,69,1
12,3,standard,70,0
12,3,standard,71,1
12,3,standard,72,1
12,3,standard,73,1
12,3,standard,74,1
12,3,standard,75,1
12,3,standard,76,1
12,3,standard,77,0
12,3,standard,78,1
12,3,standard,79,1
12,3,standard,80,0
12,3,standard,81,1
12,3,standard,82,1
12,3,standard,83,1
12,3,standard,84,0
12,3,standard,85,0
12,3,standard,86,1
12,3,standard,87,1
12,3,standard,88,1
12,3,standard,89,1
12,3,standard,90,0
12,3,standard,91,1
12,3,standard,92,1
12,3,standard,93,1
12,3,standard,94,0
12,3,standard,95,0
12,3,standard,96,1
12,3,standard,97,1
12,3,standard,98,1
12,3,standard,99,1
12,3,standard,100,0
12,3,hard,1,1
12,3,hard,2,1
12,3,hard,3,0
12,3,hard,4,0
12,3,hard,5,1
12,3,hard,6,1
12,3,hard,7,0
12,3,hard,8,0
12,3,hard,9,1
12,3,hard,10,0
12,3,hard,11,0
12,3,hard,12,0
12,3,hard,13,0
12,3,hard,14,0
12,3,hard,15,0
12,3,hard,16,1
12,3,hard,17,1
12,3,hard,18,1
12,3,hard,19,1
12,3,hard,20,0
12,3,hard,21,1
12,3,hard,22,0
12,3,hard,23,1
12,3,hard,24,1
12,3,hard,25,0
12,3,hard,26,1
12,3,hard,27,0
12,3,hard,28,0
12,3,hard,29,1
12,3,hard,30,1
12,3,hard,31,1
12,3,hard,32,0
12,3,hard,33,1
12,3,hard,34,0
12,3,hard,35,1
12,3,hard,36,1
12,3,hard,37,0
12,3,hard,38,1
12,3,hard,39,1
12,3,hard,40,1
12,3,hard,41,0
12,3,hard,42,0
12,3,hard,43,0
12,3,hard,44,1
12,3,hard,45,1
12,3,hard,46,0
12,3,hard,47,1
12,3,hard,48,1
12,3,hard,49,1
12,3,hard,50,0
12,3,hard,51,1
12,3,hard,52,0
12,3,hard,53,0
12,3,hard,54,0
12,3,hard,55,0
12,3,hard,56,1
12,3,hard,57,1
12,3,hard,58,1
12,3,hard,59,1
12,3,hard,60,0
12,3,hard,61,0
12,3,hard,62,1
12,3,hard,63,1
12,3,hard,64,0
12,3,hard,65,1
12,3,hard,66,1
12,3,hard,67,1
12,3,hard,68,1
12,3,hard,69,0
12,3,hard,70,1
12,3,hard,71,0
12,3,hard,72,1
12,3,hard,73,0
12,3,hard,74,0
12,3,hard,75,1
12,3,hard,76,0
12,3,hard,77,0
12,3,hard,78,1
12,3,hard,79,0
12,3,hard,80,1
12,3,hard,81,1
12,3,hard,82,0
12,3,hard,83,1
12,3,hard,84,1
12,3,hard,85,1
12,3,hard,86,1
12,3,hard,87,1
12,3,hard,88,1
12,3,hard,89,1
12,3,hard,90,0
12,3,hard,91,1
12,3,hard,92,0
12,3,hard,93,0
12,3,hard,94,0
12,3,hard,95,1
12,3,hard,96,1
12,3,hard,97,0
12,3,hard,98,0
12,3,hard,99,0
12,3,hard,100,0
12,4,standard,1,1
12,4,standard,2,0
12,4,standard,3,0
12,4,standard,4,0
12,4,standard,5,0
12,4,standard,6,1
12,4,standard,7,0
12,4,standard,8,0
12,4,standard,9,1
12,4,standard,10,1
12,4,standard,11,0
12,4,standard,12,0
12,4,standard,13,1
12,4,standard,14,1
12,4,standard,15,1
12,4,standard,16,0
12,4,standard,17,1
12,4,standard,18,0
12,4,standard,19,1
12,4,standard,20,1
12,4,standard,21,0
12,4,standard,22,0
12,4,standard,23,0
12,4,standard,24,0
12,4,standard,25,1
12,4,standard,26,1
12,4,standard,27,0
12,4,standard,28,1
12,4,standard,29,1
12,4,standard,30,0
12,4,standard,31,1
12,4,standard,32,1
12,4,standard,33,1
12,4,standard,34,0
12,4,standard,35,1
12,4,standard,36,1
12,4,standard,37,0
12,4,standard,38,1
12,4,standard,39,1
12,4,standard,40,0
12,4,standard,41,0
12,4,standard,42,1
12,4,standard,43,0
12,4,standard,44,1
12,4,standard,45,1
12,4,standard,46,0
12,4,standard,47,0
12,4,standard,48,0
12,4,standard,49,0
12,4,standard,50,1
12,4,standard,51,1
12,4,standard,52,0
12,4,standard,53,1
12,4,standard,54,0
12,4,standard,55,1
12,4,standard,56,1
12,4,standard,57,0
12,4,standard,58,1
12,4,standard,59,0
12,4,standard,60,1
12,4,standard,61,0
12,4,standard,62,1
12,4,standard,63,0
12,4,standard,64,1
12,4,standard,65,1
12,4,standard,66,0
12,4,standard,67,1
12,4,standard,68,1
12,4,standard,69,1
12,4,standard,70,0
12,4,standard,71,1
12,4,standard,72,1
12,4,standard,73,0
12,4,standard,74,1
12,4,standard,75,0
12,4,standard,76,0
12,4,standard,77,0
12,4,standard,78,0
12,4,standard,79,0
12,4,standard,80,0
12,4,standard,81,0
12,4,standard,82,1
12,4,standard,83,1
12,4,standard,84,1
12,4,standard,85,0
12,4,standard,86,1
12,4,standard,87,1
12,4,standard,88,0
12,4,standard,89,0
12,4,standard,90,0
12,4,standard,91,1
12,4,standard,92,0
12,4,standard,93,0
12,4,standard,94,1
12,4,standard,95,0
12,4,standard,96,0
12,4,standard,97,0
12,4,standard,98,0
12,4,standard,99,0
12,4,standard,100,0
12,4,hard,1,0
12,4,hard,2,1
12,4,hard,3,1
12,4,hard,4,1
12,4,hard,5,0
12,4,hard,6,1
12,4,hard,7,0
12,4,hard,8,1
12,4,hard,9,1
12,4,hard,10,0
12,4,hard,11,1
12,4,hard,12,1
12,4,hard,13,0
12,4,hard,14,0
12,4,hard,15,1
12,4,hard,16,1
12,4,hard,17,1
12,4,hard,18,1
12,4,hard,19,0
12,4,hard,20,1
12,4,hard,21,1
12,4,hard,22,1
12,4,hard,23,0
12,4,hard,24,0
12,4,hard,25,1
12,4,hard,26,0
12,4,hard,27,1
12,4,hard,28,0
12,4,hard,29,1
12,4,hard,30,1
12,4,hard,31,1
12,4,hard,32,0
12,4,hard,33,0
12,4,hard,34,1
12,4,hard,35,1
12,4,hard,36,1
12,4,hard,37,0
12,4,hard,38,1
12,4,hard,39,0
12,4,hard,40,0
12,4,hard,41,1
12,4,hard,42,1
12,4,hard,43,0
12,4,hard,44,0
12,4,hard,45,1
12,4,hard,46,1
12,4,hard,47,1
12,4,hard,48,0
12,4,hard,49,1
12,4,hard,50,0
12,4,hard,51,0
12,4,hard,52,0
12,4,hard,53,1
12,4,hard,54,0
12,4,hard,55,0
12,4,hard,56,1
12,4,hard,57,0
12,4,hard,58,0
12,4,hard,59,1
12,4,hard,60,1
12,4,hard,61,0
12,4,hard,62,1
12,4,hard,63,0
12,4,hard,64,0
12,4,hard,65,0
12,4,hard,66,1
12,4,hard,67,0
12,4,hard,68,0
12,4,hard,69,0
12,4,hard,70,1
12,4,hard,71,0
12,4,hard,72,1
12,4,hard,73,1
12,4,hard,74,0
12,4,hard,75,1
12,4,hard,76,1
12,4,hard,77,0
12,4,hard,78,1
12,4,hard,79,1
12,4,hard,80,0
12,4,hard,81,1
12,4,hard,82,0
12,4,hard,83,0
12,4,hard,84,1
12,4,hard,85,0
12,4,hard,86,1
12,4,hard,87,1
12,4,hard,88,1
12,4,hard,89,1
12,4,hard,90,1
12,4,hard,91,1
12,4,hard,92,0
12,4,hard,93,1
12,4,hard,94,1
12,4,hard,95,0
12,4,hard,96,0
12,4,hard,97,1
12,4,hard,98,1
12,4,hard,99,0
12,4,hard,100,1
12,5,standard,1,1
12,5,standard,2,0
12,5,standard,3,0
12,5,standard,4,0
12,5,standard,5,1
12,5,standard,6,0
12,5,standard,7,1
12,5,standard,8,0
12,5,standard,9,1
12,5,standard,10,0
12,5,standard,11,0
12,5,standard,12,1
12,5,standard,13,0
12,5,standard,14,1
12,5,standard,15,0
12,5,standard,16,1
12,5,standard,17,0
12,5,standard,18,1
12,5,standard,19,0
12,5,standard,20,0
12,5,standard,21,0
12,5,standard,22,1
12,5,standard,23,1
12,5,standard,24,1
12,5,standard,25,1
12,5,standard,26,1
12,5,standard,27,1
12,5,standard,28,0
12,5,standard,29,0
12,5,standard,30,1
12,5,standard,31,1
12,5,standard,32,1
12,5,standard,33,0
12,5,standard,34,1
12,5,standard,35,0
12,5,standard,36,1
12,5,standard,37,1
12,5,standard,38,1
12,5,standard,39,1
12,5,standard,40,1
12,5,standard,41,0
12,5,standard,42,1
12,5,standard,43,1
12,5,standard,44,0
12,5,standard,45,1
12,5,standard,46,1
12,5,standard,47,1
12,5,standard,48,1
12,5,standard,49,1
12,5,standard,50,1
12,5,standard,51,1
12,5,standard,52,0
12,5,standard,53,0
12,5,standard,54,0
12,5,standard,55,1
12,5,standard,56,1
12,5,standard,57,0
12,5,standard,58,1
12,5,standard,59,1
12,5,standard,60,0
12,5,standard,61,0
12,5,standard,62,0
12,5,standard,63,1
12,5,standard,64,0
12,5,standard,65,1
12,5,standard,66,0
12,5,standard,67,1
12,5,standard,68,1
12,5,standard,69,0
12,5,standard,70,1
12,5,standard,71,1
12,5,standard,72,1
12,5,standard,73,0
12,5,standard,74,0
12,5,standard,75,1
12,5,standard,76,0
12,5,standard,77,0
12,5,standard,78,0
12,5,standard,79,1
12,5,standard,80,0
12,5,standard,81,1
12,5,standard,82,0
12,5,standard,83,0
12,5,standard,84,1
12,5,standard,85,1
12,5,standard,86,1
12,5,standard,87,1
12,5,standard,88,0
12,5,standard,89,0
12,5,standard,90,0
12,5,standard,91,1
12,5,standard,92,0
12,5,standard,93,1
12,5,standard,94,1
12,5,standard,95,1
12,5,standard,96,0
12,5,standard,97,1
12,5,standard,98,0
12,5,standard,99,1
12,5,standard,100,1
12,5,hard,1,1
12,5,hard,2,1
12,5,hard,3,1
12,5,hard,4,1
12,5,hard,5,0
12,5,hard,6,1
12,5,hard,7,0
12,5,hard,8,0
12,5,hard,9,0
12,5,hard,10,1
12,5,hard,11,1
12,5,hard,12,1
12,5,hard,13,1
12,5,hard,14,1
12,5,hard,15,1
12,5,hard,16,1
12,5,hard,17,1
12,5,hard,18,1
12,5,hard,19,1
12,5,hard,20,1
12,5,hard,21,0
12,5,hard,22,1
12,5,hard,23,1
12,5,hard,24,0
12,5,hard,25,1
12,5,hard,26,1
12,5,hard,27,1
12,5,hard,28,0
12,5,hard,29,0
12,5,hard,30,0
12,5,hard,31,0
12,5,hard,32,0
12,5,hard,33,0
12,5,hard,34,1
12,5,hard,35,0
12,5,hard,36,1
12,5,hard,37,1
12,5,hard,38,1
12,5,hard,39,0
12,5,hard,40,1
12,5,hard,41,0
12,5,hard,42,0
12,5,hard,43,0
12,5,hard,44,1
12,5,hard,45,0
12,5,hard,46,1
12,5,hard,47,0
12,5,hard,48,1
12,5,hard,49,0
12,5,hard,50,1
12,5,hard,51,0
12,5,hard,52,1
12,5,hard,53,1
12,5,hard,54,1
12,5,hard,55,1
12,5,hard,56,1
12,5,hard,57,1
12,5,hard,58,0
12,5,hard,59,0
12,5,hard,60,0
12,5,hard,61,0
12,5,hard,62,1
12,5,hard,63,1
12,5,hard,64,1
12,5,hard,65,0
12,5,hard,66,1
12,5,hard,67,0
12,5,hard,68,1
12,5,hard,69,1
12,5,hard,70,1
12,5,hard,71,1
12,5,hard,72,1
12,5,hard,73,0
12,5,hard,74,0
12,5,hard,75,0
12,5,hard,76,1
12,5,hard,77,1
12,5,hard,78,0
12,5,hard,79,1
12,5,hard,80,1
12,5,hard,81,1
12,5,hard,82,1
12,5,hard,83,1
12,5,hard,84,1
12,5,hard,85,1
12,5,hard,86,0
12,5,hard,87,1
12,5,hard,88,1
12,5,hard,89,1
12,5,hard,90,1
12,5,hard,91,1
12,5,hard,92,1
12,5,hard,93,1
12,5,hard,94,0
12,5,hard,95,1
12,5,hard,96,0
12,5,hard,97,0
12,5,hard,98,0
12,5,hard,99,1
12,5,hard,100,0
13,1,standard,1,1
13,1,standard,2,0
13,1,standard,3,0
13,1,standard,4,0
13,1,standard,5,1
13,1,standard,6,1
13,1,standard,7,0
13,1,standard,8,0
13,1,standard,9,0
13,1,standard,10,1
13,1,standard,11,1
13,1,standard,12,1
13,1,standard,13,1
13,1,standard,14,1
13,1,standard,15,1
13,1,standard,16,1
13,1,standard,17,1
13,1,standard,18,1
13,1,standard,19,1
13,1,standard,20,0
13,1,standard,21,1
13,1,standard,22,0
13,1,standard,23,0
13,1,standard,24,0
13,1,standard,25,1
13,1,standard,26,1
13,1,standard,27,1
13,1,standard,28,1
13,1,standard,29,1
13,1,standard,30,0
13,1,standard,31,1
13,1,standard,32,1
13,1,standard,33,0
13,1,standard,34,0
13,1,standard,35,1
13,1,standard,36,0
13,1,standard,37,0
13,1,standard,38,1
13,1,standard,39,1
13,1,standard,40,0
13,1,standard,41,1
13,1,standard,42,1
13,1,standard,43,0
13,1,standard,44,0
13,1,standard,45,0
13,1,standard,46,0
13,1,standard,47,1
13,1,standard,48,0
13,1,standard,49,0
13,1,standard,50,0
13,1,standard,51,1
13,1,standard,52,0
13,1,standard,53,1
13,1,standard,54,1
13,1,standard,55,0
13,1,standard,56,0
13,1,standard,57,1
13,1,standard,58,1
13,1,standard,59,1
13,1,standard,60,1
13,1,standard,61,1
13,1,standard,62,1
13,1,standard,63,1
13,1,standard,64,0
13,1,standard,65,0
13,1,standard,66,1
13,1,standard,67,1
13,1,standard,68,0
13,1,standard,69,0
13,1,standard,70,1
13,1,standard,71,0
13,1,standard,72,1
13,1,standard,73,1
13,1,standard,74,0
13,1,standard,75,1
13,1,standard,76,0
13,1,standard,77,0
13,1,standard,78,1
13,1,standard,79,1
13,1,standard,80,1
13,1,standard,81,1
13,1,standard,82,0
13,1,standard,83,1
13,1,standard,84,0
13,1,standard,85,0
13,1,standard,86,0
13,1,standard,87,1
13,1,standard,88,0
13,1,standard,89,1
13,1,standard,90,1
13,1,standard,91,1
13,1,standard,92,1
13,1,standard,93,1
13,1,standard,94,1
13,1,standard,95,0
13,1,standard,96,1
13,1,standard,97,0
13,1,standard,98,0
13,1,standard,99,0
13,1,standard,100,1
13,1,hard,1,1
13,1,hard,2,0
13,1,hard,3,1
13,1,hard,4,1
13,1,hard,5,1
13,1,hard,6,0
13,1,hard,7,1
13,1,hard,8,1
13,1,hard,9,0
13,1,hard,10,1
13,1,hard,11,1
13,1,hard,12,1
13,1,hard,13,1
13,1,hard,14,1
13,1,hard,15,1
13,1,hard,16,0
13,1,hard,17,1
13,1,hard,18,0
13,1,hard,19,0
13,1,hard,20,0
13,1,hard,21,1
13,1,hard,22,0
13,1,hard,23,0
13,1,hard,24,1
13,1,hard,25,0
13,1,hard,26,0
13,1,hard,27,0
13,1,hard,28,0
13,1,hard,29,0
13,1,hard,30,1
13,1,hard,31,1
13,1,hard,32,0
13,1,hard,33,0
13,1,hard,34,1
13,1,hard,35,1
13,1,hard,36,1
13,1,hard,37,0
13,1,hard,38,0
13,1,hard,39,1
13,1,hard,40,0
13,1,hard,41,0
13,1,hard,42,1
13,1,hard,43,0
13,1,hard,44,0
13,1,hard,45,1
13,1,hard,46,0
13,1,hard,47,1
13,1,hard,48,1
13,1,hard,49,0
13,1,hard,50,1
13,1,hard,51,0
13,1,hard,52,0
13,1,hard,53,1
13,1,hard,54,1
13,1,hard,55,1
13,1,hard,56,1
13,1,hard,57,0
13,1,hard,58,0
13,1,hard,59,1
13,1,hard,60,1
13,1,hard,61,1
13,1,hard,62,0
13,1,hard,63,1
13,1,hard,64,0
13,1,hard,65,0
13,1,hard,66,1
13,1,hard,67,0
13,1,hard,68,0
13,1,hard,69,0
13,1,hard,70,0
13,1,hard,71,0
13,1,hard,72,0
13,1,hard,73,0
13,1,hard,74,0
13,1,hard,75,1
13,1,hard,76,1
13,1,hard,77,0
13,1,hard,78,0
13,1,hard,79,1
13,1,hard,80,0
13,1,hard,81,1
13,1,hard,82,0
13,1,hard,83,1
13,1,hard,84,0
13,1,hard,85,0
13,1,hard,86,0
13,1,hard,87,1
13,1,hard,88,1
13,1,hard,89,1
13,1,hard,90,0
13,1,hard,91,1
13,1,hard,92,0
13,1,hard,93,0
13,1,hard,94,1
13,1,hard,95,0
13,1,hard,96,0
13,1,hard,97,0
13,1,hard,98,0
13,1,hard,99,1
13,1,hard,100,0
13,2,standard,1,1
13,2,standard,2,1
13,2,standard,3,1
13,2,standard,4,1
13,2,standard,5,0
13,2,standard,6,1
13,2,standard,7,1
13,2,standard,8,1
13,2,standard,9,0
13,2,standard,10,1
13,2,standard,11,1
13,2,standard,12,1
13,2,standard,13,1
13,2,standard,14,1
13,2,standard,15,1
13,2,standard,16,0
13,2,standard,17,0
13,2,standard,18,1
13,2,standard,19,1
13,2,standard,20,0
13,2,standard,21,0
13,2,standard,22,0
13,2,standard,23,0
13,2,standard,24,0
13,2,standard,25,0
13,2,standard,26,1
13,2,standard,27,1
13,2,standard,28,1
13,2,standard,29,1
13,2,standard,30,1
13,2,standard,31,1
13,2,standard,32,1
13,2,standard,33,0
13,2,standard,34,1
13,2,standard,35,1
13,2,standard,36,1
13,2,standard,37,1
13,2,standard,38,1
13,2,standard,39,1
13,2,standard,40,0
13,2,standard,41,0
13,2,standard,42,1
13,2,standard,43,1
13,2,standard,44,0
13,2,standard,45,1
13,2,standard,46,1
13,2,standard,47,0
13,2,standard,48,1
13,2,standard,49,1
13,2,standard,50,1
13,2,standard,51,1
13,2,standard,52,1
13,2,standard,53,0
13,2,standard,54,0
13,2,standard,55,0
13,2,standard,56,1
13,2,standard,57,0
13,2,standard,58,1
13,2,standard,59,1
13,2,standard,60,1
13,2,standard,61,1
13,2,standard,62,0
13,2,standard,63,1
13,2,standard,64,0
13,2,standard,65,0
13,2,standard,66,1
13,2,standard,67,1
13,2,standard,68,1
13,2,standard,69,1
13,2,standard,70,0
13,2,standard,71,1
13,2,standard,72,0
13,2,standard,73,1
13,2,standard,74,0
13,2,standard,75,1
13,2,standard,76,1
13,2,standard,77,1
13,2,standard,78,1
13,2,standard,79,1
13,2,standard,80,1
13,2,standard,81,0
13,2,standard,82,0
13,2,standard,83,1
13,2,standard,84,1
13,2,standard,85,1
13,2,standard,86,0
13,2,standard,87,1
13,2,standard,88,0
13,2,standard,89,0
13,2,standard,90,0
13,2,standard,91,1
13,2,standard,92,1
13,2,standard,93,1
13,2,standard,94,0
13,2,standard,95,1
13,2,standard,96,1
13,2,standard,97,1
13,2,standard,98,0
13,2,standard,99,1
13,2,standard,100,1
13,2,hard,1,1
13,2,hard,2,0
13,2,hard,3,0
13,2,hard,4,1
13,2,hard,5,0
13,2,hard,6,1
13,2,hard,7,0
13,2,hard,8,1
13,2,hard,9,0
13,2,hard,10,1
13,2,hard,11,1
13,2,hard,12,1
13,2,hard,13,1
13,2,hard,14,0
13,2,hard,15,1
13,2,hard,16,0
13,2,hard,17,0
13,2,hard,18,1
13,2,hard,19,0
13,2,hard,20,1
13,2,hard,21,1
13,2,hard,22,1
13,2,hard,23,1
13,2,hard,24,0
13,2,hard,25,1
13,2,hard,26,1
13,2,hard,27,1
13,2,hard,28,1
13,2,hard,29,1
13,2,hard,30,0
13,2,hard,31,1
13,2,hard,32,0
13,2,hard,33,1
13,2,hard,34,0
13,2,hard,35,0
13,2,hard,36,0
13,2,hard,37,1
13,2,hard,38,0
13,2,hard,39,0
13,2,hard,40,1
13,2,hard,41,0
13,2,hard,42,0
13,2,hard,43,0
13,2,hard,44,1
13,2,hard,45,1
13,2,hard,46,0
13,2,hard,47,1
13,2,hard,48,1
13,2,hard,49,0
13,2,hard,50,1
13,2,hard,51,0
13,2,hard,52,1
13,2,hard,53,1
13,2,hard,54,1
13,2,hard,55,1
13,2,hard,56,0
13,2,hard,57,1
13,2,hard,58,1
13,2,hard,59,0
13,2,hard,60,1
13,2,hard,61,1
13,2,hard,62,1
13,2,hard,63,1
13,2,hard,64,1
13,2,hard,65,1
13,2,hard,66,0
13,2,hard,67,1
13,2,hard,68,1
13,2,hard,69,0
13,2,hard,70,0
13,2,hard,71,0
13,2,hard,72,0
13,2,hard,73,0
13,2,hard,74,0
13,2,hard,75,0
13,2,hard,76,1
13,2,hard,77,1
13,2,hard,78,1
13,2,hard,79,0
13,2,hard,80,0
13,2,hard,81,0
13,2,hard,82,1
13,2,hard,83,1
13,2,hard,84,0
13,2,hard,85,0
13,2,hard,86,1
13,2,hard,87,0
13,2,hard,88,0
13,2,hard,89,1
13,2,hard,90,0
13,2,hard,91,0
13,2,hard,92,1
13,2,hard,93,1
13,2,hard,94,1
13,2,hard,95,1
13,2,hard,96,0
13,2,hard,97,1
13,2,hard,98,0
13,2,hard,99,1
13,2,hard,100,1
13,3,standard,1,0
13,3,standard,2,1
13,3,standard,3,0
13,3,standard,4,1
13,3,standard,5,1
13,3,standard,6,1
13,3,standard,7,1
13,3,standard,8,1
13,3,standard,9,1
13,3,standard,10,1
13,3,standard,11,0
13,3,standard,12,1
13,3,standard,13,1
13,3,standard,14,1
13,3,standard,15,1
13,3,standard,16,1
13,3,standard,17,0
13,3,standard,18,0
13,3,standard,19,1
13,3,standard,20,0
13,3,standard,21,1
13,3,standard,22,0
13,3,standard,23,1
13,3,standard,24,1
13,3,standard,25,1
13,3,standard,26,1
13,3,standard,27,1
13,3,standard,28,0
13,3,standard,29,0
13,3,standard,30,0
13,3,standard,31,0
13,3,standard,32,0
13,3,standard,33,1
13,3,standard,34,1
13,3,standard,35,0
13,3,standard,36,1
13,3,standard,37,1
13,3,standard,38,0
13,3,standard,39,1
13,3,standard,40,1
13,3,standard,41,0
13,3,standard,42,1
13,3,standard,43,1
13,3,standard,44,0
13,3,standard,45,1
13,3,standard,46,1
13,3,standard,47,1
13,3,standard,48,1
13,3,standard,49,1
13,3,standard,50,1
13,3,standard,51,1
13,3,standard,52,1
13,3,standard,53,1
13,3,standard,54,1
13,3,standard,55,1
13,3,standard,56,1
13,3,standard,57,1
13,3,standard,58,1
13,3,standard,59,1
13,3,standard,60,1
13,3,standard,61,1
13,3,standard,62,1
13,3,standard,63,0
13,3,standard,64,1
13,3,standard,65,1
13,3,standard,66,0
13,3,standard,67,0
13,3,standard,68,1
13,3,standard,69,0
13,3,standard,70,1
13,3,standard,71,1
13,3,standard,72,1
13,3,standard,73,0
13,3,standard,74,1
13,3,standard,75,1
13,3,standard,76,1
13,3,standard,77,1
13,3,standard,78,1
13,3,standard,79,1
13,3,standard,80,0
13,3,standard,81,1
13,3,standard,82,1
13,3,standard,83,1
13,3,standard,84,0
13,3,standard,85,0
13,3,standard,86,1
13,3,standard,87,1
13,3,standard,88,1
13,3,standard,89,0
13,3,standard,90,0
13,3,standard,91,1
13,3,standard,92,1
13,3,standard,93,1
13,3,standard,94,1
13,3,standard,95,1
13,3,standard,96,1
13,3,standard,97,1
13,3,standard,98,1
13,3,standard,99,0
13,3,standard,100,1
13,3,hard,1,0
13,3,hard,2,1
13,3,hard,3,0
13,3,hard,4,1
13,3,hard,5,0
13,3,hard,6,0
13,3,hard,7,0
13,3,hard,8,1
13,3,hard,9,1
13,3,hard,10,1
13,3,hard,11,1
13,3,hard,12,1
13,3,hard,13,1
13,3,hard,14,0
13,3,hard,15,0
13,3,hard,16,1
13,3,hard,17,0
13,3,hard,18,1
13,3,hard,19,0
13,3,hard,20,1
13,3,hard,21,1
13,3,hard,22,0
13,3,hard,23,0
13,3,hard,24,0
13,3,hard,25,0
13,3,hard,26,1
13,3,hard,27,1
13,3,hard,28,0
13,3,hard,29,0
13,3,hard,30,0
13,3,hard,31,1
13,3,hard,32,0
13,3,hard,33,0
13,3,hard,34,1
13,3,hard,35,1
13,3,hard,36,0
13,3,hard,37,1
13,3,hard,38,0
13,3,hard,39,0
13,3,hard,40,1
13,3,hard,41,1
13,3,hard,42,1
13,3,hard,43,1
13,3,hard,44,1
13,3,hard,45,1
13,3,hard,46,1
13,3,hard,47,1
13,3,hard,48,1
13,3,hard,49,1
13,3,hard,50,1
13,3,hard,51,1
13,3,hard,52,1
13,3,hard,53,0
13,3,hard,54,0
13,3,hard,55,1
13,3,hard,56,0
13,3,hard,57,1
13,3,hard,58,1
13,3,hard,59,1
13,3,hard,60,1
13,3,hard,61,1
13,3,hard,62,1
13,3,hard,63,1
13,3,hard,64,0
13,3,hard,65,1
13,3,hard,66,0
13,3,hard,67,1
13,3,hard,68,1
13,3,hard,69,0
13,3,hard,70,0
13,3,hard,71,1
13,3,hard,72,1
13,3,hard,73,1
13,3,hard,74,1
13,3,hard,75,0
13,3,hard,76,0
13,3,hard,77,1
13,3,hard,78,0
13,3,hard,79,1
13,3,hard,80,1
13,3,hard,81,1
13,3,hard,82,0
13,3,hard,83,0
13,3,hard,84,0
13,3,hard,85,1
13,3,hard,86,1
13,3,hard,87,1
13,3,hard,88,1
13,3,hard,89,0
13,3,hard,90,0
13,3,hard,91,1
13,3,hard,92,0
13,3,hard,93,1
13,3,hard,94,1
13,3,hard,95,1
13,3,hard,96,0
13,3,hard,97,0
13,3,hard,98,1
13,3,hard,99,0
13,3,hard,100,0
13,4,standard,1,1
13,4,standard,2,1
13,4,standard,3,1
13,4,standard,4,0
13,4,standard,5,1
13,4,standard,6,1
13,4,standard,7,1
13,4,standard,8,1
13,4,standard,9,0
13,4,standard,10,1
13,4,standard,11,0
13,4,standard,12,1
13,4,standard,13,0
13,4,standard,14,1
13,4,standard,15,0
13,4,standard,16,1
13,4,standard,17,1
13,4,standard,18,0
13,4,standard,19,1
13,4,standard,20,1
13,4,standard,21,1
13,4,standard,22,1
13,4,standard,23,1
13,4,standard,24,0
13,4,standard,25,0
13,4,standard,26,1
13,4,standard,27,1
13,4,standard,28,1
13,4,standard,29,1
13,4,standard,30,1
13,4,standard,31,1
13,4,standard,32,0
13,4,standard,33,1
13,4,standard,34,1
13,4,standard,35,1
13,4,standard,36,1
13,4,standard,37,1
13,4,standard,38,1
13,4,standard,39,0
13,4,standard,40,0
13,4,standard,41,1
13,4,standard,42,0
13,4,standard,43,1
13,4,standard,44,1
13,4,standard,45,1
13,4,standard,46,1
13,4,standard,47,1
13,4,standard,48,0
13,4,standard,49,1
13,4,standard,50,0
13,4,standard,51,0
13,4,standard,52,1
13,4,standard,53,1
13,4,standard,54,0
13,4,standard,55,1
13,4,standard,56,0
13,4,standard,57,1
13,4,standard,58,1
13,4,standard,59,1
13,4,standard,60,1
13,4,standard,61,1
13,4,standard,62,1
13,4,standard,63,1
13,4,standard,64,1
13,4,standard,65,1
13,4,standard,66,1
13,4,standard,67,1
13,4,standard,68,0
13,4,standard,69,1
13,4,standard,70,0
13,4,standard,71,1
13,4,standard,72,1
13,4,standard,73,0
13,4,standard,74,1
13,4,standard,75,1
13,4,standard,76,1
13,4,standard,77,1
13,4,standard,78,1
13,4,standard,79,0
13,4,standard,80,1
13,4,standard,81,1
13,4,standard,82,0
13,4,standard,83,1
13,4,standard,84,1
13,4,standard,85,1
13,4,standard,86,0
13,4,standard,87,1
13,4,standard,88,0
13,4,standard,89,1
13,4,standard,90,1
13,4,standard,91,1
13,4,standard,92,1
13,4,standard,93,1
13,4,standard,94,1
13,4,standard,95,1
13,4,standard,96,1
13,4,standard,97,1
13,4,standard,98,1
13,4,standard,99,1
13,4,standard,100,1
13,4,hard,1,1
13,4,hard,2,0
13,4,hard,3,1
13,4,hard,4,1
13,4,hard,5,1
13,4,hard,6,1
13,4,hard,7,1
13,4,hard,8,1
13,4,hard,9,0
13,4,hard,10,0
13,4,hard,11,0
13,4,hard,12,0
13,4,hard,13,0
13,4,hard,14,0
13,4,hard,15,1
13,4,hard,16,0
13,4,hard,17,0
13,4,hard,18,0
13,4,hard,19,0
13,4,hard,20,0
13,4,hard,21,0
13,4,hard,22,1
13,4,hard,23,1
13,4,hard,24,1
13,4,hard,25,1
13,4,hard,26,0
13,4,hard,27,1
13,4,hard,28,0
13,4,hard,29,0
13,4,hard,30,1
13,4,hard,31,1
13,4,hard,32,0
13,4,hard,33,0
13,4,hard,34,1
13,4,hard,35,0
13,4,hard,36,1
13,4,hard,37,1
13,4,hard,38,1
13,4,hard,39,0
13,4,hard,40,0
13,4,hard,41,0
13,4,hard,42,1
13,4,hard,43,0
13,4,hard,44,0
13,4,hard,45,1
13,4,hard,46,0
13,4,hard,47,1
13,4,hard,48,1
13,4,hard,49,0
13,4,hard,50,1
13,4,hard,51,1
13,4,hard,52,0
13,4,hard,53,0
13,4,hard,54,1
13,4,hard,55,1
13,4,hard,56,0
13,4,hard,57,0
13,4,hard,58,0
13,4,hard,59,0
13,4,hard,60,1
13,4,hard,61,0
13,4,hard,62,1
13,4,hard,63,1
13,4,hard,64,0
13,4,hard,65,0
13,4,hard,66,0
13,4,hard,67,0
13,4,hard,68,0
13,4,hard,69,0
13,4,hard,70,1
13,4,hard,71,1
13,4,hard,72,1
13,4,hard,73,1
13,4,hard,74,1
13,4,hard,75,0
13,4,hard,76,0
13,4,hard,77,0
13,4,hard,78,1
13,4,hard,79,0
13,4,hard,80,1
13,4,hard,81,0
13,4,hard,82,0
13,4,hard,83,1
13,4,hard,84,1
13,4,hard,85,0
13,4,hard,86,1
13,4,hard,87,1
13,4,hard,88,0
13,4,hard,89,0
13,4,hard,90,0
13,4,hard,91,0
13,4,hard,92,1
13,4,hard,93,0
13,4,hard,94,1
13,4,hard,95,1
13,4,hard,96,0
13,4,hard,97,1
13,4,hard,98,1
13,4,hard,99,1
13,4,hard,100,1
13,5,standard,1,1
13,5,standard,2,1
13,5,standard,3,1
13,5,standard,4,1
13,5,standard,5,0
13,5,standard,6,1
13,5,standard,7,1
13,5,standard,8,1
13,5,standard,9,1
13,5,standard,10,1
13,5,standard,11,0
13,5,standard,12,0
13,5,standard,13,1
13,5,standard,14,0
13,5,standard,15,1
13,5,standard,16,1
13,5,standard,17,1
13,5,standard,18,1
13,5,standard,19,0
13,5,standard,20,1
13,5,standard,21,1
13,5,standard,22,1
13,5,standard,23,1
13,5,standard,24,1
13,5,standard,25,1
13,5,standard,26,0
13,5,standard,27,1
13,5,standard,28,0
13,5,standard,29,1
13,5,standard,30,1
13,5,standard,31,0
13,5,standard,32,1
13,5,standard,33,0
13,5,standard,34,0
13,5,standard,35,1
13,5,standard,36,1
13,5,standard,37,0
13,5,standard,38,1
13,5,standard,39,0
13,5,standard,40,1
13,5,standard,41,1
13,5,standard,42,0
13,5,standard,43,1
13,5,standard,44,1
13,5,standard,45,1
13,5,standard,46,0
13,5,standard,47,0
13,5,standard,48,1
13,5,standard,49,1
13,5,standard,50,1
13,5,standard,51,1
13,5,standard,52,1
13,5,standard,53,0
13,5,standard,54,1
13,5,standard,55,1
13,5,standard,56,1
13,5,standard,57,1
13,5,standard,58,0
13,5,standard,59,1
13,5,standard,60,0
13,5,standard,61,0
13,5,standard,62,1
13,5,standard,63,1
13,5,standard,64,0
13,5,standard,65,1
13,5,standard,66,0
13,5,standard,67,1
13,5,standard,68,1
13,5,standard,69,0
13,5,standard,70,1
13,5,standard,71,0
13,5,standard,72,1
13,5,standard,73,1
13,5,standard,74,1
13,5,standard,75,1
13,5,standard,76,1
13,5,standard,77,0
13,5,standard,78,1
13,5,standard,79,0
13,5,standard,80,1
13,5,standard,81,1
13,5,standard,82,1
13,5,standard,83,1
13,5,standard,84,1
13,5,standard,85,1
13,5,standard,86,1
13,5,standard,87,1
13,5,standard,88,1
13,5,standard,89,0
13,5,standard,90,0
13,5,standard,91,1
13,5,standard,92,0
13,5,standard,93,1
13,5,standard,94,1
13,5,standard,95,0
13,5,standard,96,1
13,5,standard,97,1
13,5,standard,98,0
13,5,standard,99,0
13,5,standard,100,0
13,5,hard,1,1
13,5,hard,2,1
13,5,hard,3,1
13,5,hard,4,0
13,5,hard,5,0
13,5,hard,6,1
13,5,hard,7,1
13,5,hard,8,1
13,5,hard,9,1
13,5,hard,10,0
13,5,hard,11,1
13,5,hard,12,1
13,5,hard,13,1
13,5,hard,14,0
13,5,hard,15,1
13,5,hard,16,1
13,5,hard,17,0
13,5,hard,18,1
13,5,hard,19,1
13,5,hard,20,1
13,5,hard,21,1
13,5,hard,22,1
13,5,hard,23,1
13,5,hard,24,0
13,5,hard,25,0
13,5,hard,26,1
13,5,hard,27,1
13,5,hard,28,0
13,5,hard,29,0
13,5,hard,30,0
13,5,hard,31,1
13,5,hard,32,1
13,5,hard,33,0
13,5,hard,34,1
13,5,hard,35,1
13,5,hard,36,0
13,5,hard,37,0
13,5,hard,38,1
13,5,hard,39,1
13,5,hard,40,1
13,5,hard,41,0
13,5,hard,42,1
13,5,hard,43,0
13,5,hard,44,1
13,5,hard,45,1
13,5,hard,46,1
13,5,hard,47,0
13,5,hard,48,1
13,5,hard,49,0
13,5,hard,50,1
13,5,hard,51,0
13,5,hard,52,1
13,5,hard,53,1
13,5,hard,54,1
13,5,hard,55,0
13,5,hard,56,1
13,5,hard,57,0
13,5,hard,58,0
13,5,hard,59,1
13,5,hard,60,1
13,5,hard,61,1
13,5,hard,62,1
13,5,hard,63,0
13,5,hard,64,1
13,5,hard,65,1
13,5,hard,66,1
13,5,hard,67,0
13,5,hard,68,1
13,5,hard,69,1
13,5,hard,70,1
13,5,hard,71,1
13,5,hard,72,1
13,5,hard,73,1
13,5,hard,74,1
13,5,hard,75,1
13,5,hard,76,0
13,5,hard,77,1
13,5,hard,78,1
13,5,hard,79,1
13,5,hard,80,1
13,5,hard,81,1
13,5,hard,82,1
13,5,hard,83,1
13,5,hard,84,1
13,5,hard,85,0
13,5,hard,86,1
13,5,hard,87,1
13,5,hard,88,1
13,5,hard,89,0
13,5,hard,90,1
13,5,hard,91,1
13,5,hard,92,1
13,5,hard,93,1
13,5,hard,94,1
13,5,hard,95,0
13,5,hard,96,0
13,5,hard,97,1
13,5,hard,98,1
13,5,hard,99,0
13,5,hard,100,1
14,1,standard,1,0
14,1,standard,2,1
14,1,standard,3,1
14,1,standard,4,1
14,1,standard,5,1
14,1,standard,6,0
14,1,standard,7,1
14,1,standard,8,1
14,1,standard,9,1
14,1,standard,10,1
14,1,standard,11,1
14,1,standard,12,0
14,1,standard,13,1
14,1,standard,14,0
14,1,standard,15,1
14,1,standard,16,1
14,1,standard,17,1
14,1,standard,18,1
14,1,standard,19,1
14,1,standard,20,0
14,1,standard,21,1
14,1,standard,22,1
14,1,standard,23,1
14,1,standard,24,1
14,1,standard,25,1
14,1,standard,26,1
14,1,standard,27,1
14,1,standard,28,1
14,1,standard,29,1
14,1,standard,30,1
14,1,standard,31,0
14,1,standard,32,0
14,1,standard,33,0
14,1,standard,34,1
14,1,standard,35,1
14,1,standard,36,1
14,1,standard,37,1
14,1,standard,38,1
14,1,standard,39,1
14,1,standard,40,1
14,1,standard,41,1
14,1,standard,42,1
14,1,standard,43,1
14,1,standard,44,1
14,1,standard,45,1
14,1,standard,46,1
14,1,standard,47,1
14,1,standard,48,1
14,1,standard,49,1
14,1,standard,50,0
14,1,standard,51,1
14,1,standard,52,0
14,1,standard,53,1
14,1,standard,54,1
14,1,standard,55,0
14,1,standard,56,1
14,1,standard,57,0
14,1,standard,58,1
14,1,standard,59,1
14,1,standard,60,1
14,1,standard,61,1
14,1,standard,62,1
14,1,standard,63,1
14,1,standard,64,1
14,1,standard,65,1
14,1,standard,66,1
14,1,standard,67,1
14,1,standard,68,1
14,1,standard,69,0
14,1,standard,70,1
14,1,standard,71,1
14,1,standard,72,1
14,1,standard,73,1
14,1,standard,74,1
14,1,standard,75,1
14,1,standard,76,1
14,1,standard,77,1
14,1,standard,78,1
14,1,standard,79,1
14,1,standard,80,0
14,1,standard,81,1
14,1,standard,82,1
14,1,standard,83,1
14,1,standard,84,1
14,1,standard,85,1
14,1,standard,86,1
14,1,standard,87,0
14,1,standard,88,0
14,1,standard,89,1
14,1,standard,90,1
14,1,standard,91,1
14,1,standard,92,1
14,1,standard,93,0
14,1,standard,94,1
14,1,standard,95,1
14,1,standard,96,1
14,1,standard,97,1
14,1,standard,98,1
14,1,standard,99,0
14,1,standard,100,1
14,1,hard,1,1
14,1,hard,2,1
14,1,hard,3,1
14,1,hard,4,1
14,1,hard,5,1
14,1,hard,6,1
14,1,hard,7,1
14,1,hard,8,1
14,1,hard,9,1
14,1,hard,10,1
14,1,hard,11,1
14,1,hard,12,0
14,1,hard,13,1
14,1,hard,14,1
14,1,hard,15,1
14,1,hard,16,1
14,1,hard,17,0
14,1,hard,18,1
14,1,hard,19,1
14,1,hard,20,0
14,1,hard,21,1
14,1,hard,22,1
14,1,hard,23,0
14,1,hard,24,0
14,1,hard,25,0
14,1,hard,26,1
14,1,hard,27,0
14,1,hard,28,1
14,1,hard,29,1
14,1,hard,30,1
14,1,hard,31,1
14,1,hard,32,1
14,1,hard,33,1
14,1,hard,34,1
14,1,hard,35,0
14,1,hard,36,1
14,1,hard,37,0
14,1,hard,38,1
14,1,hard,39,1
14,1,hard,40,0
14,1,hard,41,0
14,1,hard,42,1
14,1,hard,43,1
14,1,hard,44,1
14,1,hard,45,0
14,1,hard,46,0
14,1,hard,47,1
14,1,hard,48,1
14,1,hard,49,1
14,1,hard,50,1
14,1,hard,51,1
14,1,hard,52,0
14,1,hard,53,1
14,1,hard,54,0
14,1,hard,55,1
14,1,hard,56,1
14,1,hard,57,0
14,1,hard,58,0
14,1,hard,59,0
14,1,hard,60,1
14,1,hard,61,1
14,1,hard,62,1
14,1,hard,63,1
14,1,hard,64,0
14,1,hard,65,0
14,1,hard,66,1
14,1,hard,67,1
14,1,hard,68,1
14,1,hard,69,0
14,1,hard,70,1
14,1,hard,71,1
14,1,hard,72,1
14,1,hard,73,1
14,1,hard,74,1
14,1,hard,75,1
14,1,hard,76,1
14,1,hard,77,1
14,1,hard,78,1
14,1,hard,79,0
14,1,hard,80,1
14,1,hard,81,0
14,1,hard,82,0
14,1,hard,83,1
14,1,hard,84,0
14,1,hard,85,1
14,1,hard,86,0
14,1,hard,87,0
14,1,hard,88,1
14,1,hard,89,0
14,1,hard,90,1
14,1,hard,91,1
14,1,hard,92,1
14,1,hard,93,1
14,1,hard,94,1
14,1,hard,95,0
14,1,hard,96,1
14,1,hard,97,1
14,1,hard,98,1
14,1,hard,99,0
14,1,hard,100,1
14,2,standard,1,1
14,2,standard,2,1
14,2,standard,3,1
14,2,standard,4,0
14,2,standard,5,0
14,2,standard,6,1
14,2,standard,7,1
14,2,standard,8,1
14,2,standard,9,1
14,2,standard,10,0
14,2,standard,11,1
14,2,standard,12,1
14,2,standard,13,0
14,2,standard,14,1
14,2,standard,15,1
14,2,standard,16,1
14,2,standard,17,0
14,2,standard,18,1
14,2,standard,19,1
14,2,standard,20,1
14,2,standard,21,1
14,2,standard,22,1
14,2,standard,23,1
14,2,standard,24,1
14,2,standard,25,0
14,2,standard,26,1
14,2,standard,27,1
14,2,standard,28,1
14,2,standard,29,0
14,2,standard,30,1
14,2,standard,31,1
14,2,standard,32,0
14,2,standard,33,0
14,2,standard,34,1
14,2,standard,35,1
14,2,standard,36,0
14,2,standard,37,0
14,2,standard,38,1
14,2,standard,39,1
14,2,standard,40,1
14,2,standard,41,1
14,2,standard,42,1
14,2,standard,43,1
14,2,standard,44,1
14,2,standard,45,1
14,2,standard,46,1
14,2,standard,47,1
14,2,standard,48,1
14,2,standard,49,1
14,2,standard,50,1
14,2,standard,51,1
14,2,standard,52,0
14,2,standard,53,1
14,2,standard,54,1
14,2,standard,55,0
14,2,standard,56,1
14,2,standard,57,1
14,2,standard,58,1
14,2,standard,59,0
14,2,standard,60,1
14,2,standard,61,1
14,2,standard,62,1
14,2,standard,63,1
14,2,standard,64,0
14,2,standard,65,1
14,2,standard,66,1
14,2,standard,67,1
14,2,standard,68,1
14,2,standard,69,1
14,2,standard,70,0
14,2,standard,71,1
14,2,standard,72,0
14,2,standard,73,1
14,2,standard,74,1
14,2,standard,75,1
14,2,standard,76,1
14,2,standard,77,1
14,2,standard,78,1
14,2,standard,79,1
14,2,standard,80,1
14,2,standard,81,1
14,2,standard,82,1
14,2,standard,83,1
14,2,standard,84,0
14,2,standard,85,0
14,2,standard,86,1
14,2,standard,87,1
14,2,standard,88,1
14,2,standard,89,1
14,2,standard,90,1
14,2,standard,91,1
14,2,standard,92,1
14,2,standard,93,1
14,2,standard,94,1
14,2,standard,95,1
14,2,standard,96,0
14,2,standard,97,1
14,2,standard,98,1
14,2,standard,99,0
14,2,standard,100,0
14,2,hard,1,0
14,2,hard,2,0
14,2,hard,3,1
14,2,hard,4,1
14,2,hard,5,1
14,2,hard,6,1
14,2,hard,7,0
14,2,hard,8,0
14,2,hard,9,1
14,2,hard,10,0
14,2,hard,11,1
14,2,hard,12,1
14,2,hard,13,0
14,2,hard,14,0
14,2,hard,15,1
14,2,hard,16,0
14,2,hard,17,1
14,2,hard,18,1
14,2,hard,19,1
14,2,hard,20,1
14,2,hard,21,0
14,2,hard,22,1
14,2,hard,23,0
14,2,hard,24,0
14,2,hard,25,1
14,2,hard,26,1
14,2,hard,27,1
14,2,hard,28,1
14,2,hard,29,1
14,2,hard,30,0
14,2,hard,31,0
14,2,hard,32,1
14,2,hard,33,1
14,2,hard,34,1
14,2,hard,35,1
14,2,hard,36,0
14,2,hard,37,0
14,2,hard,38,0
14,2,hard,39,1
14,2,hard,40,0
14,2,hard,41,1
14,2,hard,42,1
14,2,hard,43,1
14,2,hard,44,0
14,2,hard,45,0
14,2,hard,46,0
14,2,hard,47,0
14,2,hard,48,1
14,2,hard,49,0
14,2,hard,50,1
14,2,hard,51,1
14,2,hard,52,1
14,2,hard,53,0
14,2,hard,54,1
14,2,hard,55,1
14,2,hard,56,0
14,2,hard,57,0
14,2,hard,58,1
14,2,hard,59,0
14,2,hard,60,1
14,2,hard,61,1
14,2,hard,62,1
14,2,hard,63,0
14,2,hard,64,0
14,2,hard,65,0
14,2,hard,66,1
14,2,hard,67,0
14,2,hard,68,1
14,2,hard,69,1
14,2,hard,70,1
14,2,hard,71,1
14,2,hard,72,0
14,2,hard,73,0
14,2,hard,74,0
14,2,hard,75,1
14,2,hard,76,1
14,2,hard,77,1
14,2,hard,78,1
14,2,hard,79,1
14,2,hard,80,1
14,2,hard,81,1
14,2,hard,82,1
14,2,hard,83,0
14,2,hard,84,1
14,2,hard,85,1
14,2,hard,86,1
14,2,hard,87,0
14,2,hard,88,1
14,2,hard,89,0
14,2,hard,90,0
14,2,hard,91,1
14,2,hard,92,1
14,2,hard,93,0
14,2,hard,94,1
14,2,hard,95,0
14,2,hard,96,1
14,2,hard,97,1
14,2,hard,98,0
14,2,hard,99,1
14,2,hard,100,0
14,3,standard,1,1
14,3,standard,2,1
14,3,standard,3,1
14,3,standard,4,0
14,3,standard,5,0
14,3,standard,6,0
14,3,standard,7,0
14,3,standard,8,1
14,3,standard,9,1
14,3,standard,10,1
14,3,standard,11,0
14,3,standard,12,1
14,3,standard,13,0
14,3,standard,14,1
14,3,standard,15,1
14,3,standard,16,0
14,3,standard,17,1
14,3,standard,18,1
14,3,standard,19,0
14,3,standard,20,1
14,3,standard,21,1
14,3,standard,22,0
14,3,standard,23,1
14,3,standard,24,1
14,3,standard,25,1
14,3,standard,26,1
14,3,standard,27,1
14,3,standard,28,1
14,3,standard,29,1
14,3,standard,30,1
14,3,standard,31,0
14,3,standard,32,0
14,3,standard,33,0
14,3,standard,34,0
14,3,standard,35,1
14,3,standard,36,1
14,3,standard,37,1
14,3,standard,38,1
14,3,standard,39,1
14,3,standard,40,1
14,3,standard,41,1
14,3,standard,42,1
14,3,standard,43,1
14,3,standard,44,0
14,3,standard,45,0
14,3,standard,46,0
14,3,standard,47,1
14,3,standard,48,1
14,3,standard,49,1
14,3,standard,50,0
14,3,standard,51,0
14,3,standard,52,0
14,3,standard,53,1
14,3,standard,54,1
14,3,standard,55,1
14,3,standard,56,1
14,3,standard,57,0
14,3,standard,58,1
14,3,standard,59,1
14,3,standard,60,0
14,3,standard,61,0
14,3,standard,62,0
14,3,standard,63,1
14,3,standard,64,1
14,3,standard,65,0
14,3,standard,66,1
14,3,standard,67,0
14,3,standard,68,1
14,3,standard,69,0
14,3,standard,70,1
14,3,standard,71,1
14,3,standard,72,1
14,3,standard,73,0
14,3,standard,74,0
14,3,standard,75,1
14,3,standard,76,0
14,3,standard,77,0
14,3,standard,78,0
14,3,standard,79,0
14,3,standard,80,1
14,3,standard,81,1
14,3,standard,82,1
14,3,standard,83,0
14,3,standard,84,1
14,3,standard,85,1
14,3,standard,86,1
14,3,standard,87,1
14,3,standard,88,1
14,3,standard,89,1
14,3,standard,90,1
14,3,standard,91,1
14,3,standard,92,1
14,3,standard,93,0
14,3,standard,94,1
14,3,standard,95,0
14,3,standard,96,0
14,3,standard,97,1
14,3,standard,98,1
14,3,standard,99,0
14,3,standard,100,1
14,3,hard,1,0
14,3,hard,2,0
14,3,hard,3,1
14,3,hard,4,0
14,3,hard,5,1
14,3,hard,6,1
14,3,hard,7,0
14,3,hard,8,1
14,3,hard,9,1
14,3,hard,10,0
14,3,hard,11,1
14,3,hard,12,0
14,3,hard,13,0
14,3,hard,14,0
14,3,hard,15,1
14,3,hard,16,0
14,3,hard,17,1
14,3,hard,18,1
14,3,hard,19,0
14,3,hard,20,1
14,3,hard,21,1
14,3,hard,22,1
14,3,hard,23,0
14,3,hard,24,1
14,3,hard,25,1
14,3,hard,26,0
14,3,hard,27,0
14,3,hard,28,0
14,3,hard,29,1
14,3,hard,30,1
14,3,hard,31,1
14,3,hard,32,0
14,3,hard,33,0
14,3,hard,34,1
14,3,hard,35,0
14,3,hard,36,0
14,3,hard,37,1
14,3,hard,38,0
14,3,hard,39,0
14,3,hard,40,1
14,3,hard,41,0
14,3,hard,42,1
14,3,hard,43,1
14,3,hard,44,1
14,3,hard,45,1
14,3,hard,46,0
14,3,hard,47,1
14,3,hard,48,1
14,3,hard,49,0
14,3,hard,50,1
14,3,hard,51,1
14,3,hard,52,0
14,3,hard,53,1
14,3,hard,54,1
14,3,hard,55,1
14,3,hard,56,0
14,3,hard,57,0
14,3,hard,58,0
14,3,hard,59,1
14,3,hard,60,1
14,3,hard,61,1
14,3,hard,62,0
14,3,hard,63,1
14,3,hard,64,1
14,3,hard,65,0
14,3,hard,66,1
14,3,hard,67,0
14,3,hard,68,1
14,3,hard,69,1
14,3,hard,70,0
14,3,hard,71,0
14,3,hard,72,0
14,3,hard,73,1
14,3,hard,74,1
14,3,hard,75,0
14,3,hard,76,0
14,3,hard,77,0
14,3,hard,78,0
14,3,hard,79,1
14,3,hard,80,0
14,3,hard,81,0
14,3,hard,82,1
14,3,hard,83,1
14,3,hard,84,1
14,3,hard,85,1
14,3,hard,86,0
14,3,hard,87,1
14,3,hard,88,1
14,3,hard,89,0
14,3,hard,90,1
14,3,hard,91,0
14,3,hard,92,1
14,3,hard,93,1
14,3,hard,94,1
14,3,hard,95,1
14,3,hard,96,1
14,3,hard,97,0
14,3,hard,98,1
14,3,hard,99,1
14,3,hard,100,0
14,4,standard,1,1
14,4,standard,2,1
14,4,standard,3,1
14,4,standard,4,1
14,4,standard,5,1
14,4,standard,6,0
14,4,standard,7,1
14,4,standard,8,1
14,4,standard,9,1
14,4,standard,10,0
14,4,standard,11,0
14,4,standard,12,1
14,4,standard,13,1
14,4,standard,14,0
14,4,standard,15,1
14,4,standard,16,1
14,4,standard,17,1
14,4,standard,18,1
14,4,standard,19,1
14,4,standard,20,1
14,4,standard,21,0
14,4,standard,22,1
14,4,standard,23,1
14,4,standard,24,1
14,4,standard,25,1
14,4,standard,26,1
14,4,standard,27,1
14,4,standard,28,1
14,4,standard,29,1
14,4,standard,30,1
14,4,standard,31,1
14,4,standard,32,1
14,4,standard,33,0
14,4,standard,34,1
14,4,standard,35,1
14,4,standard,36,0
14,4,standard,37,0
14,4,standard,38,0
14,4,standard,39,0
14,4,standard,40,1
14,4,standard,41,1
14,4,standard,42,1
14,4,standard,43,1
14,4,standard,44,1
14,4,standard,45,1
14,4,standard,46,1
14,4,standard,47,0
14,4,standard,48,0
14,4,standard,49,1
14,4,standard,50,1
14,4,standard,51,1
14,4,standard,52,1
14,4,standard,53,1
14,4,standard,54,1
14,4,standard,55,1
14,4,standard,56,1
14,4,standard,57,1
14,4,standard,58,1
14,4,standard,59,0
14,4,standard,60,1
14,4,standard,61,1
14,4,standard,62,1
14,4,standard,63,1
14,4,standard,64,1
14,4,standard,65,1
14,4,standard,66,1
14,4,standard,67,1
14,4,standard,68,0
14,4,standard,69,1
14,4,standard,70,1
14,4,standard,71,0
14,4,standard,72,0
14,4,standard,73,1
14,4,standard,74,1
14,4,standard,75,0
14,4,standard,76,1
14,4,standard,77,1
14,4,standard,78,1
14,4,standard,79,1
14,4,standard,80,1
14,4,standard,81,1
14,4,standard,82,0
14,4,standard,83,1
14,4,standard,84,0
14,4,standard,85,1
14,4,standard,86,0
14,4,standard,87,1
14,4,standard,88,1
14,4,standard,89,1
14,4,standard,90,1
14,4,standard,91,1
14,4,standard,92,1
14,4,standard,93,1
14,4,standard,94,1
14,4,standard,95,1
14,4,standard,96,0
14,4,standard,97,1
14,4,standard,98,1
14,4,standard,99,1
14,4,standard,100,1
14,4,hard,1,1
14,4,hard,2,1
14,4,hard,3,1
14,4,hard,4,1
14,4,hard,5,1
14,4,hard,6,0
14,4,hard,7,1
14,4,hard,8,0
14,4,hard,9,1
14,4,hard,10,1
14,4,hard,11,1
14,4,hard,12,1
14,4,hard,13,1
14,4,hard,14,1
14,4,hard,15,0
14,4,hard,16,1
14,4,hard,17,1
14,4,hard,18,0
14,4,hard,19,1
14,4,hard,20,0
14,4,hard,21,0
14,4,hard,22,1
14,4,hard,23,1
14,4,hard,24,0
14,4,hard,25,0
14,4,hard,26,1
14,4,hard,27,1
14,4,hard,28,0
14,4,hard,29,1
14,4,hard,30,0
14,4,hard,31,0
14,4,hard,32,1
14,4,hard,33,1
14,4,hard,34,1
14,4,hard,35,0
14,4,hard,36,0
14,4,hard,37,0
14,4,hard,38,1
14,4,hard,39,0
14,4,hard,40,0
14,4,hard,41,1
14,4,hard,42,1
14,4,hard,43,1
14,4,hard,44,1
14,4,hard,45,1
14,4,hard,46,1
14,4,hard,47,1
14,4,hard,48,0
14,4,hard,49,1
14,4,hard,50,0
14,4,hard,51,1
14,4,hard,52,1
14,4,hard,53,0
14,4,hard,54,1
14,4,hard,55,1
14,4,hard,56,1
14,4,hard,57,1
14,4,hard,58,0
14,4,hard,59,0
14,4,hard,60,1
14,4,hard,61,1
14,4,hard,62,1
14,4,hard,63,1
14,4,hard,64,1
14,4,hard,65,1
14,4,hard,66,1
14,4,hard,67,1
14,4,hard,68,1
14,4,hard,69,1
14,4,hard,70,1
14,4,hard,71,1
14,4,hard,72,1
14,4,hard,73,1
14,4,hard,74,0
14,4,hard,75,1
14,4,hard,76,1
14,4,hard,77,1
14,4,hard,78,1
14,4,hard,79,1
14,4,hard,80,1
14,4,hard,81,0
14,4,hard,82,1
14,4,hard,83,1
14,4,hard,84,0
14,4,hard,85,1
14,4,hard,86,1
14,4,hard,87,1
14,4,hard,88,1
14,4,hard,89,0
14,4,hard,90,1
14,4,hard,91,1
14,4,hard,92,1
14,4,hard,93,1
14,4,hard,94,1
14,4,hard,95,1
14,4,hard,96,1
14,4,hard,97,1
14,4,hard,98,1
14,4,hard,99,0
14,4,hard,100,1
14,5,standard,1,0
14,5,standard,2,1
14,5,standard,3,1
14,5,standard,4,1
14,5,standard,5,1
14,5,standard,6,1
14,5,standard,7,1
14,5,standard,8,1
14,5,standard,9,1
14,5,standard,10,1
14,5,standard,11,0
14,5,standard,12,0
14,5,standard,13,0
14,5,standard,14,1
14,5,standard,15,1
14,5,standard,16,0
14,5,standard,17,0
14,5,standard,18,1
14,5,standard,19,0
14,5,standard,20,1
14,5,standard,21,1
14,5,standard,22,1
14,5,standard,23,1
14,5,standard,24,1
14,5,standard,25,1
14,5,standard,26,0
14,5,standard,27,1
14,5,standard,28,1
14,5,standard,29,1
14,5,standard,30,0
14,5,standard,31,0
14,5,standard,32,1
14,5,standard,33,0
14,5,standard,34,1
14,5,standard,35,1
14,5,standard,36,1
14,5,standard,37,1
14,5,standard,38,1
14,5,standard,39,1
14,5,standard,40,0
14,5,standard,41,0
14,5,standard,42,1
14,5,standard,43,0
14,5,standard,44,1
14,5,standard,45,0
14,5,standard,46,0
14,5,standard,47,1
14,5,standard,48,1
14,5,standard,49,1
14,5,standard,50,1
14,5,standard,51,1
14,5,standard,52,1
14,5,standard,53,1
14,5,standard,54,1
14,5,standard,55,1
14,5,standard,56,1
14,5,standard,57,1
14,5,standard,58,1
14,5,standard,59,1
14,5,standard,60,1
14,5,standard,61,1
14,5,standard,62,1
14,5,standard,63,0
14,5,standard,64,0
14,5,standard,65,1
14,5,standard,66,0
14,5,standard,67,1
14,5,standard,68,1
14,5,standard,69,1
14,5,standard,70,1
14,5,standard,71,1
14,5,standard,72,1
14,5,standard,73,1
14,5,standard,74,1
14,5,standard,75,0
14,5,standard,76,0
14,5,standard,77,0
14,5,standard,78,1
14,5,standard,79,1
14,5,standard,80,1
14,5,standard,81,0
14,5,standard,82,1
14,5,standard,83,1
14,5,standard,84,1
14,5,standard,85,1
14,5,standard,86,1
14,5,standard,87,0
14,5,standard,88,1
14,5,standard,89,1
14,5,standard,90,1
14,5,standard,91,1
14,5,standard,92,1
14,5,standard,93,0
14,5,standard,94,1
14,5,standard,95,0
14,5,standard,96,1
14,5,standard,97,1
14,5,standard,98,1
14,5,standard,99,0
14,5,standard,100,0
14,5,hard,1,0
14,5,hard,2,1
14,5,hard,3,1
14,5,hard,4,1
14,5,hard,5,1
14,5,hard,6,1
14,5,hard,7,0
14,5,hard,8,1
14,5,hard,9,0
14,5,hard,10,1
14,5,hard,11,1
14,5,hard,12,1
14,5,hard,13,0
14,5,hard,14,0
14,5,hard,15,1
14,5,hard,16,0
14,5,hard,17,0
14,5,hard,18,1
14,5,hard,19,1
14,5,hard,20,1
14,5,hard,21,1
14,5,hard,22,1
14,5,hard,23,1
14,5,hard,24,1
14,5,hard,25,0
14,5,hard,26,0
14,5,hard,27,0
14,5,hard,28,1
14,5,hard,29,1
14,5,hard,30,0
14,5,hard,31,1
14,5,hard,32,1
14,5,hard,33,0
14,5,hard,34,1
14,5,hard,35,1
14,5,hard,36,1
14,5,hard,37,1
14,5,hard,38,1
14,5,hard,39,1
14,5,hard,40,1
14,5,hard,41,1
14,5,hard,42,1
14,5,hard,43,1
14,5,hard,44,0
14,5,hard,45,1
14,5,hard,46,1
14,5,hard,47,1
14,5,hard,48,0
14,5,hard,49,1
14,5,hard,50,1
14,5,hard,51,0
14,5,hard,52,1
14,5,hard,53,0
14,5,hard,54,1
14,5,hard,55,0
14,5,hard,56,0
14,5,hard,57,0
14,5,hard,58,1
14,5,hard,59,1
14,5,hard,60,1
14,5,hard,61,1
14,5,hard,62,1
14,5,hard,63,1
14,5,hard,64,1
14,5,hard,65,1
14,5,hard,66,1
14,5,hard,67,1
14,5,hard,68,1
14,5,hard,69,1
14,5,hard,70,1
14,5,hard,71,0
14,5,hard,72,0
14,5,hard,73,1
14,5,hard,74,1
14,5,hard,75,1
14,5,hard,76,1
14,5,hard,77,1
14,5,hard,78,1
14,5,hard,79,1
14,5,hard,80,1
14,5,hard,81,1
14,5,hard,82,1
14,5,hard,83,1
14,5,hard,84,1
14,5,hard,85,1
14,5,hard,86,0
14,5,hard,87,0
14,5,hard,88,0
14,5,hard,89,1
14,5,hard,90,1
14,5,hard,91,1
14,5,hard,92,0
14,5,hard,93,1
14,5,hard,94,1
14,5,hard,95,1
14,5,hard,96,1
14,5,hard,97,1
14,5,hard,98,0
14,5,hard,99,1
14,5,hard,100,1
15,1,standard,1,1
15,1,standard,2,1
15,1,standard,3,1
15,1,standard,4,1
15,1,standard,5,1
15,1,standard,6,1
15,1,standard,7,0
15,1,standard,8,1
15,1,standard,9,1
15,1,standard,10,1
15,1,standard,11,0
15,1,standard,12,1
15,1,standard,13,1
15,1,standard,14,1
15,1,standard,15,1
15,1,standard,16,1
15,1,standard,17,1
15,1,standard,18,1
15,1,standard,19,1
15,1,standard,20,1
15,1,standard,21,1
15,1,standard,22,1
15,1,standard,23,1
15,1,standard,24,1
15,1,standard,25,1
15,1,standard,26,1
15,1,standard,27,1
15,1,standard,28,1
15,1,standard,29,1
15,1,standard,30,1
15,1,standard,31,1
15,1,standard,32,1
15,1,standard,33,0
15,1,standard,34,0
15,1,standard,35,1
15,1,standard,36,1
15,1,standard,37,1
15,1,standard,38,1
15,1,standard,39,1
15,1,standard,40,1
15,1,standard,41,1
15,1,standard,42,0
15,1,standard,43,1
15,1,standard,44,1
15,1,standard,45,1
15,1,standard,46,1
15,1,standard,47,1
15,1,standard,48,0
15,1,standard,49,1
15,1,standard,50,1
15,1,standard,51,1
15,1,standard,52,0
15,1,standard,53,1
15,1,standard,54,1
15,1,standard,55,1
15,1,standard,56,0
15,1,standard,57,1
15,1,standard,58,1
15,1,standard,59,1
15,1,standard,60,0
15,1,standard,61,1
15,1,standard,62,1
15,1,standard,63,1
15,1,standard,64,1
15,1,standard,65,0
15,1,standard,66,1
15,1,standard,67,1
15,1,standard,68,0
15,1,standard,69,1
15,1,standard,70,1
15,1,standard,71,0
15,1,standard,72,1
15,1,standard,73,1
15,1,standard,74,0
15,1,standard,75,1
15,1,standard,76,1
15,1,standard,77,1
15,1,standard,78,1
15,1,standard,79,1
15,1,standard,80,1
15,1,standard,81,1
15,1,standard,82,1
15,1,standard,83,1
15,1,standard,84,1
15,1,standard,85,1
15,1,standard,86,1
15,1,standard,87,1
15,1,standard,88,0
15,1,standard,89,1
15,1,standard,90,0
15,1,standard,91,0
15,1,standard,92,1
15,1,standard,93,1
15,1,standard,94,1
15,1,standard,95,1
15,1,standard,96,1
15,1,standard,97,1
15,1,standard,98,1
15,1,standard,99,0
15,1,standard,100,0
15,1,hard,1,1
15,1,hard,2,1
15,1,hard,3,0
15,1,hard,4,1
15,1,hard,5,1
15,1,hard,6,1
15,1,hard,7,0
15,1,hard,8,1
15,1,hard,9,0
15,1,hard,10,0
15,1,hard,11,0
15,1,hard,12,1
15,1,hard,13,0
15,1,hard,14,1
15,1,hard,15,0
15,1,hard,16,0
15,1,hard,17,0
15,1,hard,18,1
15,1,hard,19,1
15,1,hard,20,1
15,1,hard,21,1
15,1,hard,22,1
15,1,hard,23,1
15,1,hard,24,0
15,1,hard,25,0
15,1,hard,26,1
15,1,hard,27,1
15,1,hard,28,1
15,1,hard,29,0
15,1,hard,30,0
15,1,hard,31,1
15,1,hard,32,1
15,1,hard,33,0
15,1,hard,34,0
15,1,hard,35,1
15,1,hard,36,0
15,1,hard,37,0
15,1,hard,38,1
15,1,hard,39,0
15,1,hard,40,0
15,1,hard,41,1
15,1,hard,42,1
15,1,hard,43,1
15,1,hard,44,0
15,1,hard,45,1
15,1,hard,46,0
15,1,hard,47,0
15,1,hard,48,1
15,1,hard,49,1
15,1,hard,50,0
15,1,hard,51,1
15,1,hard,52,0
15,1,hard,53,1
15,1,hard,54,1
15,1,hard,55,1
15,1,hard,56,1
15,1,hard,57,1
15,1,hard,58,1
15,1,hard,59,1
15,1,hard,60,1
15,1,hard,61,1
15,1,hard,62,0
15,1,hard,63,1
15,1,hard,64,1
15,1,hard,65,1
15,1,hard,66,1
15,1,hard,67,1
15,1,hard,68,1
15,1,hard,69,1
15,1,hard,70,1
15,1,hard,71,1
15,1,hard,72,1
15,1,hard,73,1
15,1,hard,74,0
15,1,hard,75,1
15,1,hard,76,1
15,1,hard,77,0
15,1,hard,78,1
15,1,hard,79,0
15,1,hard,80,1
15,1,hard,81,0
15,1,hard,82,0
15,1,hard,83,0
15,1,hard,84,1
15,1,hard,85,0
15,1,hard,86,1
15,1,hard,87,1
15,1,hard,88,1
15,1,hard,89,0
15,1,hard,90,0
15,1,hard,91,0
15,1,hard,92,0
15,1,hard,93,1
15,1,hard,94,1
15,1,hard,95,1
15,1,hard,96,1
15,1,hard,97,1
15,1,hard,98,1
15,1,hard,99,0
15,1,hard,100,1
15,2,standard,1,0
15,2,standard,2,1
15,2,standard,3,1
15,2,standard,4,1
15,2,standard,5,1
15,2,standard,6,1
15,2,standard,7,1
15,2,standard,8,0
15,2,standard,9,1
15,2,standard,10,1
15,2,standard,11,0
15,2,standard,12,0
15,2,standard,13,1
15,2,standard,14,1
15,2,standard,15,0
15,2,standard,16,1
15,2,standard,17,1
15,2,standard,18,1
15,2,standard,19,1
15,2,standard,20,0
15,2,standard,21,1
15,2,standard,22,0
15,2,standard,23,0
15,2,standard,24,1
15,2,standard,25,1
15,2,standard,26,1
15,2,standard,27,1
15,2,standard,28,0
15,2,standard,29,0
15,2,standard,30,1
15,2,standard,31,1
15,2,standard,32,1
15,2,standard,33,0
15,2,standard,34,1
15,2,standard,35,1
15,2,standard,36,1
15,2,standard,37,1
15,2,standard,38,1
15,2,standard,39,0
15,2,standard,40,1
15,2,standard,41,0
15,2,standard,42,0
15,2,standard,43,1
15,2,standard,44,0
15,2,standard,45,1
15,2,standard,46,1
15,2,standard,47,1
15,2,standard,48,0
15,2,standard,49,0
15,2,standard,50,1
15,2,standard,51,1
15,2,standard,52,1
15,2,standard,53,1
15,2,standard,54,1
15,2,standard,55,1
15,2,standard,56,0
15,2,standard,57,1
15,2,standard,58,1
15,2,standard,59,1
15,2,standard,60,1
15,2,standard,61,1
15,2,standard,62,1
15,2,standard,63,0
15,2,standard,64,0
15,2,standard,65,1
15,2,standard,66,1
15,2,standard,67,1
15,2,standard,68,1
15,2,standard,69,1
15,2,standard,70,1
15,2,standard,71,1
15,2,standard,72,1
15,2,standard,73,1
15,2,standard,74,1
15,2,standard,75,1
15,2,standard,76,1
15,2,standard,77,1
15,2,standard,78,1
15,2,standard,79,1
15,2,standard,80,1
15,2,standard,81,1
15,2,standard,82,1
15,2,standard,83,0
15,2,standard,84,1
15,2,standard,85,0
15,2,standard,86,0
15,2,standard,87,1
15,2,standard,88,1
15,2,standard,89,1
15,2,standard,90,1
15,2,standard,91,0
15,2,standard,92,1
15,2,standard,93,0
15,2,standard,94,1
15,2,standard,95,1
15,2,standard,96,1
15,2,standard,97,0
15,2,standard,98,1
15,2,standard,99,0
15,2,standard,100,0
15,2,hard,1,0
15,2,hard,2,1
15,2,hard,3,1
15,2,hard,4,1
15,2,hard,5,0
15,2,hard,6,1
15,2,hard,7,1
15,2,hard,8,1
15,2,hard,9,0
15,2,hard,10,1
15,2,hard,11,0
15,2,hard,12,1
15,2,hard,13,1
15,2,hard,14,1
15,2,hard,15,0
15,2,hard,16,1
15,2,hard,17,0
15,2,hard,18,1
15,2,hard,19,1
15,2,hard,20,1
15,2,hard,21,0
15,2,hard,22,0
15,2,hard,23,1
15,2,hard,24,1
15,2,hard,25,1
15,2,hard,26,1
15,2,hard,27,0
15,2,hard,28,1
15,2,hard,29,1
15,2,hard,30,1
15,2,hard,31,1
15,2,hard,32,0
15,2,hard,33,1
15,2,hard,34,1
15,2,hard,35,1
15,2,hard,36,0
15,2,hard,37,1
15,2,hard,38,1
15,2,hard,39,0
15,2,hard,40,0
15,2,hard,41,1
15,2,hard,42,1
15,2,hard,43,1
15,2,hard,44,0
15,2,hard,45,0
15,2,hard,46,1
15,2,hard,47,0
15,2,hard,48,0
15,2,hard,49,1
15,2,hard,50,1
15,2,hard,51,1
15,2,hard,52,1
15,2,hard,53,1
15,2,hard,54,0
15,2,hard,55,1
15,2,hard,56,1
15,2,hard,57,1
15,2,hard,58,1
15,2,hard,59,1
15,2,hard,60,1
15,2,hard,61,0
15,2,hard,62,0
15,2,hard,63,0
15,2,hard,64,1
15,2,hard,65,0
15,2,hard,66,0
15,2,hard,67,0
15,2,hard,68,1
15,2,hard,69,0
15,2,hard,70,0
15,2,hard,71,0
15,2,hard,72,1
15,2,hard,73,1
15,2,hard,74,1
15,2,hard,75,0
15,2,hard,76,0
15,2,hard,77,1
15,2,hard,78,1
15,2,hard,79,0
15,2,hard,80,0
15,2,hard,81,1
15,2,hard,82,0
15,2,hard,83,0
15,2,hard,84,0
15,2,hard,85,0
15,2,hard,86,1
15,2,hard,87,0
15,2,hard,88,1
15,2,hard,89,0
15,2,hard,90,0
15,2,hard,91,1
15,2,hard,92,1
15,2,hard,93,0
15,2,hard,94,0
15,2,hard,95,1
15,2,hard,96,1
15,2,hard,97,0
15,2,hard,98,1
15,2,hard,99,1
15,2,hard,100,1
15,3,standard,1,1
15,3,standard,2,1
15,3,standard,3,1
15,3,standard,4,1
15,3,standard,5,0
15,3,standard,6,0
15,3,standard,7,1
15,3,standard,8,1
15,3,standard,9,0
15,3,standard,10,0
15,3,standard,11,1
15,3,standard,12,1
15,3,standard,13,1
15,3,standard,14,1
15,3,standard,15,1
15,3,standard,16,1
15,3,standard,17,0
15,3,standard,18,0
15,3,standard,19,0
15,3,standard,20,1
15,3,standard,21,1
15,3,standard,22,0
15,3,standard,23,1
15,3,standard,24,1
15,3,standard,25,1
15,3,standard,26,1
15,3,standard,27,0
15,3,standard,28,1
15,3,standard,29,1
15,3,standard,30,1
15,3,standard,31,1
15,3,standard,32,0
15,3,standard,33,1
15,3,standard,34,0
15,3,standard,35,1
15,3,standard,36,1
15,3,standard,37,1
15,3,standard,38,0
15,3,standard,39,1
15,3,standard,40,1
15,3,standard,41,1
15,3,standard,42,1
15,3,standard,43,0
15,3,standard,44,1
15,3,standard,45,0
15,3,standard,46,1
15,3,standard,47,1
15,3,standard,48,1
15,3,standard,49,1
15,3,standard,50,1
15,3,standard,51,0
15,3,standard,52,1
15,3,standard,53,0
15,3,standard,54,1
15,3,standard,55,1
15,3,standard,56,1
15,3,standard,57,1
15,3,standard,58,1
15,3,standard,59,1
15,3,standard,60,1
15,3,standard,61,1
15,3,standard,62,1
15,3,standard,63,1
15,3,standard,64,1
15,3,standard,65,1
15,3,standard,66,1
15,3,standard,67,1
15,3,standard,68,1
15,3,standard,69,1
15,3,standard,70,1
15,3,standard,71,1
15,3,standard,72,1
15,3,standard,73,0
15,3,standard,74,1
15,3,standard,75,1
15,3,standard,76,1
15,3,standard,77,1
15,3,standard,78,0
15,3,standard,79,0
15,3,standard,80,0
15,3,standard,81,1
15,3,standard,82,1
15,3,standard,83,1
15,3,standard,84,1
15,3,standard,85,0
15,3,standard,86,0
15,3,standard,87,0
15,3,standard,88,1
15,3,standard,89,0
15,3,standard,90,0
15,3,standard,91,0
15,3,standard,92,0
15,3,standard,93,0
15,3,standard,94,1
15,3,standard,95,0
15,3,standard,96,1
15,3,standard,97,1
15,3,standard,98,1
15,3,standard,99,1
15,3,standard,100,1
15,3,hard,1,0
15,3,hard,2,1
15,3,hard,3,0
15,3,hard,4,0
15,3,hard,5,1
15,3,hard,6,1
15,3,hard,7,1
15,3,hard,8,0
15,3,hard,9,1
15,3,hard,10,1
15,3,hard,11,0
15,3,hard,12,1
15,3,hard,13,1
15,3,hard,14,0
15,3,hard,15,1
15,3,hard,16,1
15,3,hard,17,1
15,3,hard,18,1
15,3,hard,19,0
15,3,hard,20,1
15,3,hard,21,1
15,3,hard,22,0
15,3,hard,23,0
15,3,hard,24,0
15,3,hard,25,1
15,3,hard,26,1
15,3,hard,27,1
15,3,hard,28,1
15,3,hard,29,1
15,3,hard,30,1
15,3,hard,31,1
15,3,hard,32,1
15,3,hard,33,1
15,3,hard,34,0
15,3,hard,35,0
15,3,hard,36,0
15,3,hard,37,0
15,3,hard,38,0
15,3,hard,39,0
15,3,hard,40,0
15,3,hard,41,1
15,3,hard,42,0
15,3,hard,43,1
15,3,hard,44,1
15,3,hard,45,1
15,3,hard,46,1
15,3,hard,47,1
15,3,hard,48,1
15,3,hard,49,1
15,3,hard,50,1
15,3,hard,51,1
15,3,hard,52,0
15,3,hard,53,1
15,3,hard,54,1
15,3,hard,55,1
15,3,hard,56,1
15,3,hard,57,0
15,3,hard,58,1
15,3,hard,59,0
15,3,hard,60,1
15,3,hard,61,1
15,3,hard,62,0
15,3,hard,63,0
15,3,hard,64,1
15,3,hard,65,0
15,3,hard,66,1
15,3,hard,67,1
15,3,hard,68,1
15,3,hard,69,1
15,3,hard,70,1
15,3,hard,71,1
15,3,hard,72,1
15,3,hard,73,1
15,3,hard,74,1
15,3,hard,75,1
15,3,hard,76,1
15,3,hard,77,0
15,3,hard,78,1
15,3,hard,79,1
15,3,hard,80,0
15,3,hard,81,1
15,3,hard,82,1
15,3,hard,83,1
15,3,hard,84,1
15,3,hard,85,1
15,3,hard,86,1
15,3,hard,87,1
15,3,hard,88,1
15,3,hard,89,1
15,3,hard,90,1
15,3,hard,91,1
15,3,hard,92,1
15,3,hard,93,0
15,3,hard,94,0
15,3,hard,95,1
15,3,hard,96,1
15,3,hard,97,1
15,3,hard,98,0
15,3,hard,99,1
15,3,hard,100,0
15,4,standard,1,1
15,4,standard,2,1
15,4,standard,3,1
15,4,standard,4,0
15,4,standard,5,1
15,4,standard,6,1
15,4,standard,7,1
15,4,standard,8,1
15,4,standard,9,0
15,4,standard,10,1
15,4,standard,11,1
15,4,standard,12,1
15,4,standard,13,1
15,4,standard,14,0
15,4,standard,15,0
15,4,standard,16,1
15,4,standard,17,1
15,4,standard,18,1
15,4,standard,19,1
15,4,standard,20,1
15,4,standard,21,1
15,4,standard,22,1
15,4,standard,23,0
15,4,standard,24,1
15,4,standard,25,1
15,4,standard,26,1
15,4,standard,27,1
15,4,standard,28,1
15,4,standard,29,0
15,4,standard,30,1
15,4,standard,31,0
15,4,standard,32,1
15,4,standard,33,1
15,4,standard,34,1
15,4,standard,35,1
15,4,standard,36,0
15,4,standard,37,1
15,4,standard,38,0
15,4,standard,39,1
15,4,standard,40,1
15,4,standard,41,1
15,4,standard,42,1
15,4,standard,43,0
15,4,standard,44,1
15,4,standard,45,1
15,4,standard,46,1
15,4,standard,47,0
15,4,standard,48,1
15,4,standard,49,1
15,4,standard,50,1
15,4,standard,51,1
15,4,standard,52,1
15,4,standard,53,1
15,4,standard,54,1
15,4,standard,55,1
15,4,standard,56,1
15,4,standard,57,1
15,4,standard,58,1
15,4,standard,59,1
15,4,standard,60,1
15,4,standard,61,1
15,4,standard,62,0
15,4,standard,63,1
15,4,standard,64,1
15,4,standard,65,1
15,4,standard,66,1
15,4,standard,67,1
15,4,standard,68,1
15,4,standard,69,1
15,4,standard,70,1
15,4,standard,71,0
15,4,standard,72,1
15,4,standard,73,0
15,4,standard,74,1
15,4,standard,75,1
15,4,standard,76,0
15,4,standard,77,1
15,4,standard,78,1
15,4,standard,79,1
15,4,standard,80,1
15,4,standard,81,1
15,4,standard,82,0
15,4,standard,83,1
15,4,standard,84,1
15,4,standard,85,1
15,4,standard,86,1
15,4,standard,87,1
15,4,standard,88,1
15,4,standard,89,1
15,4,standard,90,1
15,4,standard,91,1
15,4,standard,92,1
15,4,standard,93,1
15,4,standard,94,1
15,4,standard,95,1
15,4,standard,96,1
15,4,standard,97,0
15,4,standard,98,1
15,4,standard,99,1
15,4,standard,100,1
15,4,hard,1,0
15,4,hard,2,0
15,4,hard,3,1
15,4,hard,4,1
15,4,hard,5,0
15,4,hard,6,0
15,4,hard,7,1
15,4,hard,8,0
15,4,hard,9,1
15,4,hard,10,1
15,4,hard,11,1
15,4,hard,12,0
15,4,hard,13,0
15,4,hard,14,0
15,4,hard,15,1
15,4,hard,16,0
15,4,hard,17,1
15,4,hard,18,0
15,4,hard,19,1
15,4,hard,20,0
15,4,hard,21,1
15,4,hard,22,0
15,4,hard,23,1
15,4,hard,24,1
15,4,hard,25,0
15,4,hard,26,1
15,4,hard,27,1
15,4,hard,28,1
15,4,hard,29,1
15,4,hard,30,0
15,4,hard,31,1
15,4,hard,32,1
15,4,hard,33,0
15,4,hard,34,1
15,4,hard,35,1
15,4,hard,36,0
15,4,hard,37,0
15,4,hard,38,0
15,4,hard,39,1
15,4,hard,40,0
15,4,hard,41,1
15,4,hard,42,0
15,4,hard,43,0
15,4,hard,44,0
15,4,hard,45,1
15,4,hard,46,0
15,4,hard,47,0
15,4,hard,48,0
15,4,hard,49,1
15,4,hard,50,1
15,4,hard,51,1
15,4,hard,52,0
15,4,hard,53,1
15,4,hard,54,1
15,4,hard,55,0
15,4,hard,56,1
15,4,hard,57,1
15,4,hard,58,0
15,4,hard,59,1
15,4,hard,60,0
15,4,hard,61,0
15,4,hard,62,0
15,4,hard,63,1
15,4,hard,64,0
15,4,hard,65,0
15,4,hard,66,1
15,4,hard,67,1
15,4,hard,68,1
15,4,hard,69,0
15,4,hard,70,0
15,4,hard,71,1
15,4,hard,72,0
15,4,hard,73,1
15,4,hard,74,0
15,4,hard,75,0
15,4,hard,76,1
15,4,hard,77,1
15,4,hard,78,0
15,4,hard,79,1
15,4,hard,80,0
15,4,hard,81,0
15,4,hard,82,0
15,4,hard,83,0
15,4,hard,84,0
15,4,hard,85,0
15,4,hard,86,1
15,4,hard,87,0
15,4,hard,88,0
15,4,hard,89,0
15,4,hard,90,1
15,4,hard,91,0
15,4,hard,92,1
15,4,hard,93,1
15,4,hard,94,1
15,4,hard,95,1
15,4,hard,96,1
15,4,hard,97,0
15,4,hard,98,0
15,4,hard,99,0
15,4,hard,100,0
15,5,standard,1,1
15,5,standard,2,1
15,5,standard,3,0
15,5,standard,4,1
15,5,standard,5,1
15,5,standard,6,1
15,5,standard,7,1
15,5,standard,8,0
15,5,standard,9,1
15,5,standard,10,1
15,5,standard,11,1
15,5,standard,12,0
15,5,standard,13,0
15,5,standard,14,1
15,5,standard,15,0
15,5,standard,16,1
15,5,standard,17,1
15,5,standard,18,1
15,5,standard,19,1
15,5,standard,20,1
15,5,standard,21,1
15,5,standard,22,0
15,5,standard,23,1
15,5,standard,24,1
15,5,standard,25,1
15,5,standard,26,0
15,5,standard,27,1
15,5,standard,28,1
15,5,standard,29,0
15,5,standard,30,1
15,5,standard,31,0
15,5,standard,32,1
15,5,standard,33,1
15,5,standard,34,1
15,5,standard,35,1
15,5,standard,36,0
15,5,standard,37,1
15,5,standard,38,1
15,5,standard,39,1
15,5,standard,40,0
15,5,standard,41,1
15,5,standard,42,1
15,5,standard,43,1
15,5,standard,44,0
15,5,standard,45,1
15,5,standard,46,1
15,5,standard,47,1
15,5,standard,48,0
15,5,standard,49,1
15,5,standard,50,0
15,5,standard,51,1
15,5,standard,52,1
15,5,standard,53,1
15,5,standard,54,1
15,5,standard,55,1
15,5,standard,56,1
15,5,standard,57,0
15,5,standard,58,1
15,5,standard,59,1
15,5,standard,60,1
15,5,standard,61,1
15,5,standard,62,0
15,5,standard,63,1
15,5,standard,64,0
15,5,standard,65,1
15,5,standard,66,1
15,5,standard,67,1
15,5,standard,68,0
15,5,standard,69,1
15,5,standard,70,0
15,5,standard,71,1
15,5,standard,72,1
15,5,standard,73,1
15,5,standard,74,1
15,5,standard,75,0
15,5,standard,76,0
15,5,standard,77,1
15,5,standard,78,1
15,5,standard,79,1
15,5,standard,80,1
15,5,standard,81,1
15,5,standard,82,0
15,5,standard,83,0
15,5,standard,84,1
15,5,standard,85,1
15,5,standard,86,1
15,5,standard,87,1
15,5,standard,88,1
15,5,standard,89,1
15,5,standard,90,1
15,5,standard,91,1
15,5,standard,92,0
15,5,standard,93,1
15,5,standard,94,1
15,5,standard,95,1
15,5,standard,96,1
15,5,standard,97,1
15,5,standard,98,1
15,5,standard,99,1
15,5,standard,100,1
15,5,hard,1,0
15,5,hard,2,1
15,5,hard,3,1
15,5,hard,4,1
15,5,hard,5,0
15,5,hard,6,1
15,5,hard,7,0
15,5,hard,8,0
15,5,hard,9,1
15,5,hard,10,0
15,5,hard,11,1
15,5,hard,12,1
15,5,hard,13,1
15,5,hard,14,1
15,5,hard,15,0
15,5,hard,16,0
15,5,hard,17,1
15,5,hard,18,0
15,5,hard,19,0
15,5,hard,20,1
15,5,hard,21,1
15,5,hard,22,1
15,5,hard,23,1
15,5,hard,24,0
15,5,hard,25,1
15,5,hard,26,1
15,5,hard,27,1
15,5,hard,28,0
15,5,hard,29,1
15,5,hard,30,1
15,5,hard,31,0
15,5,hard,32,1
15,5,hard,33,1
15,5,hard,34,0
15,5,hard,35,1
15,5,hard,36,0
15,5,hard,37,1
15,5,hard,38,1
15,5,hard,39,1
15,5,hard,40,1
15,5,hard,41,0
15,5,hard,42,1
15,5,hard,43,1
15,5,hard,44,1
15,5,hard,45,1
15,5,hard,46,1
15,5,hard,47,1
15,5,hard,48,1
15,5,hard,49,1
15,5,hard,50,1
15,5,hard,51,1
15,5,hard,52,1
15,5,hard,53,1
15,5,hard,54,1
15,5,hard,55,1
15,5,hard,56,0
15,5,hard,57,1
15,5,hard,58,1
15,5,hard,59,1
15,5,hard,60,1
15,5,hard,61,0
15,5,hard,62,1
15,5,hard,63,1
15,5,hard,64,1
15,5,hard,65,1
15,5,hard,66,1
15,5,hard,67,1
15,5,hard,68,1
15,5,hard,69,0
15,5,hard,70,1
15,5,hard,71,1
15,5,hard,72,0
15,5,hard,73,1
15,5,hard,74,1
15,5,hard,75,1
15,5,hard,76,1
15,5,hard,77,1
15,5,hard,78,1
15,5,hard,79,1
15,5,hard,80,0
15,5,hard,81,1
15,5,hard,82,1
15,5,hard,83,0
15,5,hard,84,0
15,5,hard,85,1
15,5,hard,86,1
15,5,hard,87,1
15,5,hard,88,1
15,5,hard,89,1
15,5,hard,90,0
15,5,hard,91,1
15,5,hard,92,1
15,5,hard,93,0
15,5,hard,94,0
15,5,hard,95,1
15,5,hard,96,1
15,5,hard,97,1
15,5,hard,98,0
15,5,hard,99,1
15,5,hard,100,1
16,1,standard,1,0
16,1,standard,2,1
16,1,standard,3,1
16,1,standard,4,0
16,1,standard,5,0
16,1,standard,6,0
16,1,standard,7,0
16,1,standard,8,1
16,1,standard,9,1
16,1,standard,10,1
16,1,standard,11,1
16,1,standard,12,1
16,1,standard,13,0
16,1,standard,14,1
16,1,standard,15,1
16,1,standard,16,0
16,1,standard,17,1
16,1,standard,18,0
16,1,standard,19,1
16,1,standard,20,1
16,1,standard,21,1
16,1,standard,22,1
16,1,standard,23,1
16,1,standard,24,1
16,1,standard,25,1
16,1,standard,26,0
16,1,standard,27,1
16,1,standard,28,0
16,1,standard,29,0
16,1,standard,30,1
16,1,standard,31,1
16,1,standard,32,1
16,1,standard,33,0
16,1,standard,34,0
16,1,standard,35,1
16,1,standard,36,1
16,1,standard,37,1
16,1,standard,38,1
16,1,standard,39,1
16,1,standard,40,1
16,1,standard,41,1
16,1,standard,42,0
16,1,standard,43,0
16,1,standard,44,1
16,1,standard,45,1
16,1,standard,46,1
16,1,standard,47,0
16,1,standard,48,1
16,1,standard,49,0
16,1,standard,50,1
16,1,standard,51,1
16,1,standard,52,1
16,1,standard,53,1
16,1,standard,54,1
16,1,standard,55,1
16,1,standard,56,0
16,1,standard,57,1
16,1,standard,58,1
16,1,standard,59,1
16,1,standard,60,1
16,1,standard,61,0
16,1,standard,62,1
16,1,standard,63,0
16,1,standard,64,0
16,1,standard,65,0
16,1,standard,66,0
16,1,standard,67,1
16,1,standard,68,1
16,1,standard,69,1
16,1,standard,70,1
16,1,standard,71,1
16,1,standard,72,0
16,1,standard,73,0
16,1,standard,74,1
16,1,standard,75,1
16,1,standard,76,1
16,1,standard,77,1
16,1,standard,78,1
16,1,standard,79,0
16,1,standard,80,0
16,1,standard,81,0
16,1,standard,82,1
16,1,standard,83,0
16,1,standard,84,1
16,1,standard,85,1
16,1,standard,86,1
16,1,standard,87,0
16,1,standard,88,0
16,1,standard,89,0
16,1,standard,90,1
16,1,standard,91,0
16,1,standard,92,1
16,1,standard,93,1
16,1,standard,94,1
16,1,standard,95,1
16,1,standard,96,1
16,1,standard,97,0
16,1,standard,98,0
16,1,standard,99,0
16,1,standard,100,1
16,1,hard,1,1
16,1,hard,2,0
16,1,hard,3,1
16,1,hard,4,1
16,1,hard,5,0
16,1,hard,6,1
16,1,hard,7,0
16,1,hard,8,1
16,1,hard,9,1
16,1,hard,10,1
16,1,hard,11,0
16,1,hard,12,0
16,1,hard,13,0
16,1,hard,14,0
16,1,hard,15,1
16,1,hard,16,1
16,1,hard,17,1
16,1,hard,18,0
16,1,hard,19,1
16,1,hard,20,1
16,1,hard,21,0
16,1,hard,22,0
16,1,hard,23,1
16,1,hard,24,1
16,1,hard,25,1
16,1,hard,26,0
16,1,hard,27,1
16,1,hard,28,1
16,1,hard,29,1
16,1,hard,30,0
16,1,hard,31,0
16,1,hard,32,0
16,1,hard,33,0
16,1,hard,34,1
16,1,hard,35,1
16,1,hard,36,1
16,1,hard,37,1
16,1,hard,38,1
16,1,hard,39,1
16,1,hard,40,1
16,1,hard,41,1
16,1,hard,42,0
16,1,hard,43,0
16,1,hard,44,1
16,1,hard,45,0
16,1,hard,46,1
16,1,hard,47,0
16,1,hard,48,0
16,1,hard,49,1
16,1,hard,50,1
16,1,hard,51,0
16,1,hard,52,1
16,1,hard,53,1
16,1,hard,54,1
16,1,hard,55,0
16,1,hard,56,1
16,1,hard,57,1
16,1,hard,58,0
16,1,hard,59,1
16,1,hard,60,1
16,1,hard,61,0
16,1,hard,62,1
16,1,hard,63,1
16,1,hard,64,0
16,1,hard,65,1
16,1,hard,66,1
16,1,hard,67,0
16,1,hard,68,1
16,1,hard,69,0
16,1,hard,70,1
16,1,hard,71,0
16,1,hard,72,0
16,1,hard,73,1
16,1,hard,74,1
16,1,hard,75,0
16,1,hard,76,0
16,1,hard,77,0
16,1,hard,78,0
16,1,hard,79,1
16,1,hard,80,1
16,1,hard,81,0
16,1,hard,82,1
16,1,hard,83,1
16,1,hard,84,0
16,1,hard,85,1
16,1,hard,86,1
16,1,hard,87,1
16,1,hard,88,1
16,1,hard,89,0
16,1,hard,90,0
16,1,hard,91,1
16,1,hard,92,1
16,1,hard,93,1
16,1,hard,94,1
16,1,hard,95,1
16,1,hard,96,1
16,1,hard,97,0
16,1,hard,98,0
16,1,hard,99,0
16,1,hard,100,1
16,2,standard,1,1
16,2,standard,2,1
16,2,standard,3,1
16,2,standard,4,1
16,2,standard,5,1
16,2,standard,6,0
16,2,standard,7,1
16,2,standard,8,1
16,2,standard,9,1
16,2,standard,10,1
16,2,standard,11,1
16,2,standard,12,0
16,2,standard,13,0
16,2,standard,14,1
16,2,standard,15,1
16,2,standard,16,0
16,2,standard,17,0
16,2,standard,18,1
16,2,standard,19,1
16,2,standard,20,0
16,2,standard,21,1
16,2,standard,22,0
16,2,standard,23,1
16,2,standard,24,0
16,2,standard,25,1
16,2,standard,26,1
16,2,standard,27,1
16,2,standard,28,1
16,2,standard,29,1
16,2,standard,30,0
16,2,standard,31,1
16,2,standard,32,1
16,2,standard,33,1
16,2,standard,34,1
16,2,standard,35,1
16,2,standard,36,0
16,2,standard,37,0
16,2,standard,38,0
16,2,standard,39,0
16,2,standard,40,0
16,2,standard,41,0
16,2,standard,42,1
16,2,standard,43,1
16,2,standard,44,0
16,2,standard,45,1
16,2,standard,46,1
16,2,standard,47,1
16,2,standard,48,1
16,2,standard,49,1
16,2,standard,50,1
16,2,standard,51,1
16,2,standard,52,1
16,2,standard,53,1
16,2,standard,54,1
16,2,standard,55,1
16,2,standard,56,0
16,2,standard,57,0
16,2,standard,58,0
16,2,standard,59,1
16,2,standard,60,1
16,2,standard,61,0
16,2,standard,62,1
16,2,standard,63,1
16,2,standard,64,0
16,2,standard,65,0
16,2,standard,66,0
16,2,standard,67,1
16,2,standard,68,1
16,2,standard,69,1
16,2,standard,70,0
16,2,standard,71,1
16,2,standard,72,1
16,2,standard,73,0
16,2,standard,74,1
16,2,standard,75,1
16,2,standard,76,0
16,2,standard,77,1
16,2,standard,78,1
16,2,standard,79,1
16,2,standard,80,1
16,2,standard,81,1
16,2,standard,82,1
16,2,standard,83,1
16,2,standard,84,0
16,2,standard,85,1
16,2,standard,86,0
16,2,standard,87,0
16,2,standard,88,0
16,2,standard,89,0
16,2,standard,90,1
16,2,standard,91,0
16,2,standard,92,1
16,2,standard,93,1
16,2,standard,94,1
16,2,standard,95,1
16,2,standard,96,1
16,2,standard,97,1
16,2,standard,98,0
16,2,standard,99,1
16,2,standard,100,1
16,2,hard,1,1
16,2,hard,2,0
16,2,hard,3,1
16,2,hard,4,0
16,2,hard,5,0
16,2,hard,6,1
16,2,hard,7,0
16,2,hard,8,1
16,2,hard,9,1
16,2,hard,10,0
16,2,hard,11,0
16,2,hard,12,1
16,2,hard,13,0
16,2,hard,14,0
16,2,hard,15,1
16,2,hard,16,0
16,2,hard,17,0
16,2,hard,18,1
16,2,hard,19,1
16,2,hard,20,0
16,2,hard,21,0
16,2,hard,22,1
16,2,hard,23,1
16,2,hard,24,1
16,2,hard,25,1
16,2,hard,26,1
16,2,hard,27,1
16,2,hard,28,0
16,2,hard,29,0
16,2,hard,30,1
16,2,hard,31,0
16,2,hard,32,1
16,2,hard,33,0
16,2,hard,34,1
16,2,hard,35,0
16,2,hard,36,1
16,2,hard,37,1
16,2,hard,38,1
16,2,hard,39,1
16,2,hard,40,0
16,2,hard,41,1
16,2,hard,42,1
16,2,hard,43,0
16,2,hard,44,0
16,2,hard,45,1
16,2,hard,46,1
16,2,hard,47,1
16,2,hard,48,1
16,2,hard,49,0
16,2,hard,50,0
16,2,hard,51,1
16,2,hard,52,1
16,2,hard,53,0
16,2,hard,54,0
16,2,hard,55,1
16,2,hard,56,1
16,2,hard,57,1
16,2,hard,58,1
16,2,hard,59,0
16,2,hard,60,1
16,2,hard,61,1
16,2,hard,62,1
16,2,hard,63,1
16,2,hard,64,0
16,2,hard,65,0
16,2,hard,66,0
16,2,hard,67,1
16,2,hard,68,0
16,2,hard,69,1
16,2,hard,70,1
16,2,hard,71,1
16,2,hard,72,1
16,2,hard,73,1
16,2,hard,74,0
16,2,hard,75,1
16,2,hard,76,1
16,2,hard,77,0
16,2,hard,78,1
16,2,hard,79,1
16,2,hard,80,0
16,2,hard,81,1
16,2,hard,82,1
16,2,hard,83,1
16,2,hard,84,1
16,2,hard,85,1
16,2,hard,86,0
16,2,hard,87,0
16,2,hard,88,1
16,2,hard,89,1
16,2,hard,90,1
16,2,hard,91,0
16,2,hard,92,1
16,2,hard,93,0
16,2,hard,94,0
16,2,hard,95,0
16,2,hard,96,0
16,2,hard,97,0
16,2,hard,98,1
16,2,hard,99,1
16,2,hard,100,1
16,3,standard,1,1
16,3,standard,2,1
16,3,standard,3,1
16,3,standard,4,1
16,3,standard,5,1
16,3,standard,6,1
16,3,standard,7,1
16,3,standard,8,1
16,3,standard,9,1
16,3,standard,10,1
16,3,standard,11,0
16,3,standard,12,0
16,3,standard,13,1
16,3,standard,14,1
16,3,standard,15,1
16,3,standard,16,1
16,3,standard,17,1
16,3,standard,18,1
16,3,standard,19,0
16,3,standard,20,1
16,3,standard,21,1
16,3,standard,22,1
16,3,standard,23,1
16,3,standard,24,1
16,3,standard,25,0
16,3,standard,26,1
16,3,standard,27,1
16,3,standard,28,1
16,3,standard,29,0
16,3,standard,30,1
16,3,standard,31,1
16,3,standard,32,1
16,3,standard,33,1
16,3,standard,34,1
16,3,standard,35,1
16,3,standard,36,0
16,3,standard,37,1
16,3,standard,38,1
16,3,standard,39,1
16,3,standard,40,1
16,3,standard,41,1
16,3,standard,42,1
16,3,standard,43,1
16,3,standard,44,1
16,3,standard,45,0
16,3,standard,46,0
16,3,standard,47,1
16,3,standard,48,1
16,3,standard,49,1
16,3,standard,50,1
16,3,standard,51,1
16,3,standard,52,1
16,3,standard,53,1
16,3,standard,54,1
16,3,standard,55,1
16,3,standard,56,1
16,3,standard,57,0
16,3,standard,58,1
16,3,standard,59,1
16,3,standard,60,0
16,3,standard,61,1
16,3,standard,62,1
16,3,standard,63,1
16,3,standard,64,1
16,3,standard,65,1
16,3,standard,66,1
16,3,standard,67,1
16,3,standard,68,1
16,3,standard,69,1
16,3,standard,70,1
16,3,standard,71,0
16,3,standard,72,1
16,3,standard,73,0
16,3,standard,74,1
16,3,standard,75,0
16,3,standard,76,1
16,3,standard,77,1
16,3,standard,78,0
16,3,standard,79,1
16,3,standard,80,1
16,3,standard,81,1
16,3,standard,82,0
16,3,standard,83,0
16,3,standard,84,1
16,3,standard,85,1
16,3,standard,86,0
16,3,standard,87,1
16,3,standard,88,1
16,3,standard,89,1
16,3,standard,90,0
16,3,standard,91,1
16,3,standard,92,1
16,3,standard,93,1
16,3,standard,94,1
16,3,standard,95,0
16,3,standard,96,1
16,3,standard,97,1
16,3,standard,98,1
16,3,standard,99,1
16,3,standard,100,0
16,3,hard,1,1
16,3,hard,2,0
16,3,hard,3,1
16,3,hard,4,0
16,3,hard,5,1
16,3,hard,6,0
16,3,hard,7,0
16,3,hard,8,1
16,3,hard,9,1
16,3,hard,10,1
16,3,hard,11,0
16,3,hard,12,0
16,3,hard,13,0
16,3,hard,14,0
16,3,hard,15,1
16,3,hard,16,1
16,3,hard,17,1
16,3,hard,18,1
16,3,hard,19,1
16,3,hard,20,1
16,3,hard,21,0
16,3,hard,22,0
16,3,hard,23,0
16,3,hard,24,0
16,3,hard,25,0
16,3,hard,26,1
16,3,hard,27,0
16,3,hard,28,0
16,3,hard,29,0
16,3,hard,30,1
16,3,hard,31,0
16,3,hard,32,0
16,3,hard,33,0
16,3,hard,34,1
16,3,hard,35,0
16,3,hard,36,1
16,3,hard,37,1
16,3,hard,38,0
16,3,hard,39,1
16,3,hard,40,1
16,3,hard,41,0
16,3,hard,42,0
16,3,hard,43,1
16,3,hard,44,1
16,3,hard,45,0
16,3,hard,46,0
16,3,hard,47,1
16,3,hard,48,0
16,3,hard,49,0
16,3,hard,50,0
16,3,hard,51,1
16,3,hard,52,1
16,3,hard,53,0
16,3,hard,54,1
16,3,hard,55,0
16,3,hard,56,1
16,3,hard,57,0
16,3,hard,58,1
16,3,hard,59,0
16,3,hard,60,1
16,3,hard,61,1
16,3,hard,62,1
16,3,hard,63,1
16,3,hard,64,0
16,3,hard,65,0
16,3,hard,66,1
16,3,hard,67,1
16,3,hard,68,1
16,3,hard,69,1
16,3,hard,70,1
16,3,hard,71,0
16,3,hard,72,1
16,3,hard,73,0
16,3,hard,74,1
16,3,hard,75,1
16,3,hard,76,0
16,3,hard,77,1
16,3,hard,78,1
16,3,hard,79,0
16,3,hard,80,0
16,3,hard,81,1
16,3,hard,82,0
16,3,hard,83,0
16,3,hard,84,1
16,3,hard,85,1
16,3,hard,86,1
16,3,hard,87,0
16,3,hard,88,0
16,3,hard,89,0
16,3,hard,90,1
16,3,hard,91,1
16,3,hard,92,1
16,3,hard,93,1
16,3,hard,94,1
16,3,hard,95,1
16,3,hard,96,1
16,3,hard,97,0
16,3,hard,98,0
16,3,hard,99,1
16,3,hard,100,1
16,4,standard,1,0
16,4,standard,2,0
16,4,standard,3,1
16,4,standard,4,1
16,4,standard,5,1
16,4,standard,6,1
16,4,standard,7,1
16,4,standard,8,1
16,4,standard,9,1
16,4,standard,10,1
16,4,standard,11,0
16,4,standard,12,1
16,4,standard,13,0
16,4,standard,14,0
16,4,standard,15,1
16,4,standard,16,1
16,4,standard,17,0
16,4,standard,18,1
16,4,standard,19,1
16,4,standard,20,0
16,4,standard,21,1
16,4,standard,22,0
16,4,standard,23,1
16,4,standard,24,0
16,4,standard,25,1
16,4,standard,26,1
16,4,standard,27,1
16,4,standard,28,0
16,4,standard,29,1
16,4,standard,30,1
16,4,standard,31,1
16,4,standard,32,1
16,4,standard,33,1
16,4,standard,34,0
16,4,standard,35,1
16,4,standard,36,1
16,4,standard,37,1
16,4,standard,38,1
16,4,standard,39,1
16,4,standard,40,1
16,4,standard,41,1
16,4,standard,42,1
16,4,standard,43,1
16,4,standard,44,1
16,4,standard,45,0
16,4,standard,46,0
16,4,standard,47,1
16,4,standard,48,1
16,4,standard,49,1
16,4,standard,50,1
16,4,standard,51,1
16,4,standard,52,1
16,4,standard,53,0
16,4,standard,54,1
16,4,standard,55,1
16,4,standard,56,1
16,4,standard,57,0
16,4,standard,58,1
16,4,standard,59,1
16,4,standard,60,1
16,4,standard,61,1
16,4,standard,62,1
16,4,standard,63,0
16,4,standard,64,0
16,4,standard,65,1
16,4,standard,66,1
16,4,standard,67,1
16,4,standard,68,1
16,4,standard,69,1
16,4,standard,70,0
16,4,standard,71,1
16,4,standard,72,1
16,4,standard,73,1
16,4,standard,74,0
16,4,standard,75,1
16,4,standard,76,0
16,4,standard,77,1
16,4,standard,78,1
16,4,standard,79,1
16,4,standard,80,0
16,4,standard,81,1
16,4,standard,82,1
16,4,standard,83,0
16,4,standard,84,1
16,4,standard,85,1
16,4,standard,86,1
16,4,standard,87,1
16,4,standard,88,1
16,4,standard,89,0
16,4,standard,90,1
16,4,standard,91,1
16,4,standard,92,1
16,4,standard,93,1
16,4,standard,94,1
16,4,standard,95,1
16,4,standard,96,1
16,4,standard,97,1
16,4,standard,98,0
16,4,standard,99,1
16,4,standard,100,1
16,4,hard,1,0
16,4,hard,2,0
16,4,hard,3,1
16,4,hard,4,1
16,4,hard,5,1
16,4,hard,6,0
16,4,hard,7,0
16,4,hard,8,0
16,4,hard,9,0
16,4,hard,10,0
16,4,hard,11,0
16,4,hard,12,1
16,4,hard,13,1
16,4,hard,14,0
16,4,hard,15,0
16,4,hard,16,1
16,4,hard,17,1
16,4,hard,18,1
16,4,hard,19,0
16,4,hard,20,0
16,4,hard,21,0
16,4,hard,22,0
16,4,hard,23,0
16,4,hard,24,1
16,4,hard,25,0
16,4,hard,26,1
16,4,hard,27,0
16,4,hard,28,0
16,4,hard,29,0
16,4,hard,30,0
16,4,hard,31,0
16,4,hard,32,1
16,4,hard,33,0
16,4,hard,34,0
16,4,hard,35,1
16,4,hard,36,0
16,4,hard,37,0
16,4,hard,38,1
16,4,hard,39,0
16,4,hard,40,1
16,4,hard,41,0
16,4,hard,42,0
16,4,hard,43,0
16,4,hard,44,0
16,4,hard,45,0
16,4,hard,46,0
16,4,hard,47,0
16,4,hard,48,1
16,4,hard,49,0
16,4,hard,50,0
16,4,hard,51,0
16,4,hard,52,0
16,4,hard,53,0
16,4,hard,54,0
16,4,hard,55,0
16,4,hard,56,1
16,4,hard,57,1
16,4,hard,58,1
16,4,hard,59,1
16,4,hard,60,1
16,4,hard,61,0
16,4,hard,62,0
16,4,hard,63,0
16,4,hard,64,1
16,4,hard,65,0
16,4,hard,66,0
16,4,hard,67,1
16,4,hard,68,0
16,4,hard,69,0
16,4,hard,70,1
16,4,hard,71,1
16,4,hard,72,0
16,4,hard,73,0
16,4,hard,74,0
16,4,hard,75,1
16,4,hard,76,1
16,4,hard,77,1
16,4,hard,78,0
16,4,hard,79,0
16,4,hard,80,1
16,4,hard,81,0
16,4,hard,82,0
16,4,hard,83,0
16,4,hard,84,0
16,4,hard,85,0
16,4,hard,86,0
16,4,hard,87,0
16,4,hard,88,0
16,4,hard,89,0
16,4,hard,90,1
16,4,hard,91,0
16,4,hard,92,0
16,4,hard,93,0
16,4,hard,94,1
16,4,hard,95,0
16,4,hard,96,1
16,4,hard,97,0
16,4,hard,98,0
16,4,hard,99,0
16,4,hard,100,1
16,5,standard,1,0
16,5,standard,2,1
16,5,standard,3,1
16,5,standard,4,1
16,5,standard,5,0
16,5,standard,6,1
16,5,standard,7,1
16,5,standard,8,1
16,5,standard,9,1
16,5,standard,10,1
16,5,standard,11,0
16,5,standard,12,1
16,5,standard,13,1
16,5,standard,14,1
16,5,standard,15,1
16,5,standard,16,0
16,5,standard,17,0
16,5,standard,18,1
16,5,standard,19,0
16,5,standard,20,1
16,5,standard,21,0
16,5,standard,22,0
16,5,standard,23,1
16,5,standard,24,1
16,5,standard,25,1
16,5,standard,26,1
16,5,standard,27,1
16,5,standard,28,1
16,5,standard,29,0
16,5,standard,30,1
16,5,standard,31,1
16,5,standard,32,0
16,5,standard,33,0
16,5,standard,34,1
16,5,standard,35,1
16,5,standard,36,1
16,5,standard,37,1
16,5,standard,38,1
16,5,standard,39,1
16,5,standard,40,1
16,5,standard,41,1
16,5,standard,42,1
16,5,standard,43,1
16,5,standard,44,1
16,5,standard,45,0
16,5,standard,46,1
16,5,standard,47,1
16,5,standard,48,0
16,5,standard,49,1
16,5,standard,50,0
16,5,standard,51,0
16,5,standard,52,0
16,5,standard,53,1
16,5,standard,54,1
16,5,standard,55,1
16,5,standard,56,1
16,5,standard,57,1
16,5,standard,58,1
16,5,standard,59,1
16,5,standard,60,1
16,5,standard,61,0
16,5,standard,62,1
16,5,standard,63,0
16,5,standard,64,1
16,5,standard,65,1
16,5,standard,66,1
16,5,standard,67,1
16,5,standard,68,1
16,5,standard,69,1
16,5,standard,70,1
16,5,standard,71,0
16,5,standard,72,1
16,5,standard,73,1
16,5,standard,74,1
16,5,standard,75,0
16,5,standard,76,1
16,5,standard,77,1
16,5,standard,78,1
16,5,standard,79,1
16,5,standard,80,0
16,5,standard,81,1
16,5,standard,82,1
16,5,standard,83,1
16,5,standard,84,0
16,5,standard,85,0
16,5,standard,86,1
16,5,standard,87,0
16,5,standard,88,1
16,5,standard,89,0
16,5,standard,90,0
16,5,standard,91,1
16,5,standard,92,1
16,5,standard,93,1
16,5,standard,94,1
16,5,standard,95,1
16,5,standard,96,1
16,5,standard,97,1
16,5,standard,98,1
16,5,standard,99,1
16,5,standard,100,0
16,5,hard,1,0
16,5,hard,2,1
16,5,hard,3,0
16,5,hard,4,0
16,5,hard,5,1
16,5,hard,6,1
16,5,hard,7,1
16,5,hard,8,0
16,5,hard,9,0
16,5,hard,10,0
16,5,hard,11,1
16,5,hard,12,0
16,5,hard,13,0
16,5,hard,14,1
16,5,hard,15,1
16,5,hard,16,0
16,5,hard,17,0
16,5,hard,18,0
16,5,hard,19,0
16,5,hard,20,1
16,5,hard,21,0
16,5,hard,22,0
16,5,hard,23,0
16,5,hard,24,0
16,5,hard,25,1
16,5,hard,26,0
16,5,hard,27,0
16,5,hard,28,0
16,5,hard,29,1
16,5,hard,30,1
16,5,hard,31,0
16,5,hard,32,0
16,5,hard,33,1
16,5,hard,34,0
16,5,hard,35,0
16,5,hard,36,0
16,5,hard,37,0
16,5,hard,38,0
16,5,hard,39,1
16,5,hard,40,0
16,5,hard,41,1
16,5,hard,42,0
16,5,hard,43,0
16,5,hard,44,0
16,5,hard,45,0
16,5,hard,46,1
16,5,hard,47,1
16,5,hard,48,0
16,5,hard,49,0
16,5,hard,50,0
16,5,hard,51,0
16,5,hard,52,0
16,5,hard,53,0
16,5,hard,54,0
16,5,hard,55,0
16,5,hard,56,0
16,5,hard,57,1
16,5,hard,58,1
16,5,hard,59,0
16,5,hard,60,0
16,5,hard,61,1
16,5,hard,62,0
16,5,hard,63,1
16,5,hard,64,1
16,5,hard,65,0
16,5,hard,66,0
16,5,hard,67,1
16,5,hard,68,1
16,5,hard,69,0
16,5,hard,70,0
16,5,hard,71,0
16,5,hard,72,0
16,5,hard,73,0
16,5,hard,74,1
16,5,hard,75,1
16,5,hard,76,1
16,5,hard,77,0
16,5,hard,78,1
16,5,hard,79,0
16,5,hard,80,0
16,5,hard,81,0
16,5,hard,82,1
16,5,hard,83,0
16,5,hard,84,0
16,5,hard,85,0
16,5,hard,86,1
16,5,hard,87,0
16,5,hard,88,0
16,5,hard,89,1
16,5,hard,90,0
16,5,hard,91,0
16,5,hard,92,0
16,5,hard,93,0
16,5,hard,94,0
16,5,hard,95,1
16,5,hard,96,1
16,5,hard,97,0
16,5,hard,98,0
16,5,hard,99,1
16,5,hard,100,1
17,1,standard,1,1
17,1,standard,2,0
17,1,standard,3,0
17,1,standard,4,0
17,1,standard,5,1
17,1,standard,6,1
17,1,standard,7,1
17,1,standard,8,1
17,1,standard,9,1
17,1,standard,10,1
17,1,standard,11,1
17,1,standard,12,1
17,1,standard,13,1
17,1,standard,14,1
17,1,standard,15,1
17,1,standard,16,1
17,1,standard,17,1
17,1,standard,18,1
17,1,standard,19,1
17,1,standard,20,1
17,1,standard,21,1
17,1,standard,22,1
17,1,standard,23,1
17,1,standard,24,1
17,1,standard,25,1
17,1,standard,26,1
17,1,standard,27,1
17,1,standard,28,1
17,1,standard,29,1
17,1,standard,30,0
17,1,standard,31,1
17,1,standard,32,1
17,1,standard,33,0
17,1,standard,34,1
17,1,standard,35,1
17,1,standard,36,1
17,1,standard,37,1
17,1,standard,38,1
17,1,standard,39,0
17,1,standard,40,0
17,1,standard,41,1
17,1,standard,42,1
17,1,standard,43,1
17,1,standard,44,1
17,1,standard,45,1
17,1,standard,46,1
17,1,standard,47,1
17,1,standard,48,1
17,1,standard,49,1
17,1,standard,50,1
17,1,standard,51,1
17,1,standard,52,1
17,1,standard,53,0
17,1,standard,54,0
17,1,standard,55,1
17,1,standard,56,1
17,1,standard,57,1
17,1,standard,58,1
17,1,standard,59,0
17,1,standard,60,1
17,1,standard,61,1
17,1,standard,62,1
17,1,standard,63,1
17,1,standard,64,0
17,1,standard,65,1
17,1,standard,66,1
17,1,standard,67,0
17,1,standard,68,0
17,1,standard,69,1
17,1,standard,70,0
17,1,standard,71,1
17,1,standard,72,1
17,1,standard,73,1
17,1,standard,74,1
17,1,standard,75,0
17,1,standard,76,1
17,1,standard,77,1
17,1,standard,78,0
17,1,standard,79,0
17,1,standard,80,0
17,1,standard,81,1
17,1,standard,82,1
17,1,standard,83,0
17,1,standard,84,1
17,1,standard,85,1
17,1,standard,86,1
17,1,standard,87,0
17,1,standard,88,1
17,1,standard,89,1
17,1,standard,90,1
17,1,standard,91,1
17,1,standard,92,1
17,1,standard,93,1
17,1,standard,94,1
17,1,standard,95,1
17,1,standard,96,1
17,1,standard,97,1
17,1,standard,98,1
17,1,standard,99,1
17,1,standard,100,0
17,1,hard,1,0
17,1,hard,2,1
17,1,hard,3,1
17,1,hard,4,0
17,1,hard,5,0
17,1,hard,6,1
17,1,hard,7,0
17,1,hard,8,1
17,1,hard,9,0
17,1,hard,10,1
17,1,hard,11,1
17,1,hard,12,1
17,1,hard,13,1
17,1,hard,14,0
17,1,hard,15,0
17,1,hard,16,0
17,1,hard,17,0
17,1,hard,18,0
17,1,hard,19,0
17,1,hard,20,0
17,1,hard,21,1
17,1,hard,22,0
17,1,hard,23,0
17,1,hard,24,0
17,1,hard,25,0
17,1,hard,26,1
17,1,hard,27,0
17,1,hard,28,0
17,1,hard,29,1
17,1,hard,30,1
17,1,hard,31,0
17,1,hard,32,0
17,1,hard,33,1
17,1,hard,34,1
17,1,hard,35,1
17,1,hard,36,1
17,1,hard,37,0
17,1,hard,38,1
17,1,hard,39,1
17,1,hard,40,0
17,1,hard,41,0
17,1,hard,42,0
17,1,hard,43,0
17,1,hard,44,1
17,1,hard,45,1
17,1,hard,46,0
17,1,hard,47,0
17,1,hard,48,0
17,1,hard,49,1
17,1,hard,50,0
17,1,hard,51,1
17,1,hard,52,1
17,1,hard,53,0
17,1,hard,54,0
17,1,hard,55,0
17,1,hard,56,1
17,1,hard,57,0
17,1,hard,58,1
17,1,hard,59,1
17,1,hard,60,1
17,1,hard,61,0
17,1,hard,62,1
17,1,hard,63,0
17,1,hard,64,0
17,1,hard,65,0
17,1,hard,66,0
17,1,hard,67,0
17,1,hard,68,1
17,1,hard,69,0
17,1,hard,70,1
17,1,hard,71,1
17,1,hard,72,0
17,1,hard,73,1
17,1,hard,74,0
17,1,hard,75,0
17,1,hard,76,0
17,1,hard,77,1
17,1,hard,78,1
17,1,hard,79,0
17,1,hard,80,0
17,1,hard,81,0
17,1,hard,82,0
17,1,hard,83,0
17,1,hard,84,1
17,1,hard,85,0
17,1,hard,86,1
17,1,hard,87,1
17,1,hard,88,0
17,1,hard,89,1
17,1,hard,90,1
17,1,hard,91,1
17,1,hard,92,1
17,1,hard,93,0
17,1,hard,94,0
17,1,hard,95,1
17,1,hard,96,1
17,1,hard,97,1
17,1,hard,98,0
17,1,hard,99,1
17,1,hard,100,1
17,2,standard,1,1
17,2,standard,2,1
17,2,standard,3,1
17,2,standard,4,1
17,2,standard,5,1
17,2,standard,6,1
17,2,standard,7,1
17,2,standard,8,1
17,2,standard,9,1
17,2,standard,10,1
17,2,standard,11,1
17,2,standard,12,1
17,2,standard,13,0
17,2,standard,14,1
17,2,standard,15,1
17,2,standard,16,1
17,2,standard,17,1
17,2,standard,18,0
17,2,standard,19,1
17,2,standard,20,0
17,2,standard,21,1
17,2,standard,22,1
17,2,standard,23,1
17,2,standard,24,1
17,2,standard,25,0
17,2,standard,26,1
17,2,standard,27,1
17,2,standard,28,1
17,2,standard,29,1
17,2,standard,30,0
17,2,standard,31,1
17,2,standard,32,1
17,2,standard,33,1
17,2,standard,34,1
17,2,standard,35,1
17,2,standard,36,1
17,2,standard,37,0
17,2,standard,38,1
17,2,standard,39,0
17,2,standard,40,0
17,2,standard,41,1
17,2,standard,42,0
17,2,standard,43,0
17,2,standard,44,0
17,2,standard,45,0
17,2,standard,46,1
17,2,standard,47,1
17,2,standard,48,0
17,2,standard,49,1
17,2,standard,50,1
17,2,standard,51,1
17,2,standard,52,1
17,2,standard,53,0
17,2,standard,54,0
17,2,standard,55,1
17,2,standard,56,1
17,2,standard,57,1
17,2,standard,58,1
17,2,standard,59,0
17,2,standard,60,1
17,2,standard,61,1
17,2,standard,62,0
17,2,standard,63,1
17,2,standard,64,1
17,2,standard,65,0
17,2,standard,66,0
17,2,standard,67,1
17,2,standard,68,1
17,2,standard,69,0
17,2,standard,70,1
17,2,standard,71,1
17,2,standard,72,1
17,2,standard,73,1
17,2,standard,74,0
17,2,standard,75,1
17,2,standard,76,0
17,2,standard,77,1
17,2,standard,78,1
17,2,standard,79,0
17,2,standard,80,1
17,2,standard,81,1
17,2,standard,82,1
17,2,standard,83,1
17,2,standard,84,1
17,2,standard,85,1
17,2,standard,86,1
17,2,standard,87,0
17,2,standard,88,1
17,2,standard,89,1
17,2,standard,90,1
17,2,standard,91,1
17,2,standard,92,1
17,2,standard,93,1
17,2,standard,94,0
17,2,standard,95,1
17,2,standard,96,1
17,2,standard,97,0
17,2,standard,98,0
17,2,standard,99,1
17,2,standard,100,1
17,2,hard,1,0
17,2,hard,2,1
17,2,hard,3,0
17,2,hard,4,1
17,2,hard,5,1
17,2,hard,6,1
17,2,hard,7,0
17,2,hard,8,1
17,2,hard,9,1
17,2,hard,10,0
17,2,hard,11,1
17,2,hard,12,1
17,2,hard,13,0
17,2,hard,14,0
17,2,hard,15,1
17,2,hard,16,0
17,2,hard,17,1
17,2,hard,18,0
17,2,hard,19,1
17,2,hard,20,0
17,2,hard,21,1
17,2,hard,22,1
17,2,hard,23,1
17,2,hard,24,0
17,2,hard,25,1
17,2,hard,26,1
17,2,hard,27,1
17,2,hard,28,0
17,2,hard,29,0
17,2,hard,30,0
17,2,hard,31,1
17,2,hard,32,1
17,2,hard,33,0
17,2,hard,34,1
17,2,hard,35,0
17,2,hard,36,1
17,2,hard,37,0
17,2,hard,38,1
17,2,hard,39,1
17,2,hard,40,1
17,2,hard,41,1
17,2,hard,42,1
17,2,hard,43,1
17,2,hard,44,0
17,2,hard,45,1
17,2,hard,46,1
17,2,hard,47,0
17,2,hard,48,0
17,2,hard,49,1
17,2,hard,50,0
17,2,hard,51,1
17,2,hard,52,0
17,2,hard,53,0
17,2,hard,54,0
17,2,hard,55,0
17,2,hard,56,0
17,2,hard,57,1
17,2,hard,58,0
17,2,hard,59,0
17,2,hard,60,0
17,2,hard,61,1
17,2,hard,62,1
17,2,hard,63,0
17,2,hard,64,0
17,2,hard,65,0
17,2,hard,66,0
17,2,hard,67,0
17,2,hard,68,1
17,2,hard,69,0
17,2,hard,70,1
17,2,hard,71,0
17,2,hard,72,0
17,2,hard,73,1
17,2,hard,74,1
17,2,hard,75,1
17,2,hard,76,1
17,2,hard,77,1
17,2,hard,78,1
17,2,hard,79,0
17,2,hard,80,1
17,2,hard,81,1
17,2,hard,82,1
17,2,hard,83,0
17,2,hard,84,0
17,2,hard,85,0
17,2,hard,86,1
17,2,hard,87,0
17,2,hard,88,0
17,2,hard,89,1
17,2,hard,90,1
17,2,hard,91,1
17,2,hard,92,0
17,2,hard,93,1
17,2,hard,94,0
17,2,hard,95,0
17,2,hard,96,1
17,2,hard,97,0
17,2,hard,98,1
17,2,hard,99,0
17,2,hard,100,0
17,3,standard,1,1
17,3,standard,2,0
17,3,standard,3,0
17,3,standard,4,1
17,3,standard,5,1
17,3,standard,6,0
17,3,standard,7,1
17,3,standard,8,1
17,3,standard,9,1
17,3,standard,10,1
17,3,standard,11,1
17,3,standard,12,0
17,3,standard,13,1
17,3,standard,14,0
17,3,standard,15,1
17,3,standard,16,1
17,3,standard,17,1
17,3,standard,18,1
17,3,standard,19,1
17,3,standard,20,0
17,3,standard,21,1
17,3,standard,22,1
17,3,standard,23,1
17,3,standard,24,1
17,3,standard,25,1
17,3,standard,26,1
17,3,standard,27,1
17,3,standard,28,1
17,3,standard,29,1
17,3,standard,30,1
17,3,standard,31,0
17,3,standard,32,1
17,3,standard,33,1
17,3,standard,34,1
17,3,standard,35,1
17,3,standard,36,1
17,3,standard,37,1
17,3,standard,38,1
17,3,standard,39,0
17,3,standard,40,1
17,3,standard,41,0
17,3,standard,42,1
17,3,standard,43,1
17,3,standard,44,1
17,3,standard,45,1
17,3,standard,46,1
17,3,standard,47,0
17,3,standard,48,1
17,3,standard,49,1
17,3,standard,50,0
17,3,standard,51,1
17,3,standard,52,1
17,3,standard,53,1
17,3,standard,54,1
17,3,standard,55,0
17,3,standard,56,0
17,3,standard,57,1
17,3,standard,58,1
17,3,standard,59,1
17,3,standard,60,1
17,3,standard,61,1
17,3,standard,62,1
17,3,standard,63,1
17,3,standard,64,1
17,3,standard,65,0
17,3,standard,66,1
17,3,standard,67,1
17,3,standard,68,1
17,3,standard,69,1
17,3,standard,70,0
17,3,standard,71,1
17,3,standard,72,0
17,3,standard,73,1
17,3,standard,74,1
17,3,standard,75,1
17,3,standard,76,1
17,3,standard,77,0
17,3,standard,78,0
17,3,standard,79,0
17,3,standard,80,1
17,3,standard,81,0
17,3,standard,82,1
17,3,standard,83,1
17,3,standard,84,0
17,3,standard,85,0
17,3,standard,86,1
17,3,standard,87,0
17,3,standard,88,1
17,3,standard,89,1
17,3,standard,90,1
17,3,standard,91,1
17,3,standard,92,1
17,3,standard,93,0
17,3,standard,94,1
17,3,standard,95,1
17,3,standard,96,0
17,3,standard,97,0
17,3,standard,98,1
17,3,standard,99,1
17,3,standard,100,1
17,3,hard,1,1
17,3,hard,2,0
17,3,hard,3,1
17,3,hard,4,0
17,3,hard,5,1
17,3,hard,6,0
17,3,hard,7,1
17,3,hard,8,0
17,3,hard,9,1
17,3,hard,10,1
17,3,hard,11,1
17,3,hard,12,1
17,3,hard,13,0
17,3,hard,14,1
17,3,hard,15,1
17,3,hard,16,1
17,3,hard,17,1
17,3,hard,18,0
17,3,hard,19,1
17,3,hard,20,0
17,3,hard,21,0
17,3,hard,22,0
17,3,hard,23,1
17,3,hard,24,1
17,3,hard,25,1
17,3,hard,26,1
17,3,hard,27,1
17,3,hard,28,1
17,3,hard,29,1
17,3,hard,30,1
17,3,hard,31,1
17,3,hard,32,1
17,3,hard,33,0
17,3,hard,34,1
17,3,hard,35,0
17,3,hard,36,1
17,3,hard,37,1
17,3,hard,38,0
17,3,hard,39,1
17,3,hard,40,1
17,3,hard,41,1
17,3,hard,42,1
17,3,hard,43,1
17,3,hard,44,0
17,3,hard,45,0
17,3,hard,46,1
17,3,hard,47,1
17,3,hard,48,0
17,3,hard,49,1
17,3,hard,50,1
17,3,hard,51,1
17,3,hard,52,0
17,3,hard,53,0
17,3,hard,54,1
17,3,hard,55,1
17,3,hard,56,1
17,3,hard,57,1
17,3,hard,58,0
17,3,hard,59,1
17,3,hard,60,1
17,3,hard,61,1
17,3,hard,62,0
17,3,hard,63,1
17,3,hard,64,1
17,3,hard,65,1
17,3,hard,66,1
17,3,hard,67,1
17,3,hard,68,1
17,3,hard,69,0
17,3,hard,70,1
17,3,hard,71,1
17,3,hard,72,1
17,3,hard,73,0
17,3,hard,74,1
17,3,hard,75,0
17,3,hard,76,0
17,3,hard,77,1
17,3,hard,78,1
17,3,hard,79,0
17,3,hard,80,1
17,3,hard,81,1
17,3,hard,82,0
17,3,hard,83,1
17,3,hard,84,0
17,3,hard,85,1
17,3,hard,86,1
17,3,hard,87,1
17,3,hard,88,1
17,3,hard,89,0
17,3,hard,90,0
17,3,hard,91,1
17,3,hard,92,1
17,3,hard,93,1
17,3,hard,94,0
17,3,hard,95,1
17,3,hard,96,0
17,3,hard,97,1
17,3,hard,98,1
17,3,hard,99,1
17,3,hard,100,0
17,4,standard,1,1
17,4,standard,2,1
17,4,standard,3,1
17,4,standard,4,1
17,4,standard,5,1
17,4,standard,6,1
17,4,standard,7,0
17,4,standard,8,1
17,4,standard,9,1
17,4,standard,10,1
17,4,standard,11,1
17,4,standard,12,1
17,4,standard,13,1
17,4,standard,14,1
17,4,standard,15,1
17,4,standard,16,1
17,4,standard,17,1
17,4,standard,18,0
17,4,standard,19,1
17,4,standard,20,1
17,4,standard,21,1
17,4,standard,22,1
17,4,standard,23,0
17,4,standard,24,1
17,4,standard,25,0
17,4,standard,26,1
17,4,standard,27,1
17,4,standard,28,1
17,4,standard,29,1
17,4,standard,30,1
17,4,standard,31,1
17,4,standard,32,1
17,4,standard,33,0
17,4,standard,34,1
17,4,standard,35,0
17,4,standard,36,1
17,4,standard,37,1
17,4,standard,38,1
17,4,standard,39,0
17,4,standard,40,1
17,4,standard,41,1
17,4,standard,42,0
17,4,standard,43,1
17,4,standard,44,1
17,4,standard,45,1
17,4,standard,46,1
17,4,standard,47,0
17,4,standard,48,0
17,4,standard,49,0
17,4,standard,50,1
17,4,standard,51,1
17,4,standard,52,1
17,4,standard,53,1
17,4,standard,54,1
17,4,standard,55,1
17,4,standard,56,0
17,4,standard,57,1
17,4,standard,58,1
17,4,standard,59,1
17,4,standard,60,0
17,4,standard,61,1
17,4,standard,62,1
17,4,standard,63,1
17,4,standard,64,1
17,4,standard,65,1
17,4,standard,66,1
17,4,standard,67,1
17,4,standard,68,0
17,4,standard,69,1
17,4,standard,70,1
17,4,standard,71,0
17,4,standard,72,1
17,4,standard,73,1
17,4,standard,74,0
17,4,standard,75,1
17,4,standard,76,0
17,4,standard,77,1
17,4,standard,78,0
17,4,standard,79,1
17,4,standard,80,1
17,4,standard,81,1
17,4,standard,82,0
17,4,standard,83,1
17,4,standard,84,0
17,4,standard,85,0
17,4,standard,86,1
17,4,standard,87,1
17,4,standard,88,1
17,4,standard,89,1
17,4,standard,90,1
17,4,standard,91,1
17,4,standard,92,1
17,4,standard,93,0
17,4,standard,94,1
17,4,standard,95,0
17,4,standard,96,0
17,4,standard,97,1
17,4,standard,98,1
17,4,standard,99,1
17,4,standard,100,1
17,4,hard,1,0
17,4,hard,2,1
17,4,hard,3,1
17,4,hard,4,1
17,4,hard,5,0
17,4,hard,6,1
17,4,hard,7,1
17,4,hard,8,1
17,4,hard,9,0
17,4,hard,10,1
17,4,hard,11,1
17,4,hard,12,0
17,4,hard,13,1
17,4,hard,14,1
17,4,hard,15,0
17,4,hard,16,1
17,4,hard,17,1
17,4,hard,18,0
17,4,hard,19,0
17,4,hard,20,1
17,4,hard,21,0
17,4,hard,22,1
17,4,hard,23,0
17,4,hard,24,1
17,4,hard,25,1
17,4,hard,26,1
17,4,hard,27,0
17,4,hard,28,1
17,4,hard,29,0
17,4,hard,30,0
17,4,hard,31,1
17,4,hard,32,1
17,4,hard,33,1
17,4,hard,34,1
17,4,hard,35,0
17,4,hard,36,0
17,4,hard,37,0
17,4,hard,38,0
17,4,hard,39,0
17,4,hard,40,1
17,4,hard,41,1
17,4,hard,42,0
17,4,hard,43,0
17,4,hard,44,1
17,4,hard,45,0
17,4,hard,46,0
17,4,hard,47,0
17,4,hard,48,1
17,4,hard,49,0
17,4,hard,50,1
17,4,hard,51,0
17,4,hard,52,1
17,4,hard,53,1
17,4,hard,54,1
17,4,hard,55,0
17,4,hard,56,0
17,4,hard,57,1
17,4,hard,58,1
17,4,hard,59,0
17,4,hard,60,0
17,4,hard,61,0
17,4,hard,62,1
17,4,hard,63,0
17,4,hard,64,0
17,4,hard,65,1
17,4,hard,66,1
17,4,hard,67,1
17,4,hard,68,0
17,4,hard,69,0
17,4,hard,70,1
17,4,hard,71,1
17,4,hard,72,1
17,4,hard,73,0
17,4,hard,74,0
17,4,hard,75,1
17,4,hard,76,0
17,4,hard,77,1
17,4,hard,78,0
17,4,hard,79,0
17,4,hard,80,0
17,4,hard,81,1
17,4,hard,82,1
17,4,hard,83,1
17,4,hard,84,1
17,4,hard,85,1
17,4,hard,86,1
17,4,hard,87,1
17,4,hard,88,1
17,4,hard,89,1
17,4,hard,90,1
17,4,hard,91,1
17,4,hard,92,0
17,4,hard,93,0
17,4,hard,94,1
17,4,hard,95,1
17,4,hard,96,0
17,4,hard,97,1
17,4,hard,98,1
17,4,hard,99,1
17,4,hard,100,0
17,5,standard,1,1
17,5,standard,2,0
17,5,standard,3,0
17,5,standard,4,1
17,5,standard,5,1
17,5,standard,6,0
17,5,standard,7,0
17,5,standard,8,1
17,5,standard,9,1
17,5,standard,10,1
17,5,standard,11,0
17,5,standard,12,0
17,5,standard,13,1
17,5,standard,14,1
17,5,standard,15,1
17,5,standard,16,1
17,5,standard,17,1
17,5,standard,18,1
17,5,standard,19,1
17,5,standard,20,1
17,5,standard,21,1
17,5,standard,22,1
17,5,standard,23,1
17,5,standard,24,1
17,5,standard,25,0
17,5,standard,26,1
17,5,standard,27,0
17,5,standard,28,1
17,5,standard,29,1
17,5,standard,30,1
17,5,standard,31,1
17,5,standard,32,1
17,5,standard,33,1
17,5,standard,34,1
17,5,standard,35,1
17,5,standard,36,1
17,5,standard,37,1
17,5,standard,38,1
17,5,standard,39,1
17,5,standard,40,1
17,5,standard,41,1
17,5,standard,42,0
17,5,standard,43,0
17,5,standard,44,0
17,5,standard,45,0
17,5,standard,46,1
17,5,standard,47,1
17,5,standard,48,0
17,5,standard,49,1
17,5,standard,50,1
17,5,standard,51,0
17,5,standard,52,1
17,5,standard,53,1
17,5,standard,54,0
17,5,standard,55,1
17,5,standard,56,1
17,5,standard,57,1
17,5,standard,58,1
17,5,standard,59,1
17,5,standard,60,1
17,5,standard,61,1
17,5,standard,62,1
17,5,standard,63,0
17,5,standard,64,0
17,5,standard,65,1
17,5,standard,66,1
17,5,standard,67,1
17,5,standard,68,1
17,5,standard,69,1
17,5,standard,70,1
17,5,standard,71,1
17,5,standard,72,1
17,5,standard,73,0
17,5,standard,74,1
17,5,standard,75,0
17,5,standard,76,0
17,5,standard,77,0
17,5,standard,78,0
17,5,standard,79,1
17,5,standard,80,1
17,5,standard,81,1
17,5,standard,82,1
17,5,standard,83,1
17,5,standard,84,0
17,5,standard,85,1
17,5,standard,86,1
17,5,standard,87,1
17,5,standard,88,0
17,5,standard,89,1
17,5,standard,90,0
17,5,standard,91,1
17,5,standard,92,1
17,5,standard,93,1
17,5,standard,94,0
17,5,standard,95,1
17,5,standard,96,1
17,5,standard,97,1
17,5,standard,98,1
17,5,standard,99,1
17,5,standard,100,1
17,5,hard,1,1
17,5,hard,2,1
17,5,hard,3,1
17,5,hard,4,1
17,5,hard,5,1
17,5,hard,6,1
17,5,hard,7,0
17,5,hard,8,0
17,5,hard,9,0
17,5,hard,10,1
17,5,hard,11,0
17,5,hard,12,1
17,5,hard,13,1
17,5,hard,14,1
17,5,hard,15,0
17,5,hard,16,0
17,5,hard,17,1
17,5,hard,18,1
17,5,hard,19,1
17,5,hard,20,0
17,5,hard,21,1
17,5,hard,22,1
17,5,hard,23,0
17,5,hard,24,1
17,5,hard,25,1
17,5,hard,26,1
17,5,hard,27,0
17,5,hard,28,1
17,5,hard,29,0
17,5,hard,30,0
17,5,hard,31,1
17,5,hard,32,1
17,5,hard,33,1
17,5,hard,34,0
17,5,hard,35,1
17,5,hard,36,0
17,5,hard,37,0
17,5,hard,38,1
17,5,hard,39,1
17,5,hard,40,1
17,5,hard,41,1
17,5,hard,42,1
17,5,hard,43,0
17,5,hard,44,0
17,5,hard,45,1
17,5,hard,46,1
17,5,hard,47,1
17,5,hard,48,1
17,5,hard,49,1
17,5,hard,50,0
17,5,hard,51,1
17,5,hard,52,1
17,5,hard,53,1
17,5,hard,54,1
17,5,hard,55,1
17,5,hard,56,0
17,5,hard,57,1
17,5,hard,58,1
17,5,hard,59,0
17,5,hard,60,0
17,5,hard,61,1
17,5,hard,62,1
17,5,hard,63,0
17,5,hard,64,0
17,5,hard,65,0
17,5,hard,66,1
17,5,hard,67,0
17,5,hard,68,1
17,5,hard,69,1
17,5,hard,70,1
17,5,hard,71,1
17,5,hard,72,1
17,5,hard,73,1
17,5,hard,74,1
17,5,hard,75,1
17,5,hard,76,0
17,5,hard,77,0
17,5,hard,78,1
17,5,hard,79,0
17,5,hard,80,1
17,5,hard,81,0
17,5,hard,82,0
17,5,hard,83,1
17,5,hard,84,1
17,5,hard,85,1
17,5,hard,86,0
17,5,hard,87,1
17,5,hard,88,1
17,5,hard,89,0
17,5,hard,90,1
17,5,hard,91,1
17,5,hard,92,1
17,5,hard,93,1
17,5,hard,94,1
17,5,hard,95,1
17,5,hard,96,0
17,5,hard,97,1
17,5,hard,98,1
17,5,hard,99,1
17,5,hard,100,0
18,1,standard,1,1
18,1,standard,2,1
18,1,standard,3,1
18,1,standard,4,1
18,1,standard,5,1
18,1,standard,6,1
18,1,standard,7,1
18,1,standard,8,1
18,1,standard,9,1
18,1,standard,10,1
18,1,standard,11,1
18,1,standard,12,1
18,1,standard,13,1
18,1,standard,14,1
18,1,standard,15,1
18,1,standard,16,0
18,1,standard,17,1
18,1,standard,18,1
18,1,standard,19,1
18,1,standard,20,1
18,1,standard,21,1
18,1,standard,22,1
18,1,standard,23,1
18,1,standard,24,1
18,1,standard,25,1
18,1,standard,26,1
18,1,standard,27,1
18,1,standard,28,1
18,1,standard,29,1
18,1,standard,30,0
18,1,standard,31,0
18,1,standard,32,0
18,1,standard,33,0
18,1,standard,34,1
18,1,standard,35,1
18,1,standard,36,1
18,1,standard,37,1
18,1,standard,38,1
18,1,standard,39,0
18,1,standard,40,1
18,1,standard,41,1
18,1,standard,42,1
18,1,standard,43,1
18,1,standard,44,1
18,1,standard,45,0
18,1,standard,46,1
18,1,standard,47,1
18,1,standard,48,1
18,1,standard,49,1
18,1,standard,50,1
18,1,standard,51,1
18,1,standard,52,1
18,1,standard,53,1
18,1,standard,54,0
18,1,standard,55,1
18,1,standard,56,1
18,1,standard,57,1
18,1,standard,58,0
18,1,standard,59,1
18,1,standard,60,1
18,1,standard,61,1
18,1,standard,62,1
18,1,standard,63,1
18,1,standard,64,1
18,1,standard,65,1
18,1,standard,66,1
18,1,standard,67,1
18,1,standard,68,1
18,1,standard,69,1
18,1,standard,70,1
18,1,standard,71,0
18,1,standard,72,1
18,1,standard,73,1
18,1,standard,74,1
18,1,standard,75,1
18,1,standard,76,1
18,1,standard,77,1
18,1,standard,78,1
18,1,standard,79,1
18,1,standard,80,1
18,1,standard,81,1
18,1,standard,82,0
18,1,standard,83,1
18,1,standard,84,1
18,1,standard,85,1
18,1,standard,86,1
18,1,standard,87,0
18,1,standard,88,1
18,1,standard,89,1
18,1,standard,90,1
18,1,standard,91,1
18,1,standard,92,1
18,1,standard,93,1
18,1,standard,94,0
18,1,standard,95,1
18,1,standard,96,1
18,1,standard,97,0
18,1,standard,98,1
18,1,standard,99,1
18,1,standard,100,1
18,1,hard,1,0
18,1,hard,2,1
18,1,hard,3,0
18,1,hard,4,1
18,1,hard,5,1
18,1,hard,6,1
18,1,hard,7,1
18,1,hard,8,1
18,1,hard,9,1
18,1,hard,10,0
18,1,hard,11,0
18,1,hard,12,1
18,1,hard,13,1
18,1,hard,14,1
18,1,hard,15,0
18,1,hard,16,0
18,1,hard,17,0
18,1,hard,18,1
18,1,hard,19,0
18,1,hard,20,1
18,1,hard,21,1
18,1,hard,22,0
18,1,hard,23,0
18,1,hard,24,1
18,1,hard,25,1
18,1,hard,26,1
18,1,hard,27,1
18,1,hard,28,1
18,1,hard,29,1
18,1,hard,30,0
18,1,hard,31,1
18,1,hard,32,1
18,1,hard,33,1
18,1,hard,34,0
18,1,hard,35,1
18,1,hard,36,1
18,1,hard,37,0
18,1,hard,38,1
18,1,hard,39,0
18,1,hard,40,0
18,1,hard,41,1
18,1,hard,42,1
18,1,hard,43,1
18,1,hard,44,0
18,1,hard,45,1
18,1,hard,46,0
18,1,hard,47,0
18,1,hard,48,0
18,1,hard,49,1
18,1,hard,50,1
18,1,hard,51,0
18,1,hard,52,0
18,1,hard,53,1
18,1,hard,54,0
18,1,hard,55,1
18,1,hard,56,0
18,1,hard,57,0
18,1,hard,58,1
18,1,hard,59,1
18,1,hard,60,1
18,1,hard,61,1
18,1,hard,62,1
18,1,hard,63,1
18,1,hard,64,1
18,1,hard,65,1
18,1,hard,66,1
18,1,hard,67,1
18,1,hard,68,0
18,1,hard,69,1
18,1,hard,70,1
18,1,hard,71,1
18,1,hard,72,1
18,1,hard,73,0
18,1,hard,74,0
18,1,hard,75,1
18,1,hard,76,0
18,1,hard,77,1
18,1,hard,78,1
18,1,hard,79,0
18,1,hard,80,1
18,1,hard,81,1
18,1,hard,82,0
18,1,hard,83,0
18,1,hard,84,1
18,1,hard,85,1
18,1,hard,86,1
18,1,hard,87,0
18,1,hard,88,1
18,1,hard,89,1
18,1,hard,90,1
18,1,hard,91,1
18,1,hard,92,0
18,1,hard,93,0
18,1,hard,94,1
18,1,hard,95,0
18,1,hard,96,0
18,1,hard,97,0
18,1,hard,98,1
18,1,hard,99,1
18,1,hard,100,1
18,2,standard,1,0
18,2,standard,2,0
18,2,standard,3,1
18,2,standard,4,1
18,2,standard,5,1
18,2,standard,6,1
18,2,standard,7,1
18,2,standard,8,1
18,2,standard,9,1
18,2,standard,10,1
18,2,standard,11,1
18,2,standard,12,1
18,2,standard,13,1
18,2,standard,14,1
18,2,standard,15,1
18,2,standard,16,1
18,2,standard,17,0
18,2,standard,18,1
18,2,standard,19,1
18,2,standard,20,0
18,2,standard,21,1
18,2,standard,22,1
18,2,standard,23,1
18,2,standard,24,1
18,2,standard,25,1
18,2,standard,26,1
18,2,standard,27,1
18,2,standard,28,1
18,2,standard,29,1
18,2,standard,30,1
18,2,standard,31,1
18,2,standard,32,0
18,2,standard,33,1
18,2,standard,34,1
18,2,standard,35,0
18,2,standard,36,1
18,2,standard,37,1
18,2,standard,38,1
18,2,standard,39,1
18,2,standard,40,1
18,2,standard,41,0
18,2,standard,42,1
18,2,standard,43,0
18,2,standard,44,1
18,2,standard,45,0
18,2,standard,46,0
18,2,standard,47,1
18,2,standard,48,1
18,2,standard,49,1
18,2,standard,50,1
18,2,standard,51,1
18,2,standard,52,1
18,2,standard,53,1
18,2,standard,54,1
18,2,standard,55,1
18,2,standard,56,1
18,2,standard,57,1
18,2,standard,58,1
18,2,standard,59,1
18,2,standard,60,1
18,2,standard,61,1
18,2,standard,62,1
18,2,standard,63,1
18,2,standard,64,1
18,2,standard,65,1
18,2,standard,66,0
18,2,standard,67,1
18,2,standard,68,1
18,2,standard,69,1
18,2,standard,70,1
18,2,standard,71,0
18,2,standard,72,1
18,2,standard,73,1
18,2,standard,74,1
18,2,standard,75,1
18,2,standard,76,1
18,2,standard,77,1
18,2,standard,78,1
18,2,standard,79,0
18,2,standard,80,0
18,2,standard,81,1
18,2,standard,82,1
18,2,standard,83,1
18,2,standard,84,1
18,2,standard,85,1
18,2,standard,86,1
18,2,standard,87,1
18,2,standard,88,1
18,2,standard,89,1
18,2,standard,90,1
18,2,standard,91,1
18,2,standard,92,1
18,2,standard,93,1
18,2,standard,94,0
18,2,standard,95,1
18,2,standard,96,0
18,2,standard,97,1
18,2,standard,98,1
18,2,standard,99,1
18,2,standard,100,1
18,2,hard,1,1
18,2,hard,2,1
18,2,hard,3,0
18,2,hard,4,1
18,2,hard,5,1
18,2,hard,6,1
18,2,hard,7,1
18,2,hard,8,0
18,2,hard,9,0
18,2,hard,10,1
18,2,hard,11,1
18,2,hard,12,0
18,2,hard,13,0
18,2,hard,14,1
18,2,hard,15,1
18,2,hard,16,1
18,2,hard,17,1
18,2,hard,18,1
18,2,hard,19,0
18,2,hard,20,1
18,2,hard,21,1
18,2,hard,22,1
18,2,hard,23,0
18,2,hard,24,1
18,2,hard,25,1
18,2,hard,26,1
18,2,hard,27,0
18,2,hard,28,1
18,2,hard,29,1
18,2,hard,30,1
18,2,hard,31,0
18,2,hard,32,0
18,2,hard,33,1
18,2,hard,34,1
18,2,hard,35,1
18,2,hard,36,1
18,2,hard,37,1
18,2,hard,38,0
18,2,hard,39,1
18,2,hard,40,1
18,2,hard,41,1
18,2,hard,42,1
18,2,hard,43,1
18,2,hard,44,1
18,2,hard,45,1
18,2,hard,46,0
18,2,hard,47,1
18,2,hard,48,0
18,2,hard,49,0
18,2,hard,50,1
18,2,hard,51,1
18,2,hard,52,1
18,2,hard,53,0
18,2,hard,54,0
18,2,hard,55,1
18,2,hard,56,1
18,2,hard,57,0
18,2,hard,58,1
18,2,hard,59,0
18,2,hard,60,0
18,2,hard,61,1
18,2,hard,62,0
18,2,hard,63,1
18,2,hard,64,1
18,2,hard,65,1
18,2,hard,66,1
18,2,hard,67,1
18,2,hard,68,1
18,2,hard,69,1
18,2,hard,70,1
18,2,hard,71,1
18,2,hard,72,1
18,2,hard,73,0
18,2,hard,74,1
18,2,hard,75,0
18,2,hard,76,1
18,2,hard,77,1
18,2,hard,78,1
18,2,hard,79,0
18,2,hard,80,0
18,2,hard,81,1
18,2,hard,82,1
18,2,hard,83,0
18,2,hard,84,0
18,2,hard,85,0
18,2,hard,86,1
18,2,hard,87,1
18,2,hard,88,1
18,2,hard,89,1
18,2,hard,90,0
18,2,hard,91,0
18,2,hard,92,1
18,2,hard,93,1
18,2,hard,94,0
18,2,hard,95,0
18,2,hard,96,0
18,2,hard,97,1
18,2,hard,98,1
18,2,hard,99,0
18,2,hard,100,1
18,3,standard,1,0
18,3,standard,2,0
18,3,standard,3,1
18,3,standard,4,1
18,3,standard,5,0
18,3,standard,6,0
18,3,standard,7,1
18,3,standard,8,0
18,3,standard,9,1
18,3,standard,10,1
18,3,standard,11,1
18,3,standard,12,0
18,3,standard,13,1
18,3,standard,14,1
18,3,standard,15,1
18,3,standard,16,1
18,3,standard,17,0
18,3,standard,18,1
18,3,standard,19,1
18,3,standard,20,0
18,3,standard,21,1
18,3,standard,22,1
18,3,standard,23,1
18,3,standard,24,0
18,3,standard,25,1
18,3,standard,26,1
18,3,standard,27,1
18,3,standard,28,0
18,3,standard,29,1
18,3,standard,30,0
18,3,standard,31,0
18,3,standard,32,0
18,3,standard,33,1
18,3,standard,34,1
18,3,standard,35,1
18,3,standard,36,1
18,3,standard,37,1
18,3,standard,38,0
18,3,standard,39,1
18,3,standard,40,1
18,3,standard,41,1
18,3,standard,42,1
18,3,standard,43,1
18,3,standard,44,1
18,3,standard,45,1
18,3,standard,46,1
18,3,standard,47,0
18,3,standard,48,1
18,3,standard,49,1
18,3,standard,50,0
18,3,standard,51,1
18,3,standard,52,1
18,3,standard,53,1
18,3,standard,54,1
18,3,standard,55,1
18,3,standard,56,1
18,3,standard,57,1
18,3,standard,58,0
18,3,standard,59,1
18,3,standard,60,1
18,3,standard,61,0
18,3,standard,62,1
18,3,standard,63,1
18,3,standard,64,1
18,3,standard,65,1
18,3,standard,66,0
18,3,standard,67,0
18,3,standard,68,1
18,3,standard,69,1
18,3,standard,70,1
18,3,standard,71,0
18,3,standard,72,0
18,3,standard,73,0
18,3,standard,74,1
18,3,standard,75,1
18,3,standard,76,1
18,3,standard,77,1
18,3,standard,78,1
18,3,standard,79,0
18,3,standard,80,1
18,3,standard,81,1
18,3,standard,82,1
18,3,standard,83,1
18,3,standard,84,1
18,3,standard,85,1
18,3,standard,86,1
18,3,standard,87,1
18,3,standard,88,1
18,3,standard,89,1
18,3,standard,90,1
18,3,standard,91,0
18,3,standard,92,1
18,3,standard,93,1
18,3,standard,94,1
18,3,standard,95,1
18,3,standard,96,1
18,3,standard,97,1
18,3,standard,98,0
18,3,standard,99,0
18,3,standard,100,1
18,3,hard,1,1
18,3,hard,2,0
18,3,hard,3,1
18,3,hard,4,1
18,3,hard,5,0
18,3,hard,6,1
18,3,hard,7,1
18,3,hard,8,0
18,3,hard,9,1
18,3,hard,10,1
18,3,hard,11,1
18,3,hard,12,1
18,3,hard,13,1
18,3,hard,14,0
18,3,hard,15,1
18,3,hard,16,0
18,3,hard,17,0
18,3,hard,18,0
18,3,hard,19,0
18,3,hard,20,1
18,3,hard,21,1
18,3,hard,22,1
18,3,hard,23,1
18,3,hard,24,0
18,3,hard,25,1
18,3,hard,26,1
18,3,hard,27,1
18,3,hard,28,0
18,3,hard,29,1
18,3,hard,30,1
18,3,hard,31,1
18,3,hard,32,1
18,3,hard,33,0
18,3,hard,34,1
18,3,hard,35,0
18,3,hard,36,1
18,3,hard,37,0
18,3,hard,38,1
18,3,hard,39,1
18,3,hard,40,0
18,3,hard,41,1
18,3,hard,42,1
18,3,hard,43,1
18,3,hard,44,1
18,3,hard,45,0
18,3,hard,46,1
18,3,hard,47,1
18,3,hard,48,1
18,3,hard,49,0
18,3,hard,50,0
18,3,hard,51,1
18,3,hard,52,1
18,3,hard,53,1
18,3,hard,54,0
18,3,hard,55,1
18,3,hard,56,0
18,3,hard,57,1
18,3,hard,58,1
18,3,hard,59,0
18,3,hard,60,0
18,3,hard,61,1
18,3,hard,62,1
18,3,hard,63,1
18,3,hard,64,1
18,3,hard,65,1
18,3,hard,66,0
18,3,hard,67,1
18,3,hard,68,0
18,3,hard,69,1
18,3,hard,70,1
18,3,hard,71,0
18,3,hard,72,1
18,3,hard,73,1
18,3,hard,74,1
18,3,hard,75,1
18,3,hard,76,1
18,3,hard,77,1
18,3,hard,78,1
18,3,hard,79,1
18,3,hard,80,1
18,3,hard,81,1
18,3,hard,82,1
18,3,hard,83,1
18,3,hard,84,0
18,3,hard,85,0
18,3,hard,86,1
18,3,hard,87,0
18,3,hard,88,0
18,3,hard,89,1
18,3,hard,90,0
18,3,hard,91,0
18,3,hard,92,1
18,3,hard,93,1
18,3,hard,94,0
18,3,hard,95,1
18,3,hard,96,1
18,3,hard,97,0
18,3,hard,98,0
18,3,hard,99,0
18,3,hard,100,1
18,4,standard,1,0
18,4,standard,2,1
18,4,standard,3,1
18,4,standard,4,1
18,4,standard,5,0
18,4,standard,6,1
18,4,standard,7,1
18,4,standard,8,1
18,4,standard,9,1
18,4,standard,10,1
18,4,standard,11,1
18,4,standard,12,1
18,4,standard,13,1
18,4,standard,14,1
18,4,standard,15,0
18,4,standard,16,1
18,4,standard,17,1
18,4,standard,18,1
18,4,standard,19,0
18,4,standard,20,0
18,4,standard,21,1
18,4,standard,22,1
18,4,standard,23,1
18,4,standard,24,1
18,4,standard,25,1
18,4,standard,26,1
18,4,standard,27,1
18,4,standard,28,1
18,4,standard,29,1
18,4,standard,30,1
18,4,standard,31,1
18,4,standard,32,0
18,4,standard,33,1
18,4,standard,34,1
18,4,standard,35,1
18,4,standard,36,1
18,4,standard,37,1
18,4,standard,38,1
18,4,standard,39,1
18,4,standard,40,1
18,4,standard,41,0
18,4,standard,42,1
18,4,standard,43,1
18,4,standard,44,1
18,4,standard,45,1
18,4,standard,46,1
18,4,standard,47,1
18,4,standard,48,0
18,4,standard,49,1
18,4,standard,50,0
18,4,standard,51,1
18,4,standard,52,1
18,4,standard,53,1
18,4,standard,54,1
18,4,standard,55,1
18,4,standard,56,1
18,4,standard,57,1
18,4,standard,58,0
18,4,standard,59,1
18,4,standard,60,1
18,4,standard,61,1
18,4,standard,62,1
18,4,standard,63,0
18,4,standard,64,1
18,4,standard,65,1
18,4,standard,66,1
18,4,standard,67,1
18,4,standard,68,1
18,4,standard,69,1
18,4,standard,70,1
18,4,standard,71,1
18,4,standard,72,1
18,4,standard,73,1
18,4,standard,74,1
18,4,standard,75,0
18,4,standard,76,1
18,4,standard,77,0
18,4,standard,78,1
18,4,standard,79,1
18,4,standard,80,1
18,4,standard,81,0
18,4,standard,82,1
18,4,standard,83,1
18,4,standard,84,0
18,4,standard,85,1
18,4,standard,86,0
18,4,standard,87,1
18,4,standard,88,0
18,4,standard,89,1
18,4,standard,90,1
18,4,standard,91,1
18,4,standard,92,1
18,4,standard,93,1
18,4,standard,94,1
18,4,standard,95,1
18,4,standard,96,1
18,4,standard,97,1
18,4,standard,98,0
18,4,standard,99,1
18,4,standard,100,0
18,4,hard,1,1
18,4,hard,2,0
18,4,hard,3,0
18,4,hard,4,1
18,4,hard,5,0
18,4,hard,6,1
18,4,hard,7,1
18,4,hard,8,1
18,4,hard,9,1
18,4,hard,10,1
18,4,hard,11,1
18,4,hard,12,1
18,4,hard,13,1
18,4,hard,14,1
18,4,hard,15,0
18,4,hard,16,1
18,4,hard,17,0
18,4,hard,18,0
18,4,hard,19,1
18,4,hard,20,0
18,4,hard,21,1
18,4,hard,22,1
18,4,hard,23,1
18,4,hard,24,0
18,4,hard,25,0
18,4,hard,26,1
18,4,hard,27,1
18,4,hard,28,1
18,4,hard,29,1
18,4,hard,30,1
18,4,hard,31,1
18,4,hard,32,1
18,4,hard,33,0
18,4,hard,34,0
18,4,hard,35,1
18,4,hard,36,1
18,4,hard,37,0
18,4,hard,38,1
18,4,hard,39,1
18,4,hard,40,1
18,4,hard,41,1
18,4,hard,42,1
18,4,hard,43,1
18,4,hard,44,1
18,4,hard,45,1
18,4,hard,46,1
18,4,hard,47,1
18,4,hard,48,1
18,4,hard,49,0
18,4,hard,50,0
18,4,hard,51,0
18,4,hard,52,1
18,4,hard,53,1
18,4,hard,54,0
18,4,hard,55,0
18,4,hard,56,0
18,4,hard,57,1
18,4,hard,58,0
18,4,hard,59,1
18,4,hard,60,1
18,4,hard,61,1
18,4,hard,62,1
18,4,hard,63,1
18,4,hard,64,1
18,4,hard,65,1
18,4,hard,66,0
18,4,hard,67,0
18,4,hard,68,1
18,4,hard,69,1
18,4,hard,70,1
18,4,hard,71,1
18,4,hard,72,1
18,4,hard,73,1
18,4,hard,74,0
18,4,hard,75,1
18,4,hard,76,1
18,4,hard,77,0
18,4,hard,78,0
18,4,hard,79,1
18,4,hard,80,1
18,4,hard,81,1
18,4,hard,82,1
18,4,hard,83,1
18,4,hard,84,1
18,4,hard,85,1
18,4,hard,86,1
18,4,hard,87,0
18,4,hard,88,1
18,4,hard,89,1
18,4,hard,90,0
18,4,hard,91,1
18,4,hard,92,1
18,4,hard,93,0
18,4,hard,94,0
18,4,hard,95,1
18,4,hard,96,1
18,4,hard,97,1
18,4,hard,98,0
18,4,hard,99,1
18,4,hard,100,1
18,5,standard,1,1
18,5,standard,2,1
18,5,standard,3,1
18,5,standard,4,0
18,5,standard,5,1
18,5,standard,6,0
18,5,standard,7,0
18,5,standard,8,1
18,5,standard,9,1
18,5,standard,10,1
18,5,standard,11,1
18,5,standard,12,1
18,5,standard,13,1
18,5,standard,14,1
18,5,standard,15,0
18,5,standard,16,1
18,5,standard,17,1
18,5,standard,18,1
18,5,standard,19,0
18,5,standard,20,1
18,5,standard,21,1
18,5,standard,22,1
18,5,standard,23,1
18,5,standard,24,1
18,5,standard,25,1
18,5,standard,26,1
18,5,standard,27,1
18,5,standard,28,1
18,5,standard,29,1
18,5,standard,30,0
18,5,standard,31,1
18,5,standard,32,1
18,5,standard,33,1
18,5,standard,34,1
18,5,standard,35,1
18,5,standard,36,1
18,5,standard,37,1
18,5,standard,38,1
18,5,standard,39,0
18,5,standard,40,0
18,5,standard,41,0
18,5,standard,42,0
18,5,standard,43,1
18,5,standard,44,1
18,5,standard,45,1
18,5,standard,46,0
18,5,standard,47,1
18,5,standard,48,1
18,5,standard,49,1
18,5,standard,50,1
18,5,standard,51,1
18,5,standard,52,0
18,5,standard,53,0
18,5,standard,54,0
18,5,standard,55,1
18,5,standard,56,1
18,5,standard,57,1
18,5,standard,58,1
18,5,standard,59,1
18,5,standard,60,1
18,5,standard,61,0
18,5,standard,62,1
18,5,standard,63,1
18,5,standard,64,1
18,5,standard,65,1
18,5,standard,66,0
18,5,standard,67,1
18,5,standard,68,1
18,5,standard,69,1
18,5,standard,70,1
18,5,standard,71,1
18,5,standard,72,1
18,5,standard,73,1
18,5,standard,74,1
18,5,standard,75,1
18,5,standard,76,0
18,5,standard,77,1
18,5,standard,78,1
18,5,standard,79,1
18,5,standard,80,1
18,5,standard,81,1
18,5,standard,82,1
18,5,standard,83,0
18,5,standard,84,1
18,5,standard,85,0
18,5,standard,86,0
18,5,standard,87,1
18,5,standard,88,1
18,5,standard,89,1
18,5,standard,90,1
18,5,standard,91,1
18,5,standard,92,0
18,5,standard,93,1
18,5,standard,94,1
18,5,standard,95,0
18,5,standard,96,1
18,5,standard,97,1
18,5,standard,98,1
18,5,standard,99,1
18,5,standard,100,0
18,5,hard,1,1
18,5,hard,2,1
18,5,hard,3,1
18,5,hard,4,0
18,5,hard,5,1
18,5,hard,6,1
18,5,hard,7,1
18,5,hard,8,0
18,5,hard,9,1
18,5,hard,10,1
18,5,hard,11,1
18,5,hard,12,0
18,5,hard,13,1
18,5,hard,14,1
18,5,hard,15,1
18,5,hard,16,1
18,5,hard,17,0
18,5,hard,18,1
18,5,hard,19,1
18,5,hard,20,0
18,5,hard,21,1
18,5,hard,22,1
18,5,hard,23,1
18,5,hard,24,0
18,5,hard,25,1
18,5,hard,26,0
18,5,hard,27,1
18,5,hard,28,0
18,5,hard,29,1
18,5,hard,30,1
18,5,hard,31,1
18,5,hard,32,1
18,5,hard,33,1
18,5,hard,34,1
18,5,hard,35,0
18,5,hard,36,0
18,5,hard,37,1
18,5,hard,38,1
18,5,hard,39,1
18,5,hard,40,0
18,5,hard,41,1
18,5,hard,42,1
18,5,hard,43,0
18,5,hard,44,0
18,5,hard,45,1
18,5,hard,46,0
18,5,hard,47,1
18,5,hard,48,0
18,5,hard,49,1
18,5,hard,50,1
18,5,hard,51,1
18,5,hard,52,0
18,5,hard,53,0
18,5,hard,54,1
18,5,hard,55,1
18,5,hard,56,1
18,5,hard,57,0
18,5,hard,58,1
18,5,hard,59,1
18,5,hard,60,1
18,5,hard,61,1
18,5,hard,62,1
18,5,hard,63,1
18,5,hard,64,1
18,5,hard,65,1
18,5,hard,66,1
18,5,hard,67,1
18,5,hard,68,0
18,5,hard,69,1
18,5,hard,70,1
18,5,hard,71,1
18,5,hard,72,1
18,5,hard,73,0
18,5,hard,74,0
18,5,hard,75,1
18,5,hard,76,1
18,5,hard,77,0
18,5,hard,78,1
18,5,hard,79,1
18,5,hard,80,1
18,5,hard,81,0
18,5,hard,82,1
18,5,hard,83,1
18,5,hard,84,1
18,5,hard,85,1
18,5,hard,86,1
18,5,hard,87,1
18,5,hard,88,0
18,5,hard,89,0
18,5,hard,90,0
18,5,hard,91,1
18,5,hard,92,1
18,5,hard,93,0
18,5,hard,94,1
18,5,hard,95,1
18,5,hard,96,0
18,5,hard,97,1
18,5,hard,98,1
18,5,hard,99,0
18,5,hard,100,1
19,1,standard,1,1
19,1,standard,2,1
19,1,standard,3,1
19,1,standard,4,1
19,1,standard,5,1
19,1,standard,6,1
19,1,standard,7,1
19,1,standard,8,1
19,1,standard,9,1
19,1,standard,10,1
19,1,standard,11,1
19,1,standard,12,0
19,1,standard,13,1
19,1,standard,14,1
19,1,standard,15,1
19,1,standard,16,1
19,1,standard,17,1
19,1,standard,18,1
19,1,standard,19,1
19,1,standard,20,1
19,1,standard,21,1
19,1,standard,22,1
19,1,standard,23,1
19,1,standard,24,1
19,1,standard,25,1
19,1,standard,26,1
19,1,standard,27,1
19,1,standard,28,0
19,1,standard,29,1
19,1,standard,30,1
19,1,standard,31,1
19,1,standard,32,1
19,1,standard,33,1
19,1,standard,34,1
19,1,standard,35,1
19,1,standard,36,1
19,1,standard,37,1
19,1,standard,38,1
19,1,standard,39,1
19,1,standard,40,1
19,1,standard,41,1
19,1,standard,42,1
19,1,standard,43,0
19,1,standard,44,1
19,1,standard,45,1
19,1,standard,46,1
19,1,standard,47,1
19,1,standard,48,1
19,1,standard,49,1
19,1,standard,50,1
19,1,standard,51,0
19,1,standard,52,0
19,1,standard,53,1
19,1,standard,54,1
19,1,standard,55,1
19,1,standard,56,1
19,1,standard,57,1
19,1,standard,58,1
19,1,standard,59,1
19,1,standard,60,1
19,1,standard,61,0
19,1,standard,62,1
19,1,standard,63,1
19,1,standard,64,1
19,1,standard,65,1
19,1,standard,66,1
19,1,standard,67,1
19,1,standard,68,0
19,1,standard,69,1
19,1,standard,70,1
19,1,standard,71,1
19,1,standard,72,0
19,1,standard,73,0
19,1,standard,74,1
19,1,standard,75,1
19,1,standard,76,0
19,1,standard,77,1
19,1,standard,78,1
19,1,standard,79,1
19,1,standard,80,0
19,1,standard,81,1
19,1,standard,82,1
19,1,standard,83,1
19,1,standard,84,1
19,1,standard,85,1
19,1,standard,86,1
19,1,standard,87,1
19,1,standard,88,1
19,1,standard,89,0
19,1,standard,90,1
19,1,standard,91,1
19,1,standard,92,0
19,1,standard,93,1
19,1,standard,94,1
19,1,standard,95,1
19,1,standard,96,1
19,1,standard,97,1
19,1,standard,98,1
19,1,standard,99,1
19,1,standard,100,1
19,1,hard,1,1
19,1,hard,2,1
19,1,hard,3,0
19,1,hard,4,1
19,1,hard,5,1
19,1,hard,6,1
19,1,hard,7,1
19,1,hard,8,1
19,1,hard,9,1
19,1,hard,10,0
19,1,hard,11,1
19,1,hard,12,0
19,1,hard,13,0
19,1,hard,14,1
19,1,hard,15,0
19,1,hard,16,1
19,1,hard,17,1
19,1,hard,18,1
19,1,hard,19,1
19,1,hard,20,1
19,1,hard,21,0
19,1,hard,22,1
19,1,hard,23,1
19,1,hard,24,1
19,1,hard,25,1
19,1,hard,26,1
19,1,hard,27,1
19,1,hard,28,1
19,1,hard,29,1
19,1,hard,30,1
19,1,hard,31,0
19,1,hard,32,1
19,1,hard,33,1
19,1,hard,34,1
19,1,hard,35,0
19,1,hard,36,1
19,1,hard,37,1
19,1,hard,38,1
19,1,hard,39,1
19,1,hard,40,1
19,1,hard,41,1
19,1,hard,42,1
19,1,hard,43,1
19,1,hard,44,1
19,1,hard,45,1
19,1,hard,46,1
19,1,hard,47,1
19,1,hard,48,1
19,1,hard,49,0
19,1,hard,50,1
19,1,hard,51,0
19,1,hard,52,1
19,1,hard,53,1
19,1,hard,54,0
19,1,hard,55,0
19,1,hard,56,1
19,1,hard,57,1
19,1,hard,58,0
19,1,hard,59,0
19,1,hard,60,1
19,1,hard,61,0
19,1,hard,62,1
19,1,hard,63,1
19,1,hard,64,1
19,1,hard,65,1
19,1,hard,66,1
19,1,hard,67,1
19,1,hard,68,0
19,1,hard,69,1
19,1,hard,70,1
19,1,hard,71,1
19,1,hard,72,0
19,1,hard,73,0
19,1,hard,74,1
19,1,hard,75,1
19,1,hard,76,1
19,1,hard,77,0
19,1,hard,78,1
19,1,hard,79,1
19,1,hard,80,0
19,1,hard,81,1
19,1,hard,82,1
19,1,hard,83,1
19,1,hard,84,1
19,1,hard,85,1
19,1,hard,86,1
19,1,hard,87,0
19,1,hard,88,1
19,1,hard,89,0
19,1,hard,90,1
19,1,hard,91,1
19,1,hard,92,1
19,1,hard,93,0
19,1,hard,94,1
19,1,hard,95,1
19,1,hard,96,1
19,1,hard,97,1
19,1,hard,98,1
19,1,hard,99,0
19,1,hard,100,1
19,2,standard,1,1
19,2,standard,2,1
19,2,standard,3,1
19,2,standard,4,1
19,2,standard,5,1
19,2,standard,6,1
19,2,standard,7,1
19,2,standard,8,0
19,2,standard,9,1
19,2,standard,10,1
19,2,standard,11,0
19,2,standard,12,1
19,2,standard,13,1
19,2,standard,14,1
19,2,standard,15,0
19,2,standard,16,0
19,2,standard,17,1
19,2,standard,18,1
19,2,standard,19,1
19,2,standard,20,1
19,2,standard,21,1
19,2,standard,22,1
19,2,standard,23,1
19,2,standard,24,1
19,2,standard,25,0
19,2,standard,26,1
19,2,standard,27,1
19,2,standard,28,1
19,2,standard,29,0
19,2,standard,30,1
19,2,standard,31,0
19,2,standard,32,1
19,2,standard,33,1
19,2,standard,34,0
19,2,standard,35,1
19,2,standard,36,1
19,2,standard,37,1
19,2,standard,38,1
19,2,standard,39,0
19,2,standard,40,0
19,2,standard,41,1
19,2,standard,42,1
19,2,standard,43,1
19,2,standard,44,0
19,2,standard,45,1
19,2,standard,46,1
19,2,standard,47,1
19,2,standard,48,1
19,2,standard,49,0
19,2,standard,50,1
19,2,standard,51,1
19,2,standard,52,1
19,2,standard,53,1
19,2,standard,54,0
19,2,standard,55,0
19,2,standard,56,1
19,2,standard,57,1
19,2,standard,58,1
19,2,standard,59,1
19,2,standard,60,1
19,2,standard,61,1
19,2,standard,62,1
19,2,standard,63,1
19,2,standard,64,1
19,2,standard,65,1
19,2,standard,66,1
19,2,standard,67,1
19,2,standard,68,1
19,2,standard,69,1
19,2,standard,70,1
19,2,standard,71,0
19,2,standard,72,1
19,2,standard,73,1
19,2,standard,74,1
19,2,standard,75,1
19,2,standard,76,1
19,2,standard,77,0
19,2,standard,78,1
19,2,standard,79,1
19,2,standard,80,1
19,2,standard,81,1
19,2,standard,82,1
19,2,standard,83,1
19,2,standard,84,0
19,2,standard,85,0
19,2,standard,86,1
19,2,standard,87,1
19,2,standard,88,0
19,2,standard,89,1
19,2,standard,90,1
19,2,standard,91,1
19,2,standard,92,1
19,2,standard,93,1
19,2,standard,94,1
19,2,standard,95,1
19,2,standard,96,1
19,2,standard,97,0
19,2,standard,98,1
19,2,standard,99,1
19,2,standard,100,1
19,2,hard,1,0
19,2,hard,2,0
19,2,hard,3,1
19,2,hard,4,1
19,2,hard,5,1
19,2,hard,6,1
19,2,hard,7,1
19,2,hard,8,1
19,2,hard,9,0
19,2,hard,10,0
19,2,hard,11,1
19,2,hard,12,1
19,2,hard,13,1
19,2,hard,14,1
19,2,hard,15,1
19,2,hard,16,1
19,2,hard,17,1
19,2,hard,18,1
19,2,hard,19,0
19,2,hard,20,0
19,2,hard,21,1
19,2,hard,22,1
19,2,hard,23,0
19,2,hard,24,0
19,2,hard,25,1
19,2,hard,26,1
19,2,hard,27,0
19,2,hard,28,1
19,2,hard,29,1
19,2,hard,30,0
19,2,hard,31,1
19,2,hard,32,1
19,2,hard,33,0
19,2,hard,34,1
19,2,hard,35,0
19,2,hard,36,1
19,2,hard,37,0
19,2,hard,38,1
19,2,hard,39,1
19,2,hard,40,1
19,2,hard,41,0
19,2,hard,42,1
19,2,hard,43,0
19,2,hard,44,1
19,2,hard,45,1
19,2,hard,46,0
19,2,hard,47,0
19,2,hard,48,1
19,2,hard,49,1
19,2,hard,50,0
19,2,hard,51,1
19,2,hard,52,0
19,2,hard,53,1
19,2,hard,54,1
19,2,hard,55,1
19,2,hard,56,1
19,2,hard,57,0
19,2,hard,58,1
19,2,hard,59,1
19,2,hard,60,1
19,2,hard,61,0
19,2,hard,62,0
19,2,hard,63,1
19,2,hard,64,1
19,2,hard,65,0
19,2,hard,66,1
19,2,hard,67,1
19,2,hard,68,1
19,2,hard,69,0
19,2,hard,70,0
19,2,hard,71,0
19,2,hard,72,1
19,2,hard,73,1
19,2,hard,74,1
19,2,hard,75,1
19,2,hard,76,1
19,2,hard,77,1
19,2,hard,78,1
19,2,hard,79,1
19,2,hard,80,1
19,2,hard,81,0
19,2,hard,82,1
19,2,hard,83,1
19,2,hard,84,1
19,2,hard,85,1
19,2,hard,86,1
19,2,hard,87,0
19,2,hard,88,0
19,2,hard,89,1
19,2,hard,90,1
19,2,hard,91,1
19,2,hard,92,1
19,2,hard,93,0
19,2,hard,94,1
19,2,hard,95,1
19,2,hard,96,1
19,2,hard,97,0
19,2,hard,98,1
19,2,hard,99,1
19,2,hard,100,0
19,3,standard,1,1
19,3,standard,2,1
19,3,standard,3,1
19,3,standard,4,1
19,3,standard,5,1
19,3,standard,6,1
19,3,standard,7,0
19,3,standard,8,0
19,3,standard,9,1
19,3,standard,10,1
19,3,standard,11,0
19,3,standard,12,1
19,3,standard,13,1
19,3,standard,14,1
19,3,standard,15,1
19,3,standard,16,1
19,3,standard,17,1
19,3,standard,18,0
19,3,standard,19,1
19,3,standard,20,0
19,3,standard,21,1
19,3,standard,22,1
19,3,standard,23,1
19,3,standard,24,1
19,3,standard,25,1
19,3,standard,26,1
19,3,standard,27,1
19,3,standard,28,1
19,3,standard,29,1
19,3,standard,30,1
19,3,standard,31,1
19,3,standard,32,1
19,3,standard,33,1
19,3,standard,34,1
19,3,standard,35,1
19,3,standard,36,1
19,3,standard,37,0
19,3,standard,38,0
19,3,standard,39,1
19,3,standard,40,1
19,3,standard,41,0
19,3,standard,42,1
19,3,standard,43,1
19,3,standard,44,1
19,3,standard,45,1
19,3,standard,46,1
19,3,standard,47,1
19,3,standard,48,0
19,3,standard,49,0
19,3,standard,50,1
19,3,standard,51,1
19,3,standard,52,0
19,3,standard,53,0
19,3,standard,54,1
19,3,standard,55,1
19,3,standard,56,0
19,3,standard,57,0
19,3,standard,58,0
19,3,standard,59,1
19,3,standard,60,1
19,3,standard,61,0
19,3,standard,62,1
19,3,standard,63,1
19,3,standard,64,1
19,3,standard,65,1
19,3,standard,66,1
19,3,standard,67,0
19,3,standard,68,0
19,3,standard,69,1
19,3,standard,70,1
19,3,standard,71,1
19,3,standard,72,0
19,3,standard,73,1
19,3,standard,74,0
19,3,standard,75,1
19,3,standard,76,1
19,3,standard,77,1
19,3,standard,78,1
19,3,standard,79,1
19,3,standard,80,1
19,3,standard,81,1
19,3,standard,82,0
19,3,standard,83,1
19,3,standard,84,1
19,3,standard,85,0
19,3,standard,86,0
19,3,standard,87,1
19,3,standard,88,1
19,3,standard,89,1
19,3,standard,90,1
19,3,standard,91,0
19,3,standard,92,1
19,3,standard,93,1
19,3,standard,94,1
19,3,standard,95,1
19,3,standard,96,1
19,3,standard,97,0
19,3,standard,98,1
19,3,standard,99,0
19,3,standard,100,1
19,3,hard,1,0
19,3,hard,2,0
19,3,hard,3,0
19,3,hard,4,0
19,3,hard,5,1
19,3,hard,6,1
19,3,hard,7,1
19,3,hard,8,0
19,3,hard,9,0
19,3,hard,10,1
19,3,hard,11,0
19,3,hard,12,0
19,3,hard,13,0
19,3,hard,14,1
19,3,hard,15,0
19,3,hard,16,0
19,3,hard,17,1
19,3,hard,18,1
19,3,hard,19,1
19,3,hard,20,0
19,3,hard,21,1
19,3,hard,22,0
19,3,hard,23,0
19,3,hard,24,1
19,3,hard,25,1
19,3,hard,26,1
19,3,hard,27,1
19,3,hard,28,0
19,3,hard,29,1
19,3,hard,30,1
19,3,hard,31,1
19,3,hard,32,1
19,3,hard,33,0
19,3,hard,34,0
19,3,hard,35,0
19,3,hard,36,1
19,3,hard,37,1
19,3,hard,38,0
19,3,hard,39,0
19,3,hard,40,0
19,3,hard,41,0
19,3,hard,42,1
19,3,hard,43,0
19,3,hard,44,1
19,3,hard,45,1
19,3,hard,46,1
19,3,hard,47,0
19,3,hard,48,0
19,3,hard,49,1
19,3,hard,50,0
19,3,hard,51,0
19,3,hard,52,1
19,3,hard,53,1
19,3,hard,54,1
19,3,hard,55,0
19,3,hard,56,1
19,3,hard,57,1
19,3,hard,58,1
19,3,hard,59,0
19,3,hard,60,1
19,3,hard,61,0
19,3,hard,62,1
19,3,hard,63,1
19,3,hard,64,1
19,3,hard,65,1
19,3,hard,66,0
19,3,hard,67,0
19,3,hard,68,1
19,3,hard,69,0
19,3,hard,70,1
19,3,hard,71,1
19,3,hard,72,0
19,3,hard,73,1
19,3,hard,74,1
19,3,hard,75,0
19,3,hard,76,1
19,3,hard,77,1
19,3,hard,78,1
19,3,hard,79,0
19,3,hard,80,0
19,3,hard,81,0
19,3,hard,82,0
19,3,hard,83,1
19,3,hard,84,1
19,3,hard,85,0
19,3,hard,86,0
19,3,hard,87,1
19,3,hard,88,1
19,3,hard,89,1
19,3,hard,90,0
19,3,hard,91,0
19,3,hard,92,1
19,3,hard,93,0
19,3,hard,94,0
19,3,hard,95,0
19,3,hard,96,1
19,3,hard,97,0
19,3,hard,98,0
19,3,hard,99,1
19,3,hard,100,1
19,4,standard,1,1
19,4,standard,2,0
19,4,standard,3,1
19,4,standard,4,0
19,4,standard,5,0
19,4,standard,6,1
19,4,standard,7,1
19,4,standard,8,1
19,4,standard,9,1
19,4,standard,10,1
19,4,standard,11,1
19,4,standard,12,1
19,4,standard,13,0
19,4,standard,14,0
19,4,standard,15,1
19,4,standard,16,1
19,4,standard,17,0
19,4,standard,18,1
19,4,standard,19,1
19,4,standard,20,1
19,4,standard,21,1
19,4,standard,22,1
19,4,standard,23,1
19,4,standard,24,1
19,4,standard,25,1
19,4,standard,26,1
19,4,standard,27,1
19,4,standard,28,1
19,4,standard,29,1
19,4,standard,30,1
19,4,standard,31,1
19,4,standard,32,0
19,4,standard,33,1
19,4,standard,34,0
19,4,standard,35,1
19,4,standard,36,0
19,4,standard,37,0
19,4,standard,38,1
19,4,standard,39,1
19,4,standard,40,1
19,4,standard,41,1
19,4,standard,42,0
19,4,standard,43,1
19,4,standard,44,0
19,4,standard,45,1
19,4,standard,46,1
19,4,standard,47,1
19,4,standard,48,1
19,4,standard,49,0
19,4,standard,50,1
19,4,standard,51,1
19,4,standard,52,1
19,4,standard,53,0
19,4,standard,54,1
19,4,standard,55,0
19,4,standard,56,0
19,4,standard,57,1
19,4,standard,58,0
19,4,standard,59,0
19,4,standard,60,1
19,4,standard,61,1
19,4,standard,62,1
19,4,standard,63,0
19,4,standard,64,1
19,4,standard,65,1
19,4,standard,66,1
19,4,standard,67,1
19,4,standard,68,1
19,4,standard,69,1
19,4,standard,70,1
19,4,standard,71,0
19,4,standard,72,0
19,4,standard,73,1
19,4,standard,74,1
19,4,standard,75,1
19,4,standard,76,1
19,4,standard,77,0
19,4,standard,78,0
19,4,standard,79,1
19,4,standard,80,1
19,4,standard,81,1
19,4,standard,82,1
19,4,standard,83,1
19,4,standard,84,1
19,4,standard,85,0
19,4,standard,86,0
19,4,standard,87,1
19,4,standard,88,1
19,4,standard,89,0
19,4,standard,90,0
19,4,standard,91,1
19,4,standard,92,1
19,4,standard,93,1
19,4,standard,94,0
19,4,standard,95,0
19,4,standard,96,1
19,4,standard,97,0
19,4,standard,98,0
19,4,standard,99,1
19,4,standard,100,1
19,4,hard,1,1
19,4,hard,2,1
19,4,hard,3,1
19,4,hard,4,1
19,4,hard,5,1
19,4,hard,6,1
19,4,hard,7,1
19,4,hard,8,0
19,4,hard,9,1
19,4,hard,10,1
19,4,hard,11,0
19,4,hard,12,0
19,4,hard,13,0
19,4,hard,14,1
19,4,hard,15,1
19,4,hard,16,1
19,4,hard,17,1
19,4,hard,18,0
19,4,hard,19,1
19,4,hard,20,1
19,4,hard,21,1
19,4,hard,22,0
19,4,hard,23,1
19,4,hard,24,1
19,4,hard,25,1
19,4,hard,26,1
19,4,hard,27,1
19,4,hard,28,0
19,4,hard,29,0
19,4,hard,30,0
19,4,hard,31,1
19,4,hard,32,0
19,4,hard,33,0
19,4,hard,34,1
19,4,hard,35,0
19,4,hard,36,1
19,4,hard,37,1
19,4,hard,38,1
19,4,hard,39,1
19,4,hard,40,1
19,4,hard,41,1
19,4,hard,42,1
19,4,hard,43,1
19,4,hard,44,1
19,4,hard,45,0
19,4,hard,46,1
19,4,hard,47,1
19,4,hard,48,0
19,4,hard,49,1
19,4,hard,50,1
19,4,hard,51,1
19,4,hard,52,0
19,4,hard,53,1
19,4,hard,54,1
19,4,hard,55,1
19,4,hard,56,1
19,4,hard,57,0
19,4,hard,58,1
19,4,hard,59,1
19,4,hard,60,1
19,4,hard,61,1
19,4,hard,62,1
19,4,hard,63,1
19,4,hard,64,0
19,4,hard,65,1
19,4,hard,66,1
19,4,hard,67,1
19,4,hard,68,1
19,4,hard,69,1
19,4,hard,70,1
19,4,hard,71,0
19,4,hard,72,0
19,4,hard,73,1
19,4,hard,74,1
19,4,hard,75,1
19,4,hard,76,0
19,4,hard,77,1
19,4,hard,78,0
19,4,hard,79,0
19,4,hard,80,1
19,4,hard,81,0
19,4,hard,82,0
19,4,hard,83,0
19,4,hard,84,1
19,4,hard,85,1
19,4,hard,86,0
19,4,hard,87,1
19,4,hard,88,1
19,4,hard,89,0
19,4,hard,90,1
19,4,hard,91,1
19,4,hard,92,1
19,4,hard,93,1
19,4,hard,94,1
19,4,hard,95,1
19,4,hard,96,0
19,4,hard,97,1
19,4,hard,98,1
19,4,hard,99,1
19,4,hard,100,1
19,5,standard,1,1
19,5,standard,2,1
19,5,standard,3,1
19,5,standard,4,1
19,5,standard,5,1
19,5,standard,6,1
19,5,standard,7,0
19,5,standard,8,1
19,5,standard,9,1
19,5,standard,10,0
19,5,standard,11,1
19,5,standard,12,1
19,5,standard,13,0
19,5,standard,14,0
19,5,standard,15,1
19,5,standard,16,0
19,5,standard,17,1
19,5,standard,18,0
19,5,standard,19,1
19,5,standard,20,1
19,5,standard,21,0
19,5,standard,22,1
19,5,standard,23,0
19,5,standard,24,1
19,5,standard,25,0
19,5,standard,26,1
19,5,standard,27,1
19,5,standard,28,1
19,5,standard,29,1
19,5,standard,30,0
19,5,standard,31,0
19,5,standard,32,1
19,5,standard,33,1
19,5,standard,34,1
19,5,standard,35,0
19,5,standard,36,0
19,5,standard,37,1
19,5,standard,38,1
19,5,standard,39,1
19,5,standard,40,1
19,5,standard,41,1
19,5,standard,42,1
19,5,standard,43,1
19,5,standard,44,0
19,5,standard,45,1
19,5,standard,46,1
19,5,standard,47,1
19,5,standard,48,1
19,5,standard,49,1
19,5,standard,50,1
19,5,standard,51,0
19,5,standard,52,1
19,5,standard,53,1
19,5,standard,54,0
19,5,standard,55,1
19,5,standard,56,1
19,5,standard,57,1
19,5,standard,58,1
19,5,standard,59,0
19,5,standard,60,1
19,5,standard,61,1
19,5,standard,62,1
19,5,standard,63,1
19,5,standard,64,1
19,5,standard,65,1
19,5,standard,66,1
19,5,standard,67,1
19,5,standard,68,1
19,5,standard,69,1
19,5,standard,70,0
19,5,standard,71,0
19,5,standard,72,1
19,5,standard,73,1
19,5,standard,74,0
19,5,standard,75,1
19,5,standard,76,0
19,5,standard,77,1
19,5,standard,78,0
19,5,standard,79,0
19,5,standard,80,1
19,5,standard,81,1
19,5,standard,82,1
19,5,standard,83,1
19,5,standard,84,1
19,5,standard,85,1
19,5,standard,86,1
19,5,standard,87,1
19,5,standard,88,1
19,5,standard,89,0
19,5,standard,90,1
19,5,standard,91,1
19,5,standard,92,0
19,5,standard,93,1
19,5,standard,94,1
19,5,standard,95,0
19,5,standard,96,1
19,5,standard,97,1
19,5,standard,98,1
19,5,standard,99,1
19,5,standard,100,1
19,5,hard,1,0
19,5,hard,2,1
19,5,hard,3,0
19,5,hard,4,0
19,5,hard,5,1
19,5,hard,6,1
19,5,hard,7,1
19,5,hard,8,1
19,5,hard,9,1
19,5,hard,10,1
19,5,hard,11,1
19,5,hard,12,1
19,5,hard,13,0
19,5,hard,14,1
19,5,hard,15,0
19,5,hard,16,1
19,5,hard,17,1
19,5,hard,18,1
19,5,hard,19,1
19,5,hard,20,0
19,5,hard,21,0
19,5,hard,22,1
19,5,hard,23,1
19,5,hard,24,1
19,5,hard,25,0
19,5,hard,26,1
19,5,hard,27,1
19,5,hard,28,1
19,5,hard,29,0
19,5,hard,30,1
19,5,hard,31,1
19,5,hard,32,1
19,5,hard,33,1
19,5,hard,34,1
19,5,hard,35,0
19,5,hard,36,1
19,5,hard,37,1
19,5,hard,38,0
19,5,hard,39,1
19,5,hard,40,1
19,5,hard,41,1
19,5,hard,42,1
19,5,hard,43,0
19,5,hard,44,0
19,5,hard,45,1
19,5,hard,46,1
19,5,hard,47,1
19,5,hard,48,1
19,5,hard,49,1
19,5,hard,50,0
19,5,hard,51,1
19,5,hard,52,1
19,5,hard,53,1
19,5,hard,54,0
19,5,hard,55,1
19,5,hard,56,0
19,5,hard,57,0
19,5,hard,58,1
19,5,hard,59,1
19,5,hard,60,1
19,5,hard,61,1
19,5,hard,62,1
19,5,hard,63,1
19,5,hard,64,0
19,5,hard,65,1
19,5,hard,66,0
19,5,hard,67,1
19,5,hard,68,1
19,5,hard,69,1
19,5,hard,70,1
19,5,hard,71,1
19,5,hard,72,1
19,5,hard,73,0
19,5,hard,74,1
19,5,hard,75,1
19,5,hard,76,1
19,5,hard,77,1
19,5,hard,78,1
19,5,hard,79,1
19,5,hard,80,1
19,5,hard,81,0
19,5,hard,82,0
19,5,hard,83,1
19,5,hard,84,0
19,5,hard,85,0
19,5,hard,86,0
19,5,hard,87,0
19,5,hard,88,0
19,5,hard,89,1
19,5,hard,90,0
19,5,hard,91,1
19,5,hard,92,0
19,5,hard,93,0
19,5,hard,94,1
19,5,hard,95,1
19,5,hard,96,1
19,5,hard,97,1
19,5,hard,98,1
19,5,hard,99,1
19,5,hard,100,1
20,1,standard,1,1
20,1,standard,2,1
20,1,standard,3,1
20,1,standard,4,1
20,1,standard,5,0
20,1,standard,6,1
20,1,standard,7,0
20,1,standard,8,0
20,1,standard,9,1
20,1,standard,10,1
20,1,standard,11,1
20,1,standard,12,0
20,1,standard,13,0
20,1,standard,14,1
20,1,standard,15,1
20,1,standard,16,0
20,1,standard,17,1
20,1,standard,18,1
20,1,standard,19,0
20,1,standard,20,1
20,1,standard,21,0
20,1,standard,22,1
20,1,standard,23,0
20,1,standard,24,1
20,1,standard,25,1
20,1,standard,26,1
20,1,standard,27,1
20,1,standard,28,1
20,1,standard,29,1
20,1,standard,30,0
20,1,standard,31,1
20,1,standard,32,1
20,1,standard,33,1
20,1,standard,34,0
20,1,standard,35,0
20,1,standard,36,0
20,1,standard,37,1
20,1,standard,38,1
20,1,standard,39,1
20,1,standard,40,1
20,1,standard,41,1
20,1,standard,42,1
20,1,standard,43,1
20,1,standard,44,1
20,1,standard,45,1
20,1,standard,46,1
20,1,standard,47,1
20,1,standard,48,0
20,1,standard,49,1
20,1,standard,50,1
20,1,standard,51,0
20,1,standard,52,1
20,1,standard,53,1
20,1,standard,54,0
20,1,standard,55,0
20,1,standard,56,1
20,1,standard,57,1
20,1,standard,58,1
20,1,standard,59,1
20,1,standard,60,1
20,1,standard,61,1
20,1,standard,62,1
20,1,standard,63,1
20,1,standard,64,1
20,1,standard,65,0
20,1,standard,66,0
20,1,standard,67,0
20,1,standard,68,0
20,1,standard,69,1
20,1,standard,70,1
20,1,standard,71,1
20,1,standard,72,1
20,1,standard,73,1
20,1,standard,74,0
20,1,standard,75,1
20,1,standard,76,0
20,1,standard,77,1
20,1,standard,78,1
20,1,standard,79,1
20,1,standard,80,1
20,1,standard,81,0
20,1,standard,82,1
20,1,standard,83,1
20,1,standard,84,1
20,1,standard,85,1
20,1,standard,86,0
20,1,standard,87,1
20,1,standard,88,1
20,1,standard,89,1
20,1,standard,90,1
20,1,standard,91,1
20,1,standard,92,1
20,1,standard,93,0
20,1,standard,94,0
20,1,standard,95,1
20,1,standard,96,1
20,1,standard,97,1
20,1,standard,98,1
20,1,standard,99,1
20,1,standard,100,1
20,1,hard,1,0
20,1,hard,2,1
20,1,hard,3,1
20,1,hard,4,0
20,1,hard,5,0
20,1,hard,6,0
20,1,hard,7,1
20,1,hard,8,0
20,1,hard,9,1
20,1,hard,10,1
20,1,hard,11,1
20,1,hard,12,0
20,1,hard,13,0
20,1,hard,14,1
20,1,hard,15,0
20,1,hard,16,1
20,1,hard,17,0
20,1,hard,18,1
20,1,hard,19,0
20,1,hard,20,1
20,1,hard,21,1
20,1,hard,22,0
20,1,hard,23,0
20,1,hard,24,1
20,1,hard,25,0
20,1,hard,26,0
20,1,hard,27,1
20,1,hard,28,0
20,1,hard,29,1
20,1,hard,30,0
20,1,hard,31,1
20,1,hard,32,0
20,1,hard,33,0
20,1,hard,34,0
20,1,hard,35,1
20,1,hard,36,1
20,1,hard,37,1
20,1,hard,38,0
20,1,hard,39,0
20,1,hard,40,0
20,1,hard,41,1
20,1,hard,42,0
20,1,hard,43,1
20,1,hard,44,1
20,1,hard,45,1
20,1,hard,46,1
20,1,hard,47,1
20,1,hard,48,1
20,1,hard,49,1
20,1,hard,50,1
20,1,hard,51,1
20,1,hard,52,1
20,1,hard,53,0
20,1,hard,54,1
20,1,hard,55,0
20,1,hard,56,0
20,1,hard,57,1
20,1,hard,58,0
20,1,hard,59,1
20,1,hard,60,1
20,1,hard,61,0
20,1,hard,62,0
20,1,hard,63,1
20,1,hard,64,1
20,1,hard,65,0
20,1,hard,66,0
20,1,hard,67,0
20,1,hard,68,0
20,1,hard,69,0
20,1,hard,70,0
20,1,hard,71,0
20,1,hard,72,1
20,1,hard,73,0
20,1,hard,74,0
20,1,hard,75,0
20,1,hard,76,0
20,1,hard,77,1
20,1,hard,78,1
20,1,hard,79,1
20,1,hard,80,0
20,1,hard,81,0
20,1,hard,82,1
20,1,hard,83,0
20,1,hard,84,1
20,1,hard,85,1
20,1,hard,86,0
20,1,hard,87,1
20,1,hard,88,1
20,1,hard,89,0
20,1,hard,90,1
20,1,hard,91,1
20,1,hard,92,0
20,1,hard,93,0
20,1,hard,94,0
20,1,hard,95,1
20,1,hard,96,1
20,1,hard,97,1
20,1,hard,98,0
20,1,hard,99,0
20,1,hard,100,1
20,2,standard,1,1
20,2,standard,2,1
20,2,standard,3,1
20,2,standard,4,1
20,2,standard,5,1
20,2,standard,6,1
20,2,standard,7,1
20,2,standard,8,1
20,2,standard,9,1
20,2,standard,10,1
20,2,standard,11,1
20,2,standard,12,1
20,2,standard,13,1
20,2,standard,14,0
20,2,standard,15,1
20,2,standard,16,0
20,2,standard,17,1
20,2,standard,18,0
20,2,standard,19,0
20,2,standard,20,1
20,2,standard,21,0
20,2,standard,22,1
20,2,standard,23,0
20,2,standard,24,1
20,2,standard,25,1
20,2,standard,26,1
20,2,standard,27,1
20,2,standard,28,1
20,2,standard,29,1
20,2,standard,30,1
20,2,standard,31,1
20,2,standard,32,0
20,2,standard,33,0
20,2,standard,34,1
20,2,standard,35,1
20,2,standard,36,0
20,2,standard,37,1
20,2,standard,38,1
20,2,standard,39,1
20,2,standard,40,1
20,2,standard,41,0
20,2,standard,42,1
20,2,standard,43,0
20,2,standard,44,1
20,2,standard,45,1
20,2,standard,46,0
20,2,standard,47,0
20,2,standard,48,1
20,2,standard,49,0
20,2,standard,50,1
20,2,standard,51,1
20,2,standard,52,1
20,2,standard,53,1
20,2,standard,54,1
20,2,standard,55,0
20,2,standard,56,0
20,2,standard,57,1
20,2,standard,58,1
20,2,standard,59,1
20,2,standard,60,1
20,2,standard,61,1
20,2,standard,62,1
20,2,standard,63,0
20,2,standard,64,1
20,2,standard,65,1
20,2,standard,66,1
20,2,standard,67,0
20,2,standard,68,1
20,2,standard,69,1
20,2,standard,70,1
20,2,standard,71,1
20,2,standard,72,0
20,2,standard,73,1
20,2,standard,74,1
20,2,standard,75,0
20,2,standard,76,0
20,2,standard,77,1
20,2,standard,78,1
20,2,standard,79,1
20,2,standard,80,0
20,2,standard,81,0
20,2,standard,82,1
20,2,standard,83,1
20,2,standard,84,1
20,2,standard,85,0
20,2,standard,86,0
20,2,standard,87,1
20,2,standard,88,1
20,2,standard,89,1
20,2,standard,90,1
20,2,standard,91,1
20,2,standard,92,0
20,2,standard,93,0
20,2,standard,94,0
20,2,standard,95,0
20,2,standard,96,0
20,2,standard,97,1
20,2,standard,98,1
20,2,standard,99,1
20,2,standard,100,1
20,2,hard,1,1
20,2,hard,2,1
20,2,hard,3,1
20,2,hard,4,0
20,2,hard,5,1
20,2,hard,6,0
20,2,hard,7,1
20,2,hard,8,1
20,2,hard,9,1
20,2,hard,10,1
20,2,hard,11,0
20,2,hard,12,0
20,2,hard,13,0
20,2,hard,14,0
20,2,hard,15,0
20,2,hard,16,1
20,2,hard,17,1
20,2,hard,18,1
20,2,hard,19,1
20,2,hard,20,0
20,2,hard,21,0
20,2,hard,22,1
20,2,hard,23,1
20,2,hard,24,1
20,2,hard,25,0
20,2,hard,26,0
20,2,hard,27,1
20,2,hard,28,0
20,2,hard,29,0
20,2,hard,30,1
20,2,hard,31,1
20,2,hard,32,0
20,2,hard,33,1
20,2,hard,34,0
20,2,hard,35,0
20,2,hard,36,1
20,2,hard,37,1
20,2,hard,38,1
20,2,hard,39,1
20,2,hard,40,0
20,2,hard,41,0
20,2,hard,42,1
20,2,hard,43,0
20,2,hard,44,1
20,2,hard,45,0
20,2,hard,46,0
20,2,hard,47,0
20,2,hard,48,0
20,2,hard,49,1
20,2,hard,50,0
20,2,hard,51,0
20,2,hard,52,0
20,2,hard,53,0
20,2,hard,54,0
20,2,hard,55,1
20,2,hard,56,1
20,2,hard,57,0
20,2,hard,58,1
20,2,hard,59,0
20,2,hard,60,0
20,2,hard,61,0
20,2,hard,62,0
20,2,hard,63,1
20,2,hard,64,1
20,2,hard,65,1
20,2,hard,66,0
20,2,hard,67,0
20,2,hard,68,1
20,2,hard,69,1
20,2,hard,70,0
20,2,hard,71,1
20,2,hard,72,1
20,2,hard,73,1
20,2,hard,74,1
20,2,hard,75,1
20,2,hard,76,1
20,2,hard,77,1
20,2,hard,78,0
20,2,hard,79,0
20,2,hard,80,0
20,2,hard,81,1
20,2,hard,82,1
20,2,hard,83,1
20,2,hard,84,1
20,2,hard,85,1
20,2,hard,86,1
20,2,hard,87,0
20,2,hard,88,1
20,2,hard,89,1
20,2,hard,90,0
20,2,hard,91,1
20,2,hard,92,0
20,2,hard,93,1
20,2,hard,94,0
20,2,hard,95,1
20,2,hard,96,1
20,2,hard,97,0
20,2,hard,98,1
20,2,hard,99,0
20,2,hard,100,1
20,3,standard,1,1
20,3,standard,2,0
20,3,standard,3,0
20,3,standard,4,1
20,3,standard,5,1
20,3,standard,6,1
20,3,standard,7,1
20,3,standard,8,0
20,3,standard,9,1
20,3,standard,10,1
20,3,standard,11,0
20,3,standard,12,1
20,3,standard,13,0
20,3,standard,14,1
20,3,standard,15,0
20,3,standard,16,0
20,3,standard,17,1
20,3,standard,18,1
20,3,standard,19,0
20,3,standard,20,1
20,3,standard,21,0
20,3,standard,22,1
20,3,standard,23,1
20,3,standard,24,1
20,3,standard,25,1
20,3,standard,26,1
20,3,standard,27,1
20,3,standard,28,0
20,3,standard,29,1
20,3,standard,30,1
20,3,standard,31,1
20,3,standard,32,1
20,3,standard,33,1
20,3,standard,34,0
20,3,standard,35,1
20,3,standard,36,0
20,3,standard,37,1
20,3,standard,38,1
20,3,standard,39,1
20,3,standard,40,1
20,3,standard,41,1
20,3,standard,42,1
20,3,standard,43,0
20,3,standard,44,0
20,3,standard,45,1
20,3,standard,46,1
20,3,standard,47,1
20,3,standard,48,1
20,3,standard,49,1
20,3,standard,50,1
20,3,standard,51,0
20,3,standard,52,0
20,3,standard,53,0
20,3,standard,54,1
20,3,standard,55,1
20,3,standard,56,0
20,3,standard,57,0
20,3,standard,58,1
20,3,standard,59,0
20,3,standard,60,0
20,3,standard,61,1
20,3,standard,62,1
20,3,standard,63,0
20,3,standard,64,0
20,3,standard,65,1
20,3,standard,66,0
20,3,standard,67,1
20,3,standard,68,1
20,3,standard,69,1
20,3,standard,70,0
20,3,standard,71,1
20,3,standard,72,1
20,3,standard,73,1
20,3,standard,74,1
20,3,standard,75,1
20,3,standard,76,0
20,3,standard,77,1
20,3,standard,78,1
20,3,standard,79,1
20,3,standard,80,1
20,3,standard,81,0
20,3,standard,82,1
20,3,standard,83,0
20,3,standard,84,0
20,3,standard,85,0
20,3,standard,86,0
20,3,standard,87,1
20,3,standard,88,0
20,3,standard,89,1
20,3,standard,90,1
20,3,standard,91,1
20,3,standard,92,1
20,3,standard,93,0
20,3,standard,94,0
20,3,standard,95,1
20,3,standard,96,1
20,3,standard,97,0
20,3,standard,98,1
20,3,standard,99,1
20,3,standard,100,1
20,3,hard,1,0
20,3,hard,2,0
20,3,hard,3,0
20,3,hard,4,0
20,3,hard,5,1
20,3,hard,6,1
20,3,hard,7,0
20,3,hard,8,1
20,3,hard,9,0
20,3,hard,10,1
20,3,hard,11,0
20,3,hard,12,0
20,3,hard,13,1
20,3,hard,14,0
20,3,hard,15,1
20,3,hard,16,1
20,3,hard,17,1
20,3,hard,18,1
20,3,hard,19,0
20,3,hard,20,0
20,3,hard,21,0
20,3,hard,22,0
20,3,hard,23,1
20,3,hard,24,0
20,3,hard,25,1
20,3,hard,26,0
20,3,hard,27,0
20,3,hard,28,0
20,3,hard,29,0
20,3,hard,30,1
20,3,hard,31,1
20,3,hard,32,1
20,3,hard,33,1
20,3,hard,34,0
20,3,hard,35,0
20,3,hard,36,1
20,3,hard,37,0
20,3,hard,38,0
20,3,hard,39,0
20,3,hard,40,0
20,3,hard,41,0
20,3,hard,42,1
20,3,hard,43,0
20,3,hard,44,0
20,3,hard,45,1
20,3,hard,46,0
20,3,hard,47,1
20,3,hard,48,1
20,3,hard,49,0
20,3,hard,50,0
20,3,hard,51,0
20,3,hard,52,1
20,3,hard,53,0
20,3,hard,54,1
20,3,hard,55,1
20,3,hard,56,1
20,3,hard,57,0
20,3,hard,58,0
20,3,hard,59,0
20,3,hard,60,0
20,3,hard,61,1
20,3,hard,62,1
20,3,hard,63,0
20,3,hard,64,0
20,3,hard,65,1
20,3,hard,66,1
20,3,hard,67,1
20,3,hard,68,0
20,3,hard,69,0
20,3,hard,70,1
20,3,hard,71,0
20,3,hard,72,1
20,3,hard,73,0
20,3,hard,74,1
20,3,hard,75,1
20,3,hard,76,0
20,3,hard,77,0
20,3,hard,78,0
20,3,hard,79,1
20,3,hard,80,0
20,3,hard,81,1
20,3,hard,82,1
20,3,hard,83,1
20,3,hard,84,0
20,3,hard,85,1
20,3,hard,86,0
20,3,hard,87,1
20,3,hard,88,0
20,3,hard,89,1
20,3,hard,90,0
20,3,hard,91,0
20,3,hard,92,1
20,3,hard,93,0
20,3,hard,94,1
20,3,hard,95,0
20,3,hard,96,1
20,3,hard,97,0
20,3,hard,98,0
20,3,hard,99,0
20,3,hard,100,1
20,4,standard,1,1
20,4,standard,2,1
20,4,standard,3,0
20,4,standard,4,1
20,4,standard,5,1
20,4,standard,6,1
20,4,standard,7,1
20,4,standard,8,1
20,4,standard,9,0
20,4,standard,10,1
20,4,standard,11,1
20,4,standard,12,1
20,4,standard,13,1
20,4,standard,14,0
20,4,standard,15,1
20,4,standard,16,0
20,4,standard,17,0
20,4,standard,18,1
20,4,standard,19,1
20,4,standard,20,1
20,4,standard,21,0
20,4,standard,22,0
20,4,standard,23,1
20,4,standard,24,1
20,4,standard,25,1
20,4,standard,26,1
20,4,standard,27,1
20,4,standard,28,0
20,4,standard,29,0
20,4,standard,30,0
20,4,standard,31,1
20,4,standard,32,1
20,4,standard,33,1
20,4,standard,34,0
20,4,standard,35,0
20,4,standard,36,1
20,4,standard,37,0
20,4,standard,38,0
20,4,standard,39,1
20,4,standard,40,1
20,4,standard,41,1
20,4,standard,42,0
20,4,standard,43,1
20,4,standard,44,0
20,4,standard,45,1
20,4,standard,46,1
20,4,standard,47,1
20,4,standard,48,1
20,4,standard,49,1
20,4,standard,50,1
20,4,standard,51,1
20,4,standard,52,1
20,4,standard,53,0
20,4,standard,54,1
20,4,standard,55,1
20,4,standard,56,1
20,4,standard,57,1
20,4,standard,58,1
20,4,standard,59,1
20,4,standard,60,0
20,4,standard,61,1
20,4,standard,62,1
20,4,standard,63,1
20,4,standard,64,1
20,4,standard,65,1
20,4,standard,66,1
20,4,standard,67,1
20,4,standard,68,1
20,4,standard,69,0
20,4,standard,70,1
20,4,standard,71,1
20,4,standard,72,1
20,4,standard,73,1
20,4,standard,74,1
20,4,standard,75,1
20,4,standard,76,1
20,4,standard,77,1
20,4,standard,78,0
20,4,standard,79,1
20,4,standard,80,0
20,4,standard,81,1
20,4,standard,82,1
20,4,standard,83,1
20,4,standard,84,1
20,4,standard,85,1
20,4,standard,86,1
20,4,standard,87,1
20,4,standard,88,1
20,4,standard,89,0
20,4,standard,90,0
20,4,standard,91,1
20,4,standard,92,0
20,4,standard,93,0
20,4,standard,94,1
20,4,standard,95,1
20,4,standard,96,0
20,4,standard,97,1
20,4,standard,98,1
20,4,standard,99,0
20,4,standard,100,0
20,4,hard,1,1
20,4,hard,2,1
20,4,hard,3,0
20,4,hard,4,1
20,4,hard,5,0
20,4,hard,6,1
20,4,hard,7,0
20,4,hard,8,1
20,4,hard,9,1
20,4,hard,10,1
20,4,hard,11,0
20,4,hard,12,0
20,4,hard,13,1
20,4,hard,14,0
20,4,hard,15,1
20,4,hard,16,1
20,4,hard,17,1
20,4,hard,18,0
20,4,hard,19,1
20,4,hard,20,1
20,4,hard,21,1
20,4,hard,22,0
20,4,hard,23,1
20,4,hard,24,1
20,4,hard,25,0
20,4,hard,26,1
20,4,hard,27,0
20,4,hard,28,1
20,4,hard,29,0
20,4,hard,30,1
20,4,hard,31,0
20,4,hard,32,1
20,4,hard,33,1
20,4,hard,34,0
20,4,hard,35,1
20,4,hard,36,1
20,4,hard,37,1
20,4,hard,38,1
20,4,hard,39,1
20,4,hard,40,1
20,4,hard,41,1
20,4,hard,42,0
20,4,hard,43,1
20,4,hard,44,1
20,4,hard,45,1
20,4,hard,46,1
20,4,hard,47,1
20,4,hard,48,1
20,4,hard,49,1
20,4,hard,50,1
20,4,hard,51,1
20,4,hard,52,0
20,4,hard,53,1
20,4,hard,54,1
20,4,hard,55,0
20,4,hard,56,1
20,4,hard,57,1
20,4,hard,58,0
20,4,hard,59,1
20,4,hard,60,1
20,4,hard,61,1
20,4,hard,62,0
20,4,hard,63,0
20,4,hard,64,1
20,4,hard,65,1
20,4,hard,66,1
20,4,hard,67,0
20,4,hard,68,1
20,4,hard,69,1
20,4,hard,70,0
20,4,hard,71,0
20,4,hard,72,0
20,4,hard,73,0
20,4,hard,74,0
20,4,hard,75,0
20,4,hard,76,1
20,4,hard,77,0
20,4,hard,78,1
20,4,hard,79,0
20,4,hard,80,1
20,4,hard,81,0
20,4,hard,82,1
20,4,hard,83,1
20,4,hard,84,1
20,4,hard,85,1
20,4,hard,86,0
20,4,hard,87,1
20,4,hard,88,1
20,4,hard,89,1
20,4,hard,90,1
20,4,hard,91,1
20,4,hard,92,1
20,4,hard,93,1
20,4,hard,94,1
20,4,hard,95,0
20,4,hard,96,1
20,4,hard,97,0
20,4,hard,98,1
20,4,hard,99,1
20,4,hard,100,1
20,5,standard,1,1
20,5,standard,2,0
20,5,standard,3,0
20,5,standard,4,0
20,5,standard,5,1
20,5,standard,6,0
20,5,standard,7,1
20,5,standard,8,1
20,5,standard,9,0
20,5,standard,10,0
20,5,standard,11,0
20,5,standard,12,0
20,5,standard,13,0
20,5,standard,14,1
20,5,standard,15,0
20,5,standard,16,0
20,5,standard,17,0
20,5,standard,18,0
20,5,standard,19,1
20,5,standard,20,1
20,5,standard,21,1
20,5,standard,22,0
20,5,standard,23,0
20,5,standard,24,1
20,5,standard,25,1
20,5,standard,26,1
20,5,standard,27,1
20,5,standard,28,1
20,5,standard,29,0
20,5,standard,30,1
20,5,standard,31,1
20,5,standard,32,1
20,5,standard,33,1
20,5,standard,34,0
20,5,standard,35,0
20,5,standard,36,1
20,5,standard,37,0
20,5,standard,38,0
20,5,standard,39,0
20,5,standard,40,0
20,5,standard,41,1
20,5,standard,42,0
20,5,standard,43,0
20,5,standard,44,0
20,5,standard,45,0
20,5,standard,46,1
20,5,standard,47,0
20,5,standard,48,0
20,5,standard,49,1
20,5,standard,50,1
20,5,standard,51,1
20,5,standard,52,1
20,5,standard,53,0
20,5,standard,54,0
20,5,standard,55,0
20,5,standard,56,1
20,5,standard,57,1
20,5,standard,58,0
20,5,standard,59,0
20,5,standard,60,0
20,5,standard,61,1
20,5,standard,62,0
20,5,standard,63,1
20,5,standard,64,0
20,5,standard,65,0
20,5,standard,66,1
20,5,standard,67,0
20,5,standard,68,1
20,5,standard,69,0
20,5,standard,70,1
20,5,standard,71,1
20,5,standard,72,1
20,5,standard,73,0
20,5,standard,74,0
20,5,standard,75,0
20,5,standard,76,0
20,5,standard,77,0
20,5,standard,78,1
20,5,standard,79,0
20,5,standard,80,0
20,5,standard,81,1
20,5,standard,82,1
20,5,standard,83,1
20,5,standard,84,0
20,5,standard,85,1
20,5,standard,86,0
20,5,standard,87,1
20,5,standard,88,1
20,5,standard,89,1
20,5,standard,90,1
20,5,standard,91,1
20,5,standard,92,0
20,5,standard,93,1
20,5,standard,94,1
20,5,standard,95,1
20,5,standard,96,1
20,5,standard,97,1
20,5,standard,98,0
20,5,standard,99,1
20,5,standard,100,0
20,5,hard,1,0
20,5,hard,2,1
20,5,hard,3,1
20,5,hard,4,1
20,5,hard,5,0
20,5,hard,6,1
20,5,hard,7,0
20,5,hard,8,0
20,5,hard,9,1
20,5,hard,10,0
20,5,hard,11,1
20,5,hard,12,1
20,5,hard,13,0
20,5,hard,14,0
20,5,hard,15,1
20,5,hard,16,1
20,5,hard,17,1
20,5,hard,18,0
20,5,hard,19,0
20,5,hard,20,1
20,5,hard,21,1
20,5,hard,22,1
20,5,hard,23,1
20,5,hard,24,0
20,5,hard,25,1
20,5,hard,26,0
20,5,hard,27,0
20,5,hard,28,0
20,5,hard,29,0
20,5,hard,30,0
20,5,hard,31,1
20,5,hard,32,0
20,5,hard,33,1
20,5,hard,34,1
20,5,hard,35,0
20,5,hard,36,1
20,5,hard,37,1
20,5,hard,38,1
20,5,hard,39,0
20,5,hard,40,0
20,5,hard,41,1
20,5,hard,42,1
20,5,hard,43,1
20,5,hard,44,1
20,5,hard,45,1
20,5,hard,46,1
20,5,hard,47,0
20,5,hard,48,0
20,5,hard,49,0
20,5,hard,50,1
20,5,hard,51,0
20,5,hard,52,1
20,5,hard,53,0
20,5,hard,54,0
20,5,hard,55,0
20,5,hard,56,0
20,5,hard,57,1
20,5,hard,58,1
20,5,hard,59,1
20,5,hard,60,0
20,5,hard,61,0
20,5,hard,62,1
20,5,hard,63,1
20,5,hard,64,0
20,5,hard,65,0
20,5,hard,66,1
20,5,hard,67,1
20,5,hard,68,1
20,5,hard,69,1
20,5,hard,70,0
20,5,hard,71,1
20,5,hard,72,1
20,5,hard,73,0
20,5,hard,74,1
20,5,hard,75,1
20,5,hard,76,1
20,5,hard,77,1
20,5,hard,78,0
20,5,hard,79,0
20,5,hard,80,1
20,5,hard,81,0
20,5,hard,82,0
20,5,hard,83,0
20,5,hard,84,1
20,5,hard,85,0
20,5,hard,86,0
20,5,hard,87,0
20,5,hard,88,1
20,5,hard,89,1
20,5,hard,90,1
20,5,hard,91,1
20,5,hard,92,1
20,5,hard,93,1
20,5,hard,94,1
20,5,hard,95,1
20,5,hard,96,0
20,5,hard,97,1
20,5,hard,98,1
20,5,hard,99,1
20,5,hard,100,1
21,1,standard,1,1
21,1,standard,2,1
21,1,standard,3,0
21,1,standard,4,0
21,1,standard,5,1
21,1,standard,6,0
21,1,standard,7,1
21,1,standard,8,1
21,1,standard,9,1
21,1,standard,10,0
21,1,standard,11,1
21,1,standard,12,1
21,1,standard,13,0
21,1,standard,14,1
21,1,standard,15,1
21,1,standard,16,1
21,1,standard,17,0
21,1,standard,18,0
21,1,standard,19,0
21,1,standard,20,1
21,1,standard,21,1
21,1,standard,22,1
21,1,standard,23,0
21,1,standard,24,0
21,1,standard,25,0
21,1,standard,26,1
21,1,standard,27,1
21,1,standard,28,1
21,1,standard,29,0
21,1,standard,30,0
21,1,standard,31,1
21,1,standard,32,1
21,1,standard,33,1
21,1,standard,34,1
21,1,standard,35,1
21,1,standard,36,0
21,1,standard,37,1
21,1,standard,38,1
21,1,standard,39,1
21,1,standard,40,1
21,1,standard,41,1
21,1,standard,42,1
21,1,standard,43,1
21,1,standard,44,0
21,1,standard,45,1
21,1,standard,46,0
21,1,standard,47,1
21,1,standard,48,0
21,1,standard,49,1
21,1,standard,50,1
21,1,standard,51,1
21,1,standard,52,1
21,1,standard,53,1
21,1,standard,54,1
21,1,standard,55,1
21,1,standard,56,0
21,1,standard,57,1
21,1,standard,58,1
21,1,standard,59,1
21,1,standard,60,1
21,1,standard,61,0
21,1,standard,62,0
21,1,standard,63,1
21,1,standard,64,0
21,1,standard,65,1
21,1,standard,66,1
21,1,standard,67,1
21,1,standard,68,1
21,1,standard,69,0
21,1,standard,70,1
21,1,standard,71,1
21,1,standard,72,1
21,1,standard,73,1
21,1,standard,74,1
21,1,standard,75,0
21,1,standard,76,1
21,1,standard,77,1
21,1,standard,78,0
21,1,standard,79,1
21,1,standard,80,1
21,1,standard,81,1
21,1,standard,82,1
21,1,standard,83,1
21,1,standard,84,1
21,1,standard,85,0
21,1,standard,86,1
21,1,standard,87,1
21,1,standard,88,1
21,1,standard,89,0
21,1,standard,90,1
21,1,standard,91,1
21,1,standard,92,1
21,1,standard,93,1
21,1,standard,94,1
21,1,standard,95,0
21,1,standard,96,1
21,1,standard,97,1
21,1,standard,98,0
21,1,standard,99,0
21,1,standard,100,0
21,1,hard,1,0
21,1,hard,2,0
21,1,hard,3,1
21,1,hard,4,1
21,1,hard,5,1
21,1,hard,6,1
21,1,hard,7,1
21,1,hard,8,0
21,1,hard,9,1
21,1,hard,10,1
21,1,hard,11,0
21,1,hard,12,0
21,1,hard,13,0
21,1,hard,14,1
21,1,hard,15,1
21,1,hard,16,0
21,1,hard,17,0
21,1,hard,18,0
21,1,hard,19,1
21,1,hard,20,0
21,1,hard,21,0
21,1,hard,22,1
21,1,hard,23,1
21,1,hard,24,1
21,1,hard,25,0
21,1,hard,26,1
21,1,hard,27,1
21,1,hard,28,0
21,1,hard,29,1
21,1,hard,30,1
21,1,hard,31,0
21,1,hard,32,1
21,1,hard,33,0
21,1,hard,34,0
21,1,hard,35,1
21,1,hard,36,1
21,1,hard,37,0
21,1,hard,38,0
21,1,hard,39,1
21,1,hard,40,1
21,1,hard,41,1
21,1,hard,42,0
21,1,hard,43,0
21,1,hard,44,1
21,1,hard,45,0
21,1,hard,46,1
21,1,hard,47,0
21,1,hard,48,0
21,1,hard,49,1
21,1,hard,50,1
21,1,hard,51,0
21,1,hard,52,1
21,1,hard,53,1
21,1,hard,54,1
21,1,hard,55,1
21,1,hard,56,0
21,1,hard,57,0
21,1,hard,58,0
21,1,hard,59,1
21,1,hard,60,1
21,1,hard,61,0
21,1,hard,62,0
21,1,hard,63,1
21,1,hard,64,0
21,1,hard,65,0
21,1,hard,66,1
21,1,hard,67,0
21,1,hard,68,1
21,1,hard,69,1
21,1,hard,70,1
21,1,hard,71,0
21,1,hard,72,1
21,1,hard,73,1
21,1,hard,74,0
21,1,hard,75,1
21,1,hard,76,0
21,1,hard,77,1
21,1,hard,78,1
21,1,hard,79,1
21,1,hard,80,0
21,1,hard,81,1
21,1,hard,82,1
21,1,hard,83,1
21,1,hard,84,0
21,1,hard,85,0
21,1,hard,86,1
21,1,hard,87,0
21,1,hard,88,0
21,1,hard,89,1
21,1,hard,90,1
21,1,hard,91,1
21,1,hard,92,1
21,1,hard,93,1
21,1,hard,94,0
21,1,hard,95,1
21,1,hard,96,0
21,1,hard,97,0
21,1,hard,98,1
21,1,hard,99,0
21,1,hard,100,1
21,2,standard,1,1
21,2,standard,2,0
21,2,standard,3,0
21,2,standard,4,0
21,2,standard,5,0
21,2,standard,6,0
21,2,standard,7,0
21,2,standard,8,0
21,2,standard,9,1
21,2,standard,10,1
21,2,standard,11,1
21,2,standard,12,0
21,2,standard,13,1
21,2,standard,14,1
21,2,standard,15,1
21,2,standard,16,1
21,2,standard,17,0
21,2,standard,18,1
21,2,standard,19,1
21,2,standard,20,0
21,2,standard,21,0
21,2,standard,22,0
21,2,standard,23,1
21,2,standard,24,1
21,2,standard,25,1
21,2,standard,26,1
21,2,standard,27,1
21,2,standard,28,0
21,2,standard,29,1
21,2,standard,30,1
21,2,standard,31,1
21,2,standard,32,0
21,2,standard,33,1
21,2,standard,34,0
21,2,standard,35,0
21,2,standard,36,0
21,2,standard,37,1
21,2,standard,38,1
21,2,standard,39,0
21,2,standard,40,1
21,2,standard,41,0
21,2,standard,42,0
21,2,standard,43,1
21,2,standard,44,1
21,2,standard,45,1
21,2,standard,46,0
21,2,standard,47,1
21,2,standard,48,0
21,2,standard,49,1
21,2,standard,50,1
21,2,standard,51,0
21,2,standard,52,1
21,2,standard,53,0
21,2,standard,54,1
21,2,standard,55,1
21,2,standard,56,1
21,2,standard,57,1
21,2,standard,58,1
21,2,standard,59,1
21,2,standard,60,1
21,2,standard,61,1
21,2,standard,62,1
21,2,standard,63,1
21,2,standard,64,0
21,2,standard,65,0
21,2,standard,66,1
21,2,standard,67,0
21,2,standard,68,1
21,2,standard,69,1
21,2,standard,70,1
21,2,standard,71,0
21,2,standard,72,1
21,2,standard,73,1
21,2,standard,74,1
21,2,standard,75,0
21,2,standard,76,1
21,2,standard,77,1
21,2,standard,78,0
21,2,standard,79,0
21,2,standard,80,1
21,2,standard,81,1
21,2,standard,82,0
21,2,standard,83,0
21,2,standard,84,1
21,2,standard,85,0
21,2,standard,86,1
21,2,standard,87,1
21,2,standard,88,0
21,2,standard,89,1
21,2,standard,90,1
21,2,standard,91,0
21,2,standard,92,0
21,2,standard,93,1
21,2,standard,94,0
21,2,standard,95,1
21,2,standard,96,1
21,2,standard,97,1
21,2,standard,98,1
21,2,standard,99,1
21,2,standard,100,1
21,2,hard,1,0
21,2,hard,2,1
21,2,hard,3,0
21,2,hard,4,0
21,2,hard,5,0
21,2,hard,6,1
21,2,hard,7,1
21,2,hard,8,1
21,2,hard,9,1
21,2,hard,10,1
21,2,hard,11,0
21,2,hard,12,0
21,2,hard,13,0
21,2,hard,14,1
21,2,hard,15,1
21,2,hard,16,1
21,2,hard,17,1
21,2,hard,18,0
21,2,hard,19,0
21,2,hard,20,1
21,2,hard,21,0
21,2,hard,22,1
21,2,hard,23,1
21,2,hard,24,0
21,2,hard,25,0
21,2,hard,26,1
21,2,hard,27,1
21,2,hard,28,0
21,2,hard,29,0
21,2,hard,30,1
21,2,hard,31,0
21,2,hard,32,0
21,2,hard,33,1
21,2,hard,34,1
21,2,hard,35,1
21,2,hard,36,0
21,2,hard,37,1
21,2,hard,38,1
21,2,hard,39,0
21,2,hard,40,1
21,2,hard,41,0
21,2,hard,42,1
21,2,hard,43,1
21,2,hard,44,1
21,2,hard,45,0
21,2,hard,46,1
21,2,hard,47,0
21,2,hard,48,1
21,2,hard,49,1
21,2,hard,50,0
21,2,hard,51,1
21,2,hard,52,1
21,2,hard,53,0
21,2,hard,54,0
21,2,hard,55,0
21,2,hard,56,1
21,2,hard,57,0
21,2,hard,58,1
21,2,hard,59,0
21,2,hard,60,1
21,2,hard,61,0
21,2,hard,62,1
21,2,hard,63,0
21,2,hard,64,1
21,2,hard,65,0
21,2,hard,66,1
21,2,hard,67,1
21,2,hard,68,0
21,2,hard,69,0
21,2,hard,70,0
21,2,hard,71,1
21,2,hard,72,0
21,2,hard,73,0
21,2,hard,74,0
21,2,hard,75,1
21,2,hard,76,1
21,2,hard,77,1
21,2,hard,78,1
21,2,hard,79,1
21,2,hard,80,1
21,2,hard,81,0
21,2,hard,82,1
21,2,hard,83,0
21,2,hard,84,0
21,2,hard,85,1
21,2,hard,86,1
21,2,hard,87,1
21,2,hard,88,0
21,2,hard,89,1
21,2,hard,90,1
21,2,hard,91,0
21,2,hard,92,0
21,2,hard,93,1
21,2,hard,94,1
21,2,hard,95,1
21,2,hard,96,0
21,2,hard,97,1
21,2,hard,98,0
21,2,hard,99,0
21,2,hard,100,0
21,3,standard,1,1
21,3,standard,2,1
21,3,standard,3,1
21,3,standard,4,1
21,3,standard,5,0
21,3,standard,6,1
21,3,standard,7,1
21,3,standard,8,1
21,3,standard,9,0
21,3,standard,10,0
21,3,standard,11,0
21,3,standard,12,0
21,3,standard,13,1
21,3,standard,14,1
21,3,standard,15,1
21,3,standard,16,0
21,3,standard,17,1
21,3,standard,18,1
21,3,standard,19,0
21,3,standard,20,1
21,3,standard,21,0
21,3,standard,22,0
21,3,standard,23,1
21,3,standard,24,0
21,3,standard,25,1
21,3,standard,26,0
21,3,standard,27,1
21,3,standard,28,1
21,3,standard,29,0
21,3,standard,30,1
21,3,standard,31,1
21,3,standard,32,0
21,3,standard,33,1
21,3,standard,34,0
21,3,standard,35,1
21,3,standard,36,0
21,3,standard,37,0
21,3,standard,38,0
21,3,standard,39,0
21,3,standard,40,1
21,3,standard,41,0
21,3,standard,42,0
21,3,standard,43,1
21,3,standard,44,1
21,3,standard,45,0
21,3,standard,46,0
21,3,standard,47,1
21,3,standard,48,0
21,3,standard,49,0
21,3,standard,50,1
21,3,standard,51,0
21,3,standard,52,1
21,3,standard,53,0
21,3,standard,54,0
21,3,standard,55,1
21,3,standard,56,1
21,3,standard,57,0
21,3,standard,58,1
21,3,standard,59,0
21,3,standard,60,0
21,3,standard,61,0
21,3,standard,62,1
21,3,standard,63,0
21,3,standard,64,1
21,3,standard,65,1
21,3,standard,66,1
21,3,standard,67,0
21,3,standard,68,0
21,3,standard,69,1
21,3,standard,70,1
21,3,standard,71,0
21,3,standard,72,0
21,3,standard,73,1
21,3,standard,74,1
21,3,standard,75,1
21,3,standard,76,1
21,3,standard,77,1
21,3,standard,78,1
21,3,standard,79,1
21,3,standard,80,1
21,3,standard,81,1
21,3,standard,82,1
21,3,standard,83,1
21,3,standard,84,1
21,3,standard,85,0
21,3,standard,86,0
21,3,standard,87,1
21,3,standard,88,1
21,3,standard,89,1
21,3,standard,90,1
21,3,standard,91,1
21,3,standard,92,0
21,3,standard,93,1
21,3,standard,94,1
21,3,standard,95,0
21,3,standard,96,0
21,3,standard,97,0
21,3,standard,98,1
21,3,standard,99,0
21,3,standard,100,0
21,3,hard,1,1
21,3,hard,2,1
21,3,hard,3,1
21,3,hard,4,0
21,3,hard,5,1
21,3,hard,6,0
21,3,hard,7,0
21,3,hard,8,0
21,3,hard,9,0
21,3,hard,10,1
21,3,hard,11,1
21,3,hard,12,1
21,3,hard,13,1
21,3,hard,14,1
21,3,hard,15,0
21,3,hard,16,0
21,3,hard,17,1
21,3,hard,18,1
21,3,hard,19,1
21,3,hard,20,1
21,3,hard,21,0
21,3,hard,22,0
21,3,hard,23,0
21,3,hard,24,1
21,3,hard,25,1
21,3,hard,26,1
21,3,hard,27,1
21,3,hard,28,0
21,3,hard,29,1
21,3,hard,30,1
21,3,hard,31,1
21,3,hard,32,1
21,3,hard,33,1
21,3,hard,34,1
21,3,hard,35,0
21,3,hard,36,1
21,3,hard,37,0
21,3,hard,38,1
21,3,hard,39,0
21,3,hard,40,1
21,3,hard,41,1
21,3,hard,42,1
21,3,hard,43,1
21,3,hard,44,1
21,3,hard,45,1
21,3,hard,46,1
21,3,hard,47,0
21,3,hard,48,1
21,3,hard,49,1
21,3,hard,50,0
21,3,hard,51,0
21,3,hard,52,1
21,3,hard,53,1
21,3,hard,54,1
21,3,hard,55,1
21,3,hard,56,1
21,3,hard,57,1
21,3,hard,58,0
21,3,hard,59,1
21,3,hard,60,0
21,3,hard,61,1
21,3,hard,62,0
21,3,hard,63,1
21,3,hard,64,0
21,3,hard,65,0
21,3,hard,66,1
21,3,hard,67,0
21,3,hard,68,1
21,3,hard,69,0
21,3,hard,70,0
21,3,hard,71,0
21,3,hard,72,0
21,3,hard,73,0
21,3,hard,74,1
21,3,hard,75,0
21,3,hard,76,1
21,3,hard,77,1
21,3,hard,78,1
21,3,hard,79,0
21,3,hard,80,1
21,3,hard,81,0
21,3,hard,82,1
21,3,hard,83,0
21,3,hard,84,1
21,3,hard,85,1
21,3,hard,86,0
21,3,hard,87,1
21,3,hard,88,1
21,3,hard,89,0
21,3,hard,90,1
21,3,hard,91,1
21,3,hard,92,1
21,3,hard,93,0
21,3,hard,94,0
21,3,hard,95,1
21,3,hard,96,1
21,3,hard,97,0
21,3,hard,98,0
21,3,hard,99,0
21,3,hard,100,0
21,4,standard,1,1
21,4,standard,2,1
21,4,standard,3,1
21,4,standard,4,0
21,4,standard,5,0
21,4,standard,6,1
21,4,standard,7,0
21,4,standard,8,0
21,4,standard,9,1
21,4,standard,10,1
21,4,standard,11,1
21,4,standard,12,1
21,4,standard,13,1
21,4,standard,14,1
21,4,standard,15,1
21,4,standard,16,0
21,4,standard,17,1
21,4,standard,18,1
21,4,standard,19,0
21,4,standard,20,0
21,4,standard,21,1
21,4,standard,22,1
21,4,standard,23,0
21,4,standard,24,1
21,4,standard,25,1
21,4,standard,26,1
21,4,standard,27,1
21,4,standard,28,1
21,4,standard,29,0
21,4,standard,30,1
21,4,standard,31,1
21,4,standard,32,0
21,4,standard,33,1
21,4,standard,34,1
21,4,standard,35,1
21,4,standard,36,1
21,4,standard,37,0
21,4,standard,38,1
21,4,standard,39,1
21,4,standard,40,1
21,4,standard,41,1
21,4,standard,42,0
21,4,standard,43,1
21,4,standard,44,1
21,4,standard,45,1
21,4,standard,46,1
21,4,standard,47,0
21,4,standard,48,1
21,4,standard,49,1
21,4,standard,50,1
21,4,standard,51,1
21,4,standard,52,1
21,4,standard,53,1
21,4,standard,54,0
21,4,standard,55,1
21,4,standard,56,0
21,4,standard,57,0
21,4,standard,58,1
21,4,standard,59,1
21,4,standard,60,1
21,4,standard,61,1
21,4,standard,62,1
21,4,standard,63,0
21,4,standard,64,1
21,4,standard,65,0
21,4,standard,66,1
21,4,standard,67,0
21,4,standard,68,1
21,4,standard,69,1
21,4,standard,70,1
21,4,standard,71,0
21,4,standard,72,0
21,4,standard,73,1
21,4,standard,74,0
21,4,standard,75,1
21,4,standard,76,1
21,4,standard,77,1
21,4,standard,78,1
21,4,standard,79,1
21,4,standard,80,1
21,4,standard,81,1
21,4,standard,82,1
21,4,standard,83,1
21,4,standard,84,1
21,4,standard,85,1
21,4,standard,86,1
21,4,standard,87,1
21,4,standard,88,1
21,4,standard,89,1
21,4,standard,90,1
21,4,standard,91,1
21,4,standard,92,1
21,4,standard,93,1
21,4,standard,94,0
21,4,standard,95,1
21,4,standard,96,1
21,4,standard,97,1
21,4,standard,98,1
21,4,standard,99,1
21,4,standard,100,1
21,4,hard,1,1
21,4,hard,2,0
21,4,hard,3,0
21,4,hard,4,1
21,4,hard,5,1
21,4,hard,6,1
21,4,hard,7,1
21,4,hard,8,0
21,4,hard,9,1
21,4,hard,10,0
21,4,hard,11,0
21,4,hard,12,1
21,4,hard,13,1
21,4,hard,14,0
21,4,hard,15,1
21,4,hard,16,1
21,4,hard,17,0
21,4,hard,18,1
21,4,hard,19,0
21,4,hard,20,1
21,4,hard,21,0
21,4,hard,22,1
21,4,hard,23,1
21,4,hard,24,0
21,4,hard,25,1
21,4,hard,26,1
21,4,hard,27,0
21,4,hard,28,0
21,4,hard,29,1
21,4,hard,30,0
21,4,hard,31,0
21,4,hard,32,0
21,4,hard,33,1
21,4,hard,34,1
21,4,hard,35,0
21,4,hard,36,1
21,4,hard,37,1
21,4,hard,38,0
21,4,hard,39,0
21,4,hard,40,1
21,4,hard,41,1
21,4,hard,42,1
21,4,hard,43,0
21,4,hard,44,0
21,4,hard,45,1
21,4,hard,46,0
21,4,hard,47,1
21,4,hard,48,1
21,4,hard,49,0
21,4,hard,50,0
21,4,hard,51,0
21,4,hard,52,1
21,4,hard,53,0
21,4,hard,54,1
21,4,hard,55,0
21,4,hard,56,1
21,4,hard,57,1
21,4,hard,58,1
21,4,hard,59,0
21,4,hard,60,1
21,4,hard,61,1
21,4,hard,62,1
21,4,hard,63,1
21,4,hard,64,0
21,4,hard,65,0
21,4,hard,66,1
21,4,hard,67,0
21,4,hard,68,1
21,4,hard,69,0
21,4,hard,70,1
21,4,hard,71,1
21,4,hard,72,0
21,4,hard,73,0
21,4,hard,74,0
21,4,hard,75,1
21,4,hard,76,1
21,4,hard,77,1
21,4,hard,78,1
21,4,hard,79,1
21,4,hard,80,0
21,4,hard,81,1
21,4,hard,82,0
21,4,hard,83,1
21,4,hard,84,1
21,4,hard,85,1
21,4,hard,86,1
21,4,hard,87,0
21,4,hard,88,1
21,4,hard,89,1
21,4,hard,90,1
21,4,hard,91,1
21,4,hard,92,0
21,4,hard,93,1
21,4,hard,94,1
21,4,hard,95,1
21,4,hard,96,0
21,4,hard,97,1
21,4,hard,98,0
21,4,hard,99,0
21,4,hard,100,0
21,5,standard,1,1
21,5,standard,2,0
21,5,standard,3,1
21,5,standard,4,1
21,5,standard,5,1
21,5,standard,6,1
21,5,standard,7,1
21,5,standard,8,1
21,5,standard,9,1
21,5,standard,10,0
21,5,standard,11,0
21,5,standard,12,1
21,5,standard,13,1
21,5,standard,14,1
21,5,standard,15,1
21,5,standard,16,0
21,5,standard,17,0
21,5,standard,18,1
21,5,standard,19,1
21,5,standard,20,0
21,5,standard,21,0
21,5,standard,22,0
21,5,standard,23,0
21,5,standard,24,1
21,5,standard,25,1
21,5,standard,26,1
21,5,standard,27,0
21,5,standard,28,0
21,5,standard,29,1
21,5,standard,30,0
21,5,standard,31,1
21,5,standard,32,1
21,5,standard,33,1
21,5,standard,34,0
21,5,standard,35,0
21,5,standard,36,0
21,5,standard,37,1
21,5,standard,38,1
21,5,standard,39,1
21,5,standard,40,0
21,5,standard,41,1
21,5,standard,42,0
21,5,standard,43,1
21,5,standard,44,0
21,5,standard,45,1
21,5,standard,46,1
21,5,standard,47,0
21,5,standard,48,1
21,5,standard,49,0
21,5,standard,50,0
21,5,standard,51,1
21,5,standard,52,0
21,5,standard,53,1
21,5,standard,54,1
21,5,standard,55,1
21,5,standard,56,1
21,5,standard,57,1
21,5,standard,58,1
21,5,standard,59,0
21,5,standard,60,1
21,5,standard,61,1
21,5,standard,62,1
21,5,standard,63,1
21,5,standard,64,1
21,5,standard,65,1
21,5,standard,66,1
21,5,standard,67,1
21,5,standard,68,0
21,5,standard,69,1
21,5,standard,70,1
21,5,standard,71,1
21,5,standard,72,1
21,5,standard,73,1
21,5,standard,74,0
21,5,standard,75,1
21,5,standard,76,0
21,5,standard,77,0
21,5,standard,78,1
21,5,standard,79,1
21,5,standard,80,1
21,5,standard,81,1
21,5,standard,82,1
21,5,standard,83,1
21,5,standard,84,1
21,5,standard,85,1
21,5,standard,86,0
21,5,standard,87,1
21,5,standard,88,1
21,5,standard,89,1
21,5,standard,90,1
21,5,standard,91,0
21,5,standard,92,1
21,5,standard,93,1
21,5,standard,94,1
21,5,standard,95,1
21,5,standard,96,0
21,5,standard,97,1
21,5,standard,98,0
21,5,standard,99,1
21,5,standard,100,1
21,5,hard,1,1
21,5,hard,2,0
21,5,hard,3,0
21,5,hard,4,0
21,5,hard,5,1
21,5,hard,6,1
21,5,hard,7,0
21,5,hard,8,1
21,5,hard,9,1
21,5,hard,10,1
21,5,hard,11,0
21,5,hard,12,1
21,5,hard,13,1
21,5,hard,14,1
21,5,hard,15,1
21,5,hard,16,1
21,5,hard,17,0
21,5,hard,18,1
21,5,hard,19,0
21,5,hard,20,0
21,5,hard,21,1
21,5,hard,22,1
21,5,hard,23,1
21,5,hard,24,0
21,5,hard,25,1
21,5,hard,26,0
21,5,hard,27,1
21,5,hard,28,1
21,5,hard,29,0
21,5,hard,30,1
21,5,hard,31,1
21,5,hard,32,1
21,5,hard,33,1
21,5,hard,34,1
21,5,hard,35,0
21,5,hard,36,1
21,5,hard,37,0
21,5,hard,38,1
21,5,hard,39,1
21,5,hard,40,1
21,5,hard,41,0
21,5,hard,42,1
21,5,hard,43,1
21,5,hard,44,1
21,5,hard,45,0
21,5,hard,46,1
21,5,hard,47,1
21,5,hard,48,1
21,5,hard,49,0
21,5,hard,50,0
21,5,hard,51,0
21,5,hard,52,0
21,5,hard,53,1
21,5,hard,54,0
21,5,hard,55,1
21,5,hard,56,1
21,5,hard,57,1
21,5,hard,58,0
21,5,hard,59,1
21,5,hard,60,1
21,5,hard,61,1
21,5,hard,62,1
21,5,hard,63,1
21,5,hard,64,1
21,5,hard,65,1
21,5,hard,66,0
21,5,hard,67,1
21,5,hard,68,0
21,5,hard,69,0
21,5,hard,70,1
21,5,hard,71,1
21,5,hard,72,0
21,5,hard,73,0
21,5,hard,74,1
21,5,hard,75,1
21,5,hard,76,0
21,5,hard,77,0
21,5,hard,78,1
21,5,hard,79,1
21,5,hard,80,1
21,5,hard,81,1
21,5,hard,82,1
21,5,hard,83,1
21,5,hard,84,0
21,5,hard,85,1
21,5,hard,86,0
21,5,hard,87,1
21,5,hard,88,1
21,5,hard,89,0
21,5,hard,90,1
21,5,hard,91,0
21,5,hard,92,1
21,5,hard,93,1
21,5,hard,94,1
21,5,hard,95,1
21,5,hard,96,0
21,5,hard,97,1
21,5,hard,98,1
21,5,hard,99,1
21,5,hard,100,0
22,1,standard,1,1
22,1,standard,2,1
22,1,standard,3,1
22,1,standard,4,0
22,1,standard,5,0
22,1,standard,6,1
22,1,standard,7,0
22,1,standard,8,1
22,1,standard,9,1
22,1,standard,10,1
22,1,standard,11,0
22,1,standard,12,1
22,1,standard,13,0
22,1,standard,14,1
22,1,standard,15,1
22,1,standard,16,1
22,1,standard,17,1
22,1,standard,18,1
22,1,standard,19,1
22,1,standard,20,1
22,1,standard,21,1
22,1,standard,22,1
22,1,standard,23,0
22,1,standard,24,0
22,1,standard,25,1
22,1,standard,26,1
22,1,standard,27,1
22,1,standard,28,1
22,1,standard,29,0
22,1,standard,30,0
22,1,standard,31,0
22,1,standard,32,1
22,1,standard,33,1
22,1,standard,34,1
22,1,standard,35,1
22,1,standard,36,1
22,1,standard,37,0
22,1,standard,38,1
22,1,standard,39,0
22,1,standard,40,1
22,1,standard,41,1
22,1,standard,42,1
22,1,standard,43,1
22,1,standard,44,1
22,1,standard,45,1
22,1,standard,46,1
22,1,standard,47,1
22,1,standard,48,0
22,1,standard,49,1
22,1,standard,50,1
22,1,standard,51,1
22,1,standard,52,1
22,1,standard,53,0
22,1,standard,54,0
22,1,standard,55,1
22,1,standard,56,1
22,1,standard,57,1
22,1,standard,58,0
22,1,standard,59,0
22,1,standard,60,1
22,1,standard,61,1
22,1,standard,62,1
22,1,standard,63,0
22,1,standard,64,0
22,1,standard,65,1
22,1,standard,66,0
22,1,standard,67,1
22,1,standard,68,1
22,1,standard,69,0
22,1,standard,70,0
22,1,standard,71,0
22,1,standard,72,1
22,1,standard,73,1
22,1,standard,74,0
22,1,standard,75,1
22,1,standard,76,1
22,1,standard,77,1
22,1,standard,78,0
22,1,standard,79,0
22,1,standard,80,0
22,1,standard,81,1
22,1,standard,82,1
22,1,standard,83,1
22,1,standard,84,1
22,1,standard,85,1
22,1,standard,86,1
22,1,standard,87,0
22,1,standard,88,0
22,1,standard,89,1
22,1,standard,90,1
22,1,standard,91,1
22,1,standard,92,1
22,1,standard,93,0
22,1,standard,94,1
22,1,standard,95,0
22,1,standard,96,1
22,1,standard,97,1
22,1,standard,98,1
22,1,standard,99,1
22,1,standard,100,1
22,1,hard,1,0
22,1,hard,2,1
22,1,hard,3,1
22,1,hard,4,1
22,1,hard,5,0
22,1,hard,6,1
22,1,hard,7,0
22,1,hard,8,1
22,1,hard,9,0
22,1,hard,10,1
22,1,hard,11,1
22,1,hard,12,0
22,1,hard,13,0
22,1,hard,14,0
22,1,hard,15,1
22,1,hard,16,0
22,1,hard,17,0
22,1,hard,18,1
22,1,hard,19,1
22,1,hard,20,1
22,1,hard,21,0
22,1,hard,22,0
22,1,hard,23,0
22,1,hard,24,0
22,1,hard,25,1
22,1,hard,26,1
22,1,hard,27,0
22,1,hard,28,0
22,1,hard,29,1
22,1,hard,30,1
22,1,hard,31,1
22,1,hard,32,1
22,1,hard,33,1
22,1,hard,34,0
22,1,hard,35,0
22,1,hard,36,1
22,1,hard,37,1
22,1,hard,38,0
22,1,hard,39,0
22,1,hard,40,1
22,1,hard,41,1
22,1,hard,42,0
22,1,hard,43,1
22,1,hard,44,1
22,1,hard,45,1
22,1,hard,46,1
22,1,hard,47,0
22,1,hard,48,0
22,1,hard,49,1
22,1,hard,50,1
22,1,hard,51,0
22,1,hard,52,0
22,1,hard,53,1
22,1,hard,54,0
22,1,hard,55,1
22,1,hard,56,1
22,1,hard,57,0
22,1,hard,58,0
22,1,hard,59,0
22,1,hard,60,1
22,1,hard,61,0
22,1,hard,62,0
22,1,hard,63,0
22,1,hard,64,1
22,1,hard,65,0
22,1,hard,66,0
22,1,hard,67,0
22,1,hard,68,1
22,1,hard,69,1
22,1,hard,70,0
22,1,hard,71,1
22,1,hard,72,0
22,1,hard,73,0
22,1,hard,74,1
22,1,hard,75,1
22,1,hard,76,1
22,1,hard,77,0
22,1,hard,78,1
22,1,hard,79,1
22,1,hard,80,0
22,1,hard,81,1
22,1,hard,82,1
22,1,hard,83,1
22,1,hard,84,1
22,1,hard,85,0
22,1,hard,86,0
22,1,hard,87,1
22,1,hard,88,1
22,1,hard,89,0
22,1,hard,90,1
22,1,hard,91,1
22,1,hard,92,1
22,1,hard,93,1
22,1,hard,94,1
22,1,hard,95,1
22,1,hard,96,0
22,1,hard,97,1
22,1,hard,98,0
22,1,hard,99,1
22,1,hard,100,0
22,2,standard,1,1
22,2,standard,2,1
22,2,standard,3,1
22,2,standard,4,1
22,2,standard,5,1
22,2,standard,6,1
22,2,standard,7,1
22,2,standard,8,0
22,2,standard,9,1
22,2,standard,10,0
22,2,standard,11,1
22,2,standard,12,0
22,2,standard,13,1
22,2,standard,14,1
22,2,standard,15,1
22,2,standard,16,1
22,2,standard,17,0
22,2,standard,18,1
22,2,standard,19,1
22,2,standard,20,1
22,2,standard,21,1
22,2,standard,22,0
22,2,standard,23,1
22,2,standard,24,0
22,2,standard,25,1
22,2,standard,26,1
22,2,standard,27,0
22,2,standard,28,1
22,2,standard,29,0
22,2,standard,30,1
22,2,standard,31,1
22,2,standard,32,1
22,2,standard,33,1
22,2,standard,34,1
22,2,standard,35,1
22,2,standard,36,1
22,2,standard,37,1
22,2,standard,38,1
22,2,standard,39,0
22,2,standard,40,1
22,2,standard,41,1
22,2,standard,42,1
22,2,standard,43,1
22,2,standard,44,1
22,2,standard,45,1
22,2,standard,46,1
22,2,standard,47,1
22,2,standard,48,0
22,2,standard,49,1
22,2,standard,50,0
22,2,standard,51,1
22,2,standard,52,1
22,2,standard,53,1
22,2,standard,54,1
22,2,standard,55,1
22,2,standard,56,0
22,2,standard,57,1
22,2,standard,58,1
22,2,standard,59,1
22,2,standard,60,0
22,2,standard,61,0
22,2,standard,62,1
22,2,standard,63,1
22,2,standard,64,1
22,2,standard,65,1
22,2,standard,66,1
22,2,standard,67,0
22,2,standard,68,1
22,2,standard,69,1
22,2,standard,70,1
22,2,standard,71,1
22,2,standard,72,0
22,2,standard,73,1
22,2,standard,74,0
22,2,standard,75,1
22,2,standard,76,1
22,2,standard,77,1
22,2,standard,78,0
22,2,standard,79,1
22,2,standard,80,0
22,2,standard,81,1
22,2,standard,82,0
22,2,standard,83,0
22,2,standard,84,0
22,2,standard,85,0
22,2,standard,86,1
22,2,standard,87,1
22,2,standard,88,1
22,2,standard,89,0
22,2,standard,90,0
22,2,standard,91,1
22,2,standard,92,0
22,2,standard,93,1
22,2,standard,94,0
22,2,standard,95,1
22,2,standard,96,0
22,2,standard,97,1
22,2,standard,98,1
22,2,standard,99,1
22,2,standard,100,1
22,2,hard,1,1
22,2,hard,2,0
22,2,hard,3,0
22,2,hard,4,1
22,2,hard,5,1
22,2,hard,6,1
22,2,hard,7,0
22,2,hard,8,1
22,2,hard,9,0
22,2,hard,10,0
22,2,hard,11,0
22,2,hard,12,0
22,2,hard,13,1
22,2,hard,14,0
22,2,hard,15,1
22,2,hard,16,1
22,2,hard,17,1
22,2,hard,18,0
22,2,hard,19,0
22,2,hard,20,0
22,2,hard,21,0
22,2,hard,22,0
22,2,hard,23,1
22,2,hard,24,1
22,2,hard,25,1
22,2,hard,26,1
22,2,hard,27,0
22,2,hard,28,0
22,2,hard,29,1
22,2,hard,30,0
22,2,hard,31,0
22,2,hard,32,1
22,2,hard,33,1
22,2,hard,34,0
22,2,hard,35,1
22,2,hard,36,0
22,2,hard,37,1
22,2,hard,38,0
22,2,hard,39,0
22,2,hard,40,0
22,2,hard,41,1
22,2,hard,42,1
22,2,hard,43,1
22,2,hard,44,0
22,2,hard,45,0
22,2,hard,46,0
22,2,hard,47,1
22,2,hard,48,1
22,2,hard,49,1
22,2,hard,50,1
22,2,hard,51,1
22,2,hard,52,1
22,2,hard,53,1
22,2,hard,54,0
22,2,hard,55,1
22,2,hard,56,0
22,2,hard,57,1
22,2,hard,58,0
22,2,hard,59,0
22,2,hard,60,0
22,2,hard,61,1
22,2,hard,62,1
22,2,hard,63,0
22,2,hard,64,1
22,2,hard,65,1
22,2,hard,66,1
22,2,hard,67,1
22,2,hard,68,1
22,2,hard,69,1
22,2,hard,70,1
22,2,hard,71,0
22,2,hard,72,0
22,2,hard,73,0
22,2,hard,74,1
22,2,hard,75,1
22,2,hard,76,1
22,2,hard,77,1
22,2,hard,78,1
22,2,hard,79,0
22,2,hard,80,1
22,2,hard,81,1
22,2,hard,82,0
22,2,hard,83,1
22,2,hard,84,0
22,2,hard,85,0
22,2,hard,86,0
22,2,hard,87,0
22,2,hard,88,1
22,2,hard,89,0
22,2,hard,90,0
22,2,hard,91,1
22,2,hard,92,0
22,2,hard,93,0
22,2,hard,94,0
22,2,hard,95,0
22,2,hard,96,1
22,2,hard,97,0
22,2,hard,98,1
22,2,hard,99,1
22,2,hard,100,1
22,3,standard,1,1
22,3,standard,2,1
22,3,standard,3,1
22,3,standard,4,1
22,3,standard,5,1
22,3,standard,6,0
22,3,standard,7,0
22,3,standard,8,1
22,3,standard,9,0
22,3,standard,10,0
22,3,standard,11,0
22,3,standard,12,1
22,3,standard,13,0
22,3,standard,14,1
22,3,standard,15,1
22,3,standard,16,0
22,3,standard,17,0
22,3,standard,18,0
22,3,standard,19,1
22,3,standard,20,0
22,3,standard,21,1
22,3,standard,22,0
22,3,standard,23,1
22,3,standard,24,0
22,3,standard,25,1
22,3,standard,26,1
22,3,standard,27,0
22,3,standard,28,0
22,3,standard,29,0
22,3,standard,30,1
22,3,standard,31,1
22,3,standard,32,1
22,3,standard,33,1
22,3,standard,34,1
22,3,standard,35,0
22,3,standard,36,0
22,3,standard,37,0
22,3,standard,38,0
22,3,standard,39,0
22,3,standard,40,0
22,3,standard,41,1
22,3,standard,42,0
22,3,standard,43,1
22,3,standard,44,1
22,3,standard,45,1
22,3,standard,46,0
22,3,standard,47,0
22,3,standard,48,0
22,3,standard,49,1
22,3,standard,50,1
22,3,standard,51,0
22,3,standard,52,1
22,3,standard,53,0
22,3,standard,54,0
22,3,standard,55,0
22,3,standard,56,1
22,3,standard,57,0
22,3,standard,58,0
22,3,standard,59,0
22,3,standard,60,0
22,3,standard,61,1
22,3,standard,62,0
22,3,standard,63,0
22,3,standard,64,1
22,3,standard,65,0
22,3,standard,66,0
22,3,standard,67,0
22,3,standard,68,1
22,3,standard,69,1
22,3,standard,70,1
22,3,standard,71,1
22,3,standard,72,0
22,3,standard,73,0
22,3,standard,74,1
22,3,standard,75,0
22,3,standard,76,1
22,3,standard,77,0
22,3,standard,78,1
22,3,standard,79,1
22,3,standard,80,0
22,3,standard,81,0
22,3,standard,82,1
22,3,standard,83,0
22,3,standard,84,1
22,3,standard,85,1
22,3,standard,86,0
22,3,standard,87,0
22,3,standard,88,0
22,3,standard,89,0
22,3,standard,90,1
22,3,standard,91,1
22,3,standard,92,0
22,3,standard,93,1
22,3,standard,94,1
22,3,standard,95,1
22,3,standard,96,1
22,3,standard,97,0
22,3,standard,98,0
22,3,standard,99,1
22,3,standard,100,0
22,3,hard,1,1
22,3,hard,2,0
22,3,hard,3,0
22,3,hard,4,1
22,3,hard,5,1
22,3,hard,6,1
22,3,hard,7,0
22,3,hard,8,0
22,3,hard,9,1
22,3,hard,10,0
22,3,hard,11,1
22,3,hard,12,0
22,3,hard,13,1
22,3,hard,14,1
22,3,hard,15,1
22,3,hard,16,0
22,3,hard,17,1
22,3,hard,18,0
22,3,hard,19,0
22,3,hard,20,1
22,3,hard,21,0
22,3,hard,22,1
22,3,hard,23,1
22,3,hard,24,0
22,3,hard,25,1
22,3,hard,26,0
22,3,hard,27,1
22,3,hard,28,0
22,3,hard,29,0
22,3,hard,30,1
22,3,hard,31,1
22,3,hard,32,0
22,3,hard,33,1
22,3,hard,34,1
22,3,hard,35,0
22,3,hard,36,0
22,3,hard,37,1
22,3,hard,38,0
22,3,hard,39,1
22,3,hard,40,0
22,3,hard,41,0
22,3,hard,42,1
22,3,hard,43,0
22,3,hard,44,1
22,3,hard,45,1
22,3,hard,46,0
22,3,hard,47,1
22,3,hard,48,0
22,3,hard,49,1
22,3,hard,50,1
22,3,hard,51,1
22,3,hard,52,1
22,3,hard,53,1
22,3,hard,54,0
22,3,hard,55,0
22,3,hard,56,0
22,3,hard,57,1
22,3,hard,58,1
22,3,hard,59,0
22,3,hard,60,1
22,3,hard,61,0
22,3,hard,62,1
22,3,hard,63,0
22,3,hard,64,1
22,3,hard,65,0
22,3,hard,66,0
22,3,hard,67,1
22,3,hard,68,1
22,3,hard,69,1
22,3,hard,70,0
22,3,hard,71,1
22,3,hard,72,1
22,3,hard,73,1
22,3,hard,74,1
22,3,hard,75,0
22,3,hard,76,0
22,3,hard,77,1
22,3,hard,78,0
22,3,hard,79,0
22,3,hard,80,1
22,3,hard,81,0
22,3,hard,82,1
22,3,hard,83,0
22,3,hard,84,0
22,3,hard,85,0
22,3,hard,86,0
22,3,hard,87,0
22,3,hard,88,1
22,3,hard,89,0
22,3,hard,90,1
22,3,hard,91,1
22,3,hard,92,0
22,3,hard,93,1
22,3,hard,94,1
22,3,hard,95,0
22,3,hard,96,1
22,3,hard,97,0
22,3,hard,98,0
22,3,hard,99,0
22,3,hard,100,0
22,4,standard,1,0
22,4,standard,2,1
22,4,standard,3,0
22,4,standard,4,0
22,4,standard,5,0
22,4,standard,6,1
22,4,standard,7,0
22,4,standard,8,1
22,4,standard,9,0
22,4,standard,10,1
22,4,standard,11,0
22,4,standard,12,1
22,4,standard,13,1
22,4,standard,14,0
22,4,standard,15,1
22,4,standard,16,0
22,4,standard,17,0
22,4,standard,18,1
22,4,standard,19,1
22,4,standard,20,1
22,4,standard,21,0
22,4,standard,22,0
22,4,standard,23,0
22,4,standard,24,1
22,4,standard,25,1
22,4,standard,26,0
22,4,standard,27,1
22,4,standard,28,1
22,4,standard,29,1
22,4,standard,30,1
22,4,standard,31,1
22,4,standard,32,0
22,4,standard,33,1
22,4,standard,34,0
22,4,standard,35,0
22,4,standard,36,1
22,4,standard,37,1
22,4,standard,38,0
22,4,standard,39,1
22,4,standard,40,1
22,4,standard,41,0
22,4,standard,42,1
22,4,standard,43,0
22,4,standard,44,0
22,4,standard,45,1
22,4,standard,46,0
22,4,standard,47,1
22,4,standard,48,0
22,4,standard,49,0
22,4,standard,50,1
22,4,standard,51,0
22,4,standard,52,0
22,4,standard,53,1
22,4,standard,54,1
22,4,standard,55,1
22,4,standard,56,1
22,4,standard,57,0
22,4,standard,58,0
22,4,standard,59,1
22,4,standard,60,0
22,4,standard,61,1
22,4,standard,62,0
22,4,standard,63,0
22,4,standard,64,0
22,4,standard,65,1
22,4,standard,66,0
22,4,standard,67,1
22,4,standard,68,0
22,4,standard,69,1
22,4,standard,70,0
22,4,standard,71,0
22,4,standard,72,1
22,4,standard,73,0
22,4,standard,74,0
22,4,standard,75,1
22,4,standard,76,1
22,4,standard,77,1
22,4,standard,78,1
22,4,standard,79,1
22,4,standard,80,0
22,4,standard,81,1
22,4,standard,82,1
22,4,standard,83,1
22,4,standard,84,1
22,4,standard,85,0
22,4,standard,86,1
22,4,standard,87,0
22,4,standard,88,0
22,4,standard,89,0
22,4,standard,90,0
22,4,standard,91,1
22,4,standard,92,1
22,4,standard,93,0
22,4,standard,94,1
22,4,standard,95,0
22,4,standard,96,0
22,4,standard,97,1
22,4,standard,98,1
22,4,standard,99,1
22,4,standard,100,0
22,4,hard,1,1
22,4,hard,2,1
22,4,hard,3,0
22,4,hard,4,1
22,4,hard,5,1
22,4,hard,6,1
22,4,hard,7,0
22,4,hard,8,1
22,4,hard,9,0
22,4,hard,10,1
22,4,hard,11,1
22,4,hard,12,1
22,4,hard,13,1
22,4,hard,14,0
22,4,hard,15,1
22,4,hard,16,1
22,4,hard,17,0
22,4,hard,18,0
22,4,hard,19,1
22,4,hard,20,1
22,4,hard,21,1
22,4,hard,22,1
22,4,hard,23,0
22,4,hard,24,0
22,4,hard,25,1
22,4,hard,26,0
22,4,hard,27,0
22,4,hard,28,1
22,4,hard,29,0
22,4,hard,30,1
22,4,hard,31,0
22,4,hard,32,1
22,4,hard,33,0
22,4,hard,34,0
22,4,hard,35,1
22,4,hard,36,1
22,4,hard,37,1
22,4,hard,38,1
22,4,hard,39,1
22,4,hard,40,1
22,4,hard,41,0
22,4,hard,42,0
22,4,hard,43,1
22,4,hard,44,0
22,4,hard,45,0
22,4,hard,46,1
22,4,hard,47,1
22,4,hard,48,1
22,4,hard,49,1
22,4,hard,50,0
22,4,hard,51,1
22,4,hard,52,0
22,4,hard,53,1
22,4,hard,54,0
22,4,hard,55,0
22,4,hard,56,1
22,4,hard,57,1
22,4,hard,58,1
22,4,hard,59,1
22,4,hard,60,0
22,4,hard,61,0
22,4,hard,62,1
22,4,hard,63,1
22,4,hard,64,1
22,4,hard,65,1
22,4,hard,66,0
22,4,hard,67,1
22,4,hard,68,1
22,4,hard,69,0
22,4,hard,70,0
22,4,hard,71,1
22,4,hard,72,0
22,4,hard,73,1
22,4,hard,74,0
22,4,hard,75,1
22,4,hard,76,1
22,4,hard,77,1
22,4,hard,78,1
22,4,hard,79,1
22,4,hard,80,0
22,4,hard,81,1
22,4,hard,82,0
22,4,hard,83,1
22,4,hard,84,0
22,4,hard,85,0
22,4,hard,86,0
22,4,hard,87,1
22,4,hard,88,0
22,4,hard,89,1
22,4,hard,90,1
22,4,hard,91,0
22,4,hard,92,0
22,4,hard,93,1
22,4,hard,94,0
22,4,hard,95,1
22,4,hard,96,0
22,4,hard,97,0
22,4,hard,98,1
22,4,hard,99,0
22,4,hard,100,1
22,5,standard,1,0
22,5,standard,2,0
22,5,standard,3,0
22,5,standard,4,1
22,5,standard,5,1
22,5,standard,6,0
22,5,standard,7,1
22,5,standard,8,1
22,5,standard,9,1
22,5,standard,10,1
22,5,standard,11,0
22,5,standard,12,0
22,5,standard,13,0
22,5,standard,14,1
22,5,standard,15,0
22,5,standard,16,0
22,5,standard,17,1
22,5,standard,18,0
22,5,standard,19,1
22,5,standard,20,1
22,5,standard,21,0
22,5,standard,22,0
22,5,standard,23,1
22,5,standard,24,1
22,5,standard,25,1
22,5,standard,26,1
22,5,standard,27,0
22,5,standard,28,1
22,5,standard,29,1
22,5,standard,30,1
22,5,standard,31,1
22,5,standard,32,0
22,5,standard,33,0
22,5,standard,34,1
22,5,standard,35,0
22,5,standard,36,1
22,5,standard,37,1
22,5,standard,38,1
22,5,standard,39,0
22,5,standard,40,1
22,5,standard,41,0
22,5,standard,42,1
22,5,standard,43,1
22,5,standard,44,0
22,5,standard,45,0
22,5,standard,46,1
22,5,standard,47,0
22,5,standard,48,1
22,5,standard,49,1
22,5,standard,50,1
22,5,standard,51,0
22,5,standard,52,1
22,5,standard,53,1
22,5,standard,54,0
22,5,standard,55,1
22,5,standard,56,1
22,5,standard,57,1
22,5,standard,58,1
22,5,standard,59,1
22,5,standard,60,1
22,5,standard,61,0
22,5,standard,62,0
22,5,standard,63,1
22,5,standard,64,0
22,5,standard,65,0
22,5,standard,66,0
22,5,standard,67,1
22,5,standard,68,0
22,5,standard,69,0
22,5,standard,70,1
22,5,standard,71,1
22,5,standard,72,0
22,5,standard,73,0
22,5,standard,74,0
22,5,standard,75,0
22,5,standard,76,0
22,5,standard,77,1
22,5,standard,78,0
22,5,standard,79,0
22,5,standard,80,0
22,5,standard,81,1
22,5,standard,82,1
22,5,standard,83,1
22,5,standard,84,0
22,5,standard,85,1
22,5,standard,86,0
22,5,standard,87,1
22,5,standard,88,1
22,5,standard,89,1
22,5,standard,90,1
22,5,standard,91,1
22,5,standard,92,0
22,5,standard,93,1
22,5,standard,94,1
22,5,standard,95,1
22,5,standard,96,0
22,5,standard,97,0
22,5,standard,98,1
22,5,standard,99,1
22,5,standard,100,1
22,5,hard,1,0
22,5,hard,2,1
22,5,hard,3,1
22,5,hard,4,1
22,5,hard,5,1
22,5,hard,6,0
22,5,hard,7,1
22,5,hard,8,1
22,5,hard,9,0
22,5,hard,10,1
22,5,hard,11,0
22,5,hard,12,1
22,5,hard,13,0
22,5,hard,14,1
22,5,hard,15,1
22,5,hard,16,1
22,5,hard,17,0
22,5,hard,18,1
22,5,hard,19,1
22,5,hard,20,0
22,5,hard,21,1
22,5,hard,22,1
22,5,hard,23,0
22,5,hard,24,1
22,5,hard,25,1
22,5,hard,26,1
22,5,hard,27,0
22,5,hard,28,0
22,5,hard,29,0
22,5,hard,30,0
22,5,hard,31,1
22,5,hard,32,1
22,5,hard,33,0
22,5,hard,34,0
22,5,hard,35,0
22,5,hard,36,1
22,5,hard,37,0
22,5,hard,38,0
22,5,hard,39,1
22,5,hard,40,1
22,5,hard,41,0
22,5,hard,42,0
22,5,hard,43,1
22,5,hard,44,0
22,5,hard,45,1
22,5,hard,46,0
22,5,hard,47,0
22,5,hard,48,1
22,5,hard,49,1
22,5,hard,50,1
22,5,hard,51,1
22,5,hard,52,0
22,5,hard,53,1
22,5,hard,54,1
22,5,hard,55,0
22,5,hard,56,1
22,5,hard,57,1
22,5,hard,58,1
22,5,hard,59,0
22,5,hard,60,0
22,5,hard,61,0
22,5,hard,62,1
22,5,hard,63,0
22,5,hard,64,1
22,5,hard,65,0
22,5,hard,66,0
22,5,hard,67,0
22,5,hard,68,1
22,5,hard,69,0
22,5,hard,70,1
22,5,hard,71,1
22,5,hard,72,1
22,5,hard,73,1
22,5,hard,74,0
22,5,hard,75,1
22,5,hard,76,1
22,5,hard,77,0
22,5,hard,78,0
22,5,hard,79,0
22,5,hard,80,0
22,5,hard,81,0
22,5,hard,82,1
22,5,hard,83,0
22,5,hard,84,0
22,5,hard,85,1
22,5,hard,86,1
22,5,hard,87,1
22,5,hard,88,0
22,5,hard,89,0
22,5,hard,90,0
22,5,hard,91,0
22,5,hard,92,1
22,5,hard,93,0
22,5,hard,94,1
22,5,hard,95,1
22,5,hard,96,1
22,5,hard,97,1
22,5,hard,98,0
22,5,hard,99,0
22,5,hard,100,0
23,1,standard,1,1
23,1,standard,2,1
23,1,standard,3,1
23,1,standard,4,0
23,1,standard,5,1
23,1,standard,6,1
23,1,standard,7,0
23,1,standard,8,0
23,1,standard,9,0
23,1,standard,10,1
23,1,standard,11,1
23,1,standard,12,0
23,1,standard,13,1
23,1,standard,14,0
23,1,standard,15,1
23,1,standard,16,1
23,1,standard,17,1
23,1,standard,18,1
23,1,standard,19,1
23,1,standard,20,0
23,1,standard,21,1
23,1,standard,22,0
23,1,standard,23,0
23,1,standard,24,1
23,1,standard,25,0
23,1,standard,26,1
23,1,standard,27,0
23,1,standard,28,1
23,1,standard,29,1
23,1,standard,30,1
23,1,standard,31,1
23,1,standard,32,1
23,1,standard,33,0
23,1,standard,34,0
23,1,standard,35,0
23,1,standard,36,0
23,1,standard,37,1
23,1,standard,38,0
23,1,standard,39,1
23,1,standard,40,1
23,1,standard,41,0
23,1,standard,42,1
23,1,standard,43,1
23,1,standard,44,0
23,1,standard,45,1
23,1,standard,46,1
23,1,standard,47,1
23,1,standard,48,1
23,1,standard,49,1
23,1,standard,50,1
23,1,standard,51,1
23,1,standard,52,0
23,1,standard,53,1
23,1,standard,54,1
23,1,standard,55,1
23,1,standard,56,0
23,1,standard,57,1
23,1,standard,58,1
23,1,standard,59,0
23,1,standard,60,0
23,1,standard,61,1
23,1,standard,62,0
23,1,standard,63,0
23,1,standard,64,1
23,1,standard,65,1
23,1,standard,66,1
23,1,standard,67,1
23,1,standard,68,0
23,1,standard,69,1
23,1,standard,70,1
23,1,standard,71,1
23,1,standard,72,1
23,1,standard,73,1
23,1,standard,74,1
23,1,standard,75,1
23,1,standard,76,0
23,1,standard,77,1
23,1,standard,78,1
23,1,standard,79,1
23,1,standard,80,1
23,1,standard,81,0
23,1,standard,82,0
23,1,standard,83,1
23,1,standard,84,1
23,1,standard,85,1
23,1,standard,86,0
23,1,standard,87,1
23,1,standard,88,1
23,1,standard,89,1
23,1,standard,90,1
23,1,standard,91,1
23,1,standard,92,1
23,1,standard,93,0
23,1,standard,94,0
23,1,standard,95,1
23,1,standard,96,0
23,1,standard,97,0
23,1,standard,98,1
23,1,standard,99,0
23,1,standard,100,1
23,1,hard,1,1
23,1,hard,2,1
23,1,hard,3,0
23,1,hard,4,1
23,1,hard,5,1
23,1,hard,6,0
23,1,hard,7,0
23,1,hard,8,1
23,1,hard,9,1
23,1,hard,10,0
23,1,hard,11,0
23,1,hard,12,0
23,1,hard,13,0
23,1,hard,14,1
23,1,hard,15,1
23,1,hard,16,1
23,1,hard,17,1
23,1,hard,18,0
23,1,hard,19,0
23,1,hard,20,0
23,1,hard,21,0
23,1,hard,22,0
23,1,hard,23,1
23,1,hard,24,1
23,1,hard,25,0
23,1,hard,26,0
23,1,hard,27,0
23,1,hard,28,0
23,1,hard,29,0
23,1,hard,30,1
23,1,hard,31,1
23,1,hard,32,1
23,1,hard,33,1
23,1,hard,34,1
23,1,hard,35,1
23,1,hard,36,1
23,1,hard,37,1
23,1,hard,38,0
23,1,hard,39,1
23,1,hard,40,1
23,1,hard,41,1
23,1,hard,42,0
23,1,hard,43,0
23,1,hard,44,1
23,1,hard,45,0
23,1,hard,46,1
23,1,hard,47,0
23,1,hard,48,1
23,1,hard,49,1
23,1,hard,50,1
23,1,hard,51,0
23,1,hard,52,0
23,1,hard,53,0
23,1,hard,54,1
23,1,hard,55,1
23,1,hard,56,0
23,1,hard,57,1
23,1,hard,58,1
23,1,hard,59,1
23,1,hard,60,0
23,1,hard,61,1
23,1,hard,62,0
23,1,hard,63,1
23,1,hard,64,1
23,1,hard,65,0
23,1,hard,66,0
23,1,hard,67,1
23,1,hard,68,1
23,1,hard,69,1
23,1,hard,70,1
23,1,hard,71,0
23,1,hard,72,0
23,1,hard,73,0
23,1,hard,74,1
23,1,hard,75,1
23,1,hard,76,0
23,1,hard,77,0
23,1,hard,78,0
23,1,hard,79,0
23,1,hard,80,1
23,1,hard,81,0
23,1,hard,82,1
23,1,hard,83,0
23,1,hard,84,0
23,1,hard,85,1
23,1,hard,86,1
23,1,hard,87,1
23,1,hard,88,1
23,1,hard,89,1
23,1,hard,90,1
23,1,hard,91,0
23,1,hard,92,0
23,1,hard,93,0
23,1,hard,94,0
23,1,hard,95,0
23,1,hard,96,0
23,1,hard,97,0
23,1,hard,98,0
23,1,hard,99,1
23,1,hard,100,1
23,2,standard,1,1
23,2,standard,2,1
23,2,standard,3,0
23,2,standard,4,1
23,2,standard,5,0
23,2,standard,6,0
23,2,standard,7,1
23,2,standard,8,1
23,2,standard,9,1
23,2,standard,10,1
23,2,standard,11,0
23,2,standard,12,0
23,2,standard,13,1
23,2,standard,14,1
23,2,standard,15,0
23,2,standard,16,0
23,2,standard,17,1
23,2,standard,18,0
23,2,standard,19,1
23,2,standard,20,1
23,2,standard,21,0
23,2,standard,22,1
23,2,standard,23,0
23,2,standard,24,1
23,2,standard,25,0
23,2,standard,26,0
23,2,standard,27,1
23,2,standard,28,0
23,2,standard,29,1
23,2,standard,30,0
23,2,standard,31,1
23,2,standard,32,1
23,2,standard,33,1
23,2,standard,34,0
23,2,standard,35,1
23,2,standard,36,1
23,2,standard,37,0
23,2,standard,38,0
23,2,standard,39,0
23,2,standard,40,1
23,2,standard,41,0
23,2,standard,42,1
23,2,standard,43,1
23,2,standard,44,1
23,2,standard,45,1
23,2,standard,46,1
23,2,standard,47,1
23,2,standard,48,0
23,2,standard,49,1
23,2,standard,50,0
23,2,standard,51,0
23,2,standard,52,0
23,2,standard,53,0
23,2,standard,54,1
23,2,standard,55,1
23,2,standard,56,0
23,2,standard,57,1
23,2,standard,58,1
23,2,standard,59,0
23,2,standard,60,1
23,2,standard,61,0
23,2,standard,62,1
23,2,standard,63,0
23,2,standard,64,0
23,2,standard,65,0
23,2,standard,66,1
23,2,standard,67,1
23,2,standard,68,1
23,2,standard,69,1
23,2,standard,70,1
23,2,standard,71,0
23,2,standard,72,1
23,2,standard,73,1
23,2,standard,74,1
23,2,standard,75,0
23,2,standard,76,0
23,2,standard,77,0
23,2,standard,78,1
23,2,standard,79,1
23,2,standard,80,0
23,2,standard,81,1
23,2,standard,82,1
23,2,standard,83,1
23,2,standard,84,1
23,2,standard,85,1
23,2,standard,86,0
23,2,standard,87,1
23,2,standard,88,1
23,2,standard,89,0
23,2,standard,90,1
23,2,standard,91,0
23,2,standard,92,0
23,2,standard,93,1
23,2,standard,94,1
23,2,standard,95,1
23,2,standard,96,1
23,2,standard,97,1
23,2,standard,98,0
23,2,standard,99,0
23,2,standard,100,1
23,2,hard,1,1
23,2,hard,2,1
23,2,hard,3,0
23,2,hard,4,1
23,2,hard,5,0
23,2,hard,6,1
23,2,hard,7,1
23,2,hard,8,0
23,2,hard,9,0
23,2,hard,10,1
23,2,hard,11,1
23,2,hard,12,0
23,2,hard,13,0
23,2,hard,14,0
23,2,hard,15,1
23,2,hard,16,0
23,2,hard,17,1
23,2,hard,18,1
23,2,hard,19,0
23,2,hard,20,0
23,2,hard,21,1
23,2,hard,22,1
23,2,hard,23,0
23,2,hard,24,1
23,2,hard,25,1
23,2,hard,26,0
23,2,hard,27,0
23,2,hard,28,0
23,2,hard,29,1
23,2,hard,30,1
23,2,hard,31,0
23,2,hard,32,0
23,2,hard,33,1
23,2,hard,34,1
23,2,hard,35,0
23,2,hard,36,1
23,2,hard,37,0
23,2,hard,38,1
23,2,hard,39,0
23,2,hard,40,1
23,2,hard,41,1
23,2,hard,42,1
23,2,hard,43,0
23,2,hard,44,0
23,2,hard,45,0
23,2,hard,46,0
23,2,hard,47,1
23,2,hard,48,1
23,2,hard,49,1
23,2,hard,50,1
23,2,hard,51,0
23,2,hard,52,0
23,2,hard,53,1
23,2,hard,54,1
23,2,hard,55,1
23,2,hard,56,0
23,2,hard,57,1
23,2,hard,58,0
23,2,hard,59,0
23,2,hard,60,0
23,2,hard,61,1
23,2,hard,62,0
23,2,hard,63,1
23,2,hard,64,0
23,2,hard,65,0
23,2,hard,66,1
23,2,hard,67,1
23,2,hard,68,0
23,2,hard,69,1
23,2,hard,70,1
23,2,hard,71,0
23,2,hard,72,1
23,2,hard,73,0
23,2,hard,74,0
23,2,hard,75,1
23,2,hard,76,1
23,2,hard,77,0
23,2,hard,78,1
23,2,hard,79,0
23,2,hard,80,0
23,2,hard,81,1
23,2,hard,82,1
23,2,hard,83,0
23,2,hard,84,1
23,2,hard,85,0
23,2,hard,86,1
23,2,hard,87,1
23,2,hard,88,1
23,2,hard,89,1
23,2,hard,90,0
23,2,hard,91,1
23,2,hard,92,0
23,2,hard,93,0
23,2,hard,94,0
23,2,hard,95,1
23,2,hard,96,0
23,2,hard,97,1
23,2,hard,98,0
23,2,hard,99,1
23,2,hard,100,0
23,3,standard,1,1
23,3,standard,2,1
23,3,standard,3,1
23,3,standard,4,1
23,3,standard,5,1
23,3,standard,6,1
23,3,standard,7,1
23,3,standard,8,1
23,3,standard,9,1
23,3,standard,10,1
23,3,standard,11,0
23,3,standard,12,1
23,3,standard,13,0
23,3,standard,14,1
23,3,standard,15,0
23,3,standard,16,1
23,3,standard,17,1
23,3,standard,18,0
23,3,standard,19,1
23,3,standard,20,0
23,3,standard,21,0
23,3,standard,22,0
23,3,standard,23,1
23,3,standard,24,1
23,3,standard,25,1
23,3,standard,26,0
23,3,standard,27,0
23,3,standard,28,0
23,3,standard,29,0
23,3,standard,30,0
23,3,standard,31,0
23,3,standard,32,0
23,3,standard,33,0
23,3,standard,34,1
23,3,standard,35,1
23,3,standard,36,1
23,3,standard,37,0
23,3,standard,38,0
23,3,standard,39,0
23,3,standard,40,0
23,3,standard,41,0
23,3,standard,42,1
23,3,standard,43,0
23,3,standard,44,0
23,3,standard,45,1
23,3,standard,46,1
23,3,standard,47,1
23,3,standard,48,1
23,3,standard,49,1
23,3,standard,50,0
23,3,standard,51,1
23,3,standard,52,0
23,3,standard,53,1
23,3,standard,54,1
23,3,standard,55,1
23,3,standard,56,1
23,3,standard,57,1
23,3,standard,58,1
23,3,standard,59,1
23,3,standard,60,0
23,3,standard,61,1
23,3,standard,62,1
23,3,standard,63,0
23,3,standard,64,1
23,3,standard,65,1
23,3,standard,66,0
23,3,standard,67,0
23,3,standard,68,1
23,3,standard,69,0
23,3,standard,70,1
23,3,standard,71,0
23,3,standard,72,1
23,3,standard,73,1
23,3,standard,74,0
23,3,standard,75,1
23,3,standard,76,0
23,3,standard,77,0
23,3,standard,78,1
23,3,standard,79,1
23,3,standard,80,1
23,3,standard,81,0
23,3,standard,82,0
23,3,standard,83,0
23,3,standard,84,1
23,3,standard,85,0
23,3,standard,86,1
23,3,standard,87,1
23,3,standard,88,1
23,3,standard,89,1
23,3,standard,90,0
23,3,standard,91,1
23,3,standard,92,1
23,3,standard,93,0
23,3,standard,94,1
23,3,standard,95,1
23,3,standard,96,0
23,3,standard,97,1
23,3,standard,98,1
23,3,standard,99,1
23,3,standard,100,0
23,3,hard,1,1
23,3,hard,2,0
23,3,hard,3,1
23,3,hard,4,0
23,3,hard,5,1
23,3,hard,6,0
23,3,hard,7,1
23,3,hard,8,0
23,3,hard,9,0
23,3,hard,10,1
23,3,hard,11,1
23,3,hard,12,0
23,3,hard,13,1
23,3,hard,14,1
23,3,hard,15,1
23,3,hard,16,0
23,3,hard,17,1
23,3,hard,18,0
23,3,hard,19,0
23,3,hard,20,1
23,3,hard,21,1
23,3,hard,22,0
23,3,hard,23,1
23,3,hard,24,1
23,3,hard,25,1
23,3,hard,26,0
23,3,hard,27,0
23,3,hard,28,1
23,3,hard,29,0
23,3,hard,30,0
23,3,hard,31,1
23,3,hard,32,1
23,3,hard,33,1
23,3,hard,34,1
23,3,hard,35,0
23,3,hard,36,1
23,3,hard,37,1
23,3,hard,38,1
23,3,hard,39,0
23,3,hard,40,0
23,3,hard,41,1
23,3,hard,42,1
23,3,hard,43,1
23,3,hard,44,0
23,3,hard,45,1
23,3,hard,46,1
23,3,hard,47,0
23,3,hard,48,1
23,3,hard,49,0
23,3,hard,50,0
23,3,hard,51,0
23,3,hard,52,1
23,3,hard,53,0
23,3,hard,54,1
23,3,hard,55,0
23,3,hard,56,1
23,3,hard,57,1
23,3,hard,58,1
23,3,hard,59,0
23,3,hard,60,0
23,3,hard,61,1
23,3,hard,62,0
23,3,hard,63,1
23,3,hard,64,0
23,3,hard,65,0
23,3,hard,66,0
23,3,hard,67,0
23,3,hard,68,1
23,3,hard,69,0
23,3,hard,70,1
23,3,hard,71,0
23,3,hard,72,0
23,3,hard,73,1
23,3,hard,74,1
23,3,hard,75,0
23,3,hard,76,0
23,3,hard,77,0
23,3,hard,78,1
23,3,hard,79,0
23,3,hard,80,1
23,3,hard,81,1
23,3,hard,82,0
23,3,hard,83,1
23,3,hard,84,1
23,3,hard,85,0
23,3,hard,86,0
23,3,hard,87,0
23,3,hard,88,0
23,3,hard,89,0
23,3,hard,90,0
23,3,hard,91,1
23,3,hard,92,0
23,3,hard,93,1
23,3,hard,94,0
23,3,hard,95,0
23,3,hard,96,1
23,3,hard,97,1
23,3,hard,98,0
23,3,hard,99,0
23,3,hard,100,0
23,4,standard,1,1
23,4,standard,2,1
23,4,standard,3,0
23,4,standard,4,0
23,4,standard,5,1
23,4,standard,6,1
23,4,standard,7,0
23,4,standard,8,1
23,4,standard,9,0
23,4,standard,10,0
23,4,standard,11,0
23,4,standard,12,1
23,4,standard,13,1
23,4,standard,14,0
23,4,standard,15,1
23,4,standard,16,1
23,4,standard,17,0
23,4,standard,18,0
23,4,standard,19,1
23,4,standard,20,0
23,4,standard,21,0
23,4,standard,22,0
23,4,standard,23,1
23,4,standard,24,0
23,4,standard,25,1
23,4,standard,26,1
23,4,standard,27,1
23,4,standard,28,1
23,4,standard,29,0
23,4,standard,30,0
23,4,standard,31,1
23,4,standard,32,1
23,4,standard,33,0
23,4,standard,34,0
23,4,standard,35,0
23,4,standard,36,1
23,4,standard,37,1
23,4,standard,38,1
23,4,standard,39,1
23,4,standard,40,0
23,4,standard,41,1
23,4,standard,42,1
23,4,standard,43,0
23,4,standard,44,0
23,4,standard,45,0
23,4,standard,46,0
23,4,standard,47,0
23,4,standard,48,0
23,4,standard,49,1
23,4,standard,50,1
23,4,standard,51,0
23,4,standard,52,0
23,4,standard,53,1
23,4,standard,54,0
23,4,standard,55,0
23,4,standard,56,0
23,4,standard,57,1
23,4,standard,58,1
23,4,standard,59,0
23,4,standard,60,0
23,4,standard,61,0
23,4,standard,62,0
23,4,standard,63,1
23,4,standard,64,1
23,4,standard,65,1
23,4,standard,66,0
23,4,standard,67,0
23,4,standard,68,0
23,4,standard,69,0
23,4,standard,70,1
23,4,standard,71,1
23,4,standard,72,1
23,4,standard,73,1
23,4,standard,74,1
23,4,standard,75,0
23,4,standard,76,1
23,4,standard,77,0
23,4,standard,78,1
23,4,standard,79,1
23,4,standard,80,1
23,4,standard,81,1
23,4,standard,82,0
23,4,standard,83,0
23,4,standard,84,0
23,4,standard,85,1
23,4,standard,86,0
23,4,standard,87,1
23,4,standard,88,1
23,4,standard,89,0
23,4,standard,90,0
23,4,standard,91,1
23,4,standard,92,1
23,4,standard,93,0
23,4,standard,94,1
23,4,standard,95,1
23,4,standard,96,0
23,4,standard,97,0
23,4,standard,98,0
23,4,standard,99,1
23,4,standard,100,1
23,4,hard,1,1
23,4,hard,2,0
23,4,hard,3,0
23,4,hard,4,0
23,4,hard,5,0
23,4,hard,6,1
23,4,hard,7,1
23,4,hard,8,1
23,4,hard,9,1
23,4,hard,10,1
23,4,hard,11,0
23,4,hard,12,1
23,4,hard,13,0
23,4,hard,14,1
23,4,hard,15,1
23,4,hard,16,0
23,4,hard,17,0
23,4,hard,18,1
23,4,hard,19,1
23,4,hard,20,1
23,4,hard,21,1
23,4,hard,22,0
23,4,hard,23,1
23,4,hard,24,1
23,4,hard,25,0
23,4,hard,26,1
23,4,hard,27,0
23,4,hard,28,0
23,4,hard,29,1
23,4,hard,30,0
23,4,hard,31,0
23,4,hard,32,0
23,4,hard,33,0
23,4,hard,34,0
23,4,hard,35,0
23,4,hard,36,0
23,4,hard,37,1
23,4,hard,38,1
23,4,hard,39,0
23,4,hard,40,0
23,4,hard,41,1
23,4,hard,42,0
23,4,hard,43,0
23,4,hard,44,1
23,4,hard,45,0
23,4,hard,46,1
23,4,hard,47,0
23,4,hard,48,0
23,4,hard,49,0
23,4,hard,50,1
23,4,hard,51,1
23,4,hard,52,1
23,4,hard,53,0
23,4,hard,54,1
23,4,hard,55,0
23,4,hard,56,1
23,4,hard,57,0
23,4,hard,58,1
23,4,hard,59,1
23,4,hard,60,1
23,4,hard,61,0
23,4,hard,62,0
23,4,hard,63,0
23,4,hard,64,0
23,4,hard,65,1
23,4,hard,66,0
23,4,hard,67,1
23,4,hard,68,1
23,4,hard,69,0
23,4,hard,70,1
23,4,hard,71,0
23,4,hard,72,0
23,4,hard,73,1
23,4,hard,74,1
23,4,hard,75,1
23,4,hard,76,0
23,4,hard,77,1
23,4,hard,78,1
23,4,hard,79,1
23,4,hard,80,0
23,4,hard,81,1
23,4,hard,82,1
23,4,hard,83,0
23,4,hard,84,1
23,4,hard,85,1
23,4,hard,86,0
23,4,hard,87,0
23,4,hard,88,0
23,4,hard,89,1
23,4,hard,90,1
23,4,hard,91,0
23,4,hard,92,1
23,4,hard,93,0
23,4,hard,94,0
23,4,hard,95,1
23,4,hard,96,1
23,4,hard,97,1
23,4,hard,98,1
23,4,hard,99,1
23,4,hard,100,1
23,5,standard,1,1
23,5,standard,2,1
23,5,standard,3,1
23,5,standard,4,0
23,5,standard,5,1
23,5,standard,6,1
23,5,standard,7,1
23,5,standard,8,1
23,5,standard,9,0
23,5,standard,10,1
23,5,standard,11,1
23,5,standard,12,1
23,5,standard,13,1
23,5,standard,14,0
23,5,standard,15,1
23,5,standard,16,1
23,5,standard,17,0
23,5,standard,18,1
23,5,standard,19,1
23,5,standard,20,1
23,5,standard,21,1
23,5,standard,22,0
23,5,standard,23,0
23,5,standard,24,1
23,5,standard,25,0
23,5,standard,26,1
23,5,standard,27,0
23,5,standard,28,0
23,5,standard,29,1
23,5,standard,30,1
23,5,standard,31,0
23,5,standard,32,1
23,5,standard,33,1
23,5,standard,34,1
23,5,standard,35,1
23,5,standard,36,1
23,5,standard,37,1
23,5,standard,38,1
23,5,standard,39,0
23,5,standard,40,0
23,5,standard,41,1
23,5,standard,42,0
23,5,standard,43,1
23,5,standard,44,1
23,5,standard,45,1
23,5,standard,46,1
23,5,standard,47,1
23,5,standard,48,1
23,5,standard,49,1
23,5,standard,50,1
23,5,standard,51,0
23,5,standard,52,1
23,5,standard,53,1
23,5,standard,54,1
23,5,standard,55,0
23,5,standard,56,1
23,5,standard,57,1
23,5,standard,58,1
23,5,standard,59,1
23,5,standard,60,1
23,5,standard,61,1
23,5,standard,62,1
23,5,standard,63,1
23,5,standard,64,0
23,5,standard,65,0
23,5,standard,66,1
23,5,standard,67,1
23,5,standard,68,0
23,5,standard,69,0
23,5,standard,70,1
23,5,standard,71,1
23,5,standard,72,1
23,5,standard,73,1
23,5,standard,74,1
23,5,standard,75,0
23,5,standard,76,1
23,5,standard,77,1
23,5,standard,78,1
23,5,standard,79,1
23,5,standard,80,1
23,5,standard,81,0
23,5,standard,82,1
23,5,standard,83,1
23,5,standard,84,0
23,5,standard,85,0
23,5,standard,86,1
23,5,standard,87,1
23,5,standard,88,1
23,5,standard,89,0
23,5,standard,90,1
23,5,standard,91,1
23,5,standard,92,1
23,5,standard,93,1
23,5,standard,94,1
23,5,standard,95,1
23,5,standard,96,1
23,5,standard,97,0
23,5,standard,98,1
23,5,standard,99,1
23,5,standard,100,1
23,5,hard,1,1
23,5,hard,2,0
23,5,hard,3,0
23,5,hard,4,0
23,5,hard,5,0
23,5,hard,6,1
23,5,hard,7,0
23,5,hard,8,0
23,5,hard,9,1
23,5,hard,10,0
23,5,hard,11,1
23,5,hard,12,1
23,5,hard,13,1
23,5,hard,14,1
23,5,hard,15,0
23,5,hard,16,0
23,5,hard,17,0
23,5,hard,18,1
23,5,hard,19,0
23,5,hard,20,0
23,5,hard,21,0
23,5,hard,22,1
23,5,hard,23,1
23,5,hard,24,1
23,5,hard,25,0
23,5,hard,26,1
23,5,hard,27,0
23,5,hard,28,1
23,5,hard,29,0
23,5,hard,30,1
23,5,hard,31,1
23,5,hard,32,0
23,5,hard,33,1
23,5,hard,34,1
23,5,hard,35,0
23,5,hard,36,1
23,5,hard,37,0
23,5,hard,38,1
23,5,hard,39,1
23,5,hard,40,0
23,5,hard,41,0
23,5,hard,42,0
23,5,hard,43,0
23,5,hard,44,0
23,5,hard,45,1
23,5,hard,46,0
23,5,hard,47,0
23,5,hard,48,0
23,5,hard,49,0
23,5,hard,50,0
23,5,hard,51,0
23,5,hard,52,1
23,5,hard,53,1
23,5,hard,54,0
23,5,hard,55,0
23,5,hard,56,0
23,5,hard,57,1
23,5,hard,58,0
23,5,hard,59,0
23,5,hard,60,1
23,5,hard,61,0
23,5,hard,62,1
23,5,hard,63,1
23,5,hard,64,0
23,5,hard,65,1
23,5,hard,66,1
23,5,hard,67,1
23,5,hard,68,0
23,5,hard,69,0
23,5,hard,70,0
23,5,hard,71,1
23,5,hard,72,1
23,5,hard,73,1
23,5,hard,74,0
23,5,hard,75,0
23,5,hard,76,0
23,5,hard,77,1
23,5,hard,78,1
23,5,hard,79,0
23,5,hard,80,0
23,5,hard,81,0
23,5,hard,82,0
23,5,hard,83,0
23,5,hard,84,0
23,5,hard,85,0
23,5,hard,86,0
23,5,hard,87,1
23,5,hard,88,0
23,5,hard,89,1
23,5,hard,90,1
23,5,hard,91,1
23,5,hard,92,1
23,5,hard,93,0
23,5,hard,94,0
23,5,hard,95,0
23,5,hard,96,1
23,5,hard,97,1
23,5,hard,98,0
23,5,hard,99,0
23,5,hard,100,1
24,1,standard,1,0
24,1,standard,2,1
24,1,standard,3,0
24,1,standard,4,0
24,1,standard,5,1
24,1,standard,6,0
24,1,standard,7,1
24,1,standard,8,0
24,1,standard,9,1
24,1,standard,10,0
24,1,standard,11,1
24,1,standard,12,1
24,1,standard,13,0
24,1,standard,14,0
24,1,standard,15,1
24,1,standard,16,0
24,1,standard,17,0
24,1,standard,18,0
24,1,standard,19,0
24,1,standard,20,0
24,1,standard,21,1
24,1,standard,22,0
24,1,standard,23,0
24,1,standard,24,0
24,1,standard,25,1
24,1,standard,26,0
24,1,standard,27,1
24,1,standard,28,0
24,1,standard,29,0
24,1,standard,30,0
24,1,standard,31,0
24,1,standard,32,1
24,1,standard,33,0
24,1,standard,34,0
24,1,standard,35,0
24,1,standard,36,1
24,1,standard,37,1
24,1,standard,38,0
24,1,standard,39,0
24,1,standard,40,1
24,1,standard,41,1
24,1,standard,42,0
24,1,standard,43,0
24,1,standard,44,0
24,1,standard,45,0
24,1,standard,46,0
24,1,standard,47,1
24,1,standard,48,1
24,1,standard,49,1
24,1,standard,50,0
24,1,standard,51,1
24,1,standard,52,0
24,1,standard,53,1
24,1,standard,54,0
24,1,standard,55,1
24,1,standard,56,1
24,1,standard,57,1
24,1,standard,58,0
24,1,standard,59,1
24,1,standard,60,1
24,1,standard,61,0
24,1,standard,62,1
24,1,standard,63,0
24,1,standard,64,0
24,1,standard,65,0
24,1,standard,66,0
24,1,standard,67,1
24,1,standard,68,0
24,1,standard,69,0
24,1,standard,70,1
24,1,standard,71,0
24,1,standard,72,0
24,1,standard,73,0
24,1,standard,74,0
24,1,standard,75,1
24,1,standard,76,0
24,1,standard,77,0
24,1,standard,78,0
24,1,standard,79,1
24,1,standard,80,1
24,1,standard,81,0
24,1,standard,82,1
24,1,standard,83,0
24,1,standard,84,0
24,1,standard,85,0
24,1,standard,86,0
24,1,standard,87,0
24,1,standard,88,1
24,1,standard,89,1
24,1,standard,90,0
24,1,standard,91,0
24,1,standard,92,1
24,1,standard,93,0
24,1,standard,94,0
24,1,standard,95,1
24,1,standard,96,0
24,1,standard,97,1
24,1,standard,98,0
24,1,standard,99,0
24,1,standard,100,1
24,1,hard,1,1
24,1,hard,2,1
24,1,hard,3,0
24,1,hard,4,0
24,1,hard,5,1
24,1,hard,6,1
24,1,hard,7,1
24,1,hard,8,1
24,1,hard,9,1
24,1,hard,10,0
24,1,hard,11,0
24,1,hard,12,0
24,1,hard,13,1
24,1,hard,14,1
24,1,hard,15,1
24,1,hard,16,0
24,1,hard,17,1
24,1,hard,18,1
24,1,hard,19,0
24,1,hard,20,1
24,1,hard,21,0
24,1,hard,22,1
24,1,hard,23,1
24,1,hard,24,1
24,1,hard,25,0
24,1,hard,26,0
24,1,hard,27,0
24,1,hard,28,0
24,1,hard,29,1
24,1,hard,30,1
24,1,hard,31,1
24,1,hard,32,1
24,1,hard,33,1
24,1,hard,34,0
24,1,hard,35,0
24,1,hard,36,1
24,1,hard,37,1
24,1,hard,38,1
24,1,hard,39,0
24,1,hard,40,0
24,1,hard,41,1
24,1,hard,42,0
24,1,hard,43,0
24,1,hard,44,1
24,1,hard,45,1
24,1,hard,46,0
24,1,hard,47,1
24,1,hard,48,1
24,1,hard,49,0
24,1,hard,50,0
24,1,hard,51,0
24,1,hard,52,0
24,1,hard,53,0
24,1,hard,54,0
24,1,hard,55,1
24,1,hard,56,1
24,1,hard,57,1
24,1,hard,58,0
24,1,hard,59,1
24,1,hard,60,0
24,1,hard,61,1
24,1,hard,62,0
24,1,hard,63,0
24,1,hard,64,0
24,1,hard,65,1
24,1,hard,66,1
24,1,hard,67,0
24,1,hard,68,0
24,1,hard,69,1
24,1,hard,70,1
24,1,hard,71,1
24,1,hard,72,0
24,1,hard,73,1
24,1,hard,74,1
24,1,hard,75,0
24,1,hard,76,1
24,1,hard,77,1
24,1,hard,78,1
24,1,hard,79,1
24,1,hard,80,0
24,1,hard,81,1
24,1,hard,82,1
24,1,hard,83,0
24,1,hard,84,1
24,1,hard,85,1
24,1,hard,86,0
24,1,hard,87,0
24,1,hard,88,1
24,1,hard,89,1
24,1,hard,90,1
24,1,hard,91,1
24,1,hard,92,0
24,1,hard,93,0
24,1,hard,94,0
24,1,hard,95,0
24,1,hard,96,1
24,1,hard,97,1
24,1,hard,98,0
24,1,hard,99,1
24,1,hard,100,1
24,2,standard,1,1
24,2,standard,2,1
24,2,standard,3,0
24,2,standard,4,0
24,2,standard,5,1
24,2,standard,6,0
24,2,standard,7,0
24,2,standard,8,0
24,2,standard,9,1
24,2,standard,10,1
24,2,standard,11,1
24,2,standard,12,1
24,2,standard,13,1
24,2,standard,14,1
24,2,standard,15,0
24,2,standard,16,1
24,2,standard,17,1
24,2,standard,18,0
24,2,standard,19,1
24,2,standard,20,1
24,2,standard,21,0
24,2,standard,22,1
24,2,standard,23,0
24,2,standard,24,0
24,2,standard,25,1
24,2,standard,26,1
24,2,standard,27,0
24,2,standard,28,1
24,2,standard,29,0
24,2,standard,30,1
24,2,standard,31,1
24,2,standard,32,0
24,2,standard,33,1
24,2,standard,34,0
24,2,standard,35,1
24,2,standard,36,0
24,2,standard,37,1
24,2,standard,38,1
24,2,standard,39,0
24,2,standard,40,0
24,2,standard,41,1
24,2,standard,42,1
24,2,standard,43,1
24,2,standard,44,1
24,2,standard,45,0
24,2,standard,46,0
24,2,standard,47,1
24,2,standard,48,0
24,2,standard,49,1
24,2,standard,50,0
24,2,standard,51,0
24,2,standard,52,0
24,2,standard,53,1
24,2,standard,54,1
24,2,standard,55,0
24,2,standard,56,0
24,2,standard,57,1
24,2,standard,58,0
24,2,standard,59,1
24,2,standard,60,1
24,2,standard,61,0
24,2,standard,62,1
24,2,standard,63,1
24,2,standard,64,1
24,2,standard,65,1
24,2,standard,66,1
24,2,standard,67,1
24,2,standard,68,0
24,2,standard,69,1
24,2,standard,70,1
24,2,standard,71,1
24,2,standard,72,1
24,2,standard,73,0
24,2,standard,74,0
24,2,standard,75,1
24,2,standard,76,1
24,2,standard,77,0
24,2,standard,78,0
24,2,standard,79,1
24,2,standard,80,0
24,2,standard,81,1
24,2,standard,82,0
24,2,standard,83,1
24,2,standard,84,1
24,2,standard,85,1
24,2,standard,86,0
24,2,standard,87,1
24,2,standard,88,1
24,2,standard,89,1
24,2,standard,90,0
24,2,standard,91,1
24,2,standard,92,1
24,2,standard,93,1
24,2,standard,94,1
24,2,standard,95,0
24,2,standard,96,0
24,2,standard,97,1
24,2,standard,98,0
24,2,standard,99,0
24,2,standard,100,1
24,2,hard,1,1
24,2,hard,2,0
24,2,hard,3,0
24,2,hard,4,0
24,2,hard,5,1
24,2,hard,6,0
24,2,hard,7,1
24,2,hard,8,0
24,2,hard,9,1
24,2,hard,10,0
24,2,hard,11,0
24,2,hard,12,0
24,2,hard,13,1
24,2,hard,14,0
24,2,hard,15,0
24,2,hard,16,0
24,2,hard,17,1
24,2,hard,18,0
24,2,hard,19,1
24,2,hard,20,0
24,2,hard,21,0
24,2,hard,22,0
24,2,hard,23,0
24,2,hard,24,0
24,2,hard,25,1
24,2,hard,26,1
24,2,hard,27,0
24,2,hard,28,0
24,2,hard,29,0
24,2,hard,30,0
24,2,hard,31,1
24,2,hard,32,0
24,2,hard,33,1
24,2,hard,34,1
24,2,hard,35,0
24,2,hard,36,0
24,2,hard,37,0
24,2,hard,38,1
24,2,hard,39,1
24,2,hard,40,0
24,2,hard,41,0
24,2,hard,42,0
24,2,hard,43,1
24,2,hard,44,0
24,2,hard,45,0
24,2,hard,46,1
24,2,hard,47,0
24,2,hard,48,1
24,2,hard,49,0
24,2,hard,50,0
24,2,hard,51,0
24,2,hard,52,1
24,2,hard,53,0
24,2,hard,54,0
24,2,hard,55,1
24,2,hard,56,1
24,2,hard,57,1
24,2,hard,58,0
24,2,hard,59,1
24,2,hard,60,1
24,2,hard,61,0
24,2,hard,62,1
24,2,hard,63,1
24,2,hard,64,1
24,2,hard,65,1
24,2,hard,66,1
24,2,hard,67,1
24,2,hard,68,0
24,2,hard,69,1
24,2,hard,70,1
24,2,hard,71,1
24,2,hard,72,0
24,2,hard,73,0
24,2,hard,74,0
24,2,hard,75,1
24,2,hard,76,0
24,2,hard,77,1
24,2,hard,78,1
24,2,hard,79,0
24,2,hard,80,0
24,2,hard,81,1
24,2,hard,82,0
24,2,hard,83,1
24,2,hard,84,1
24,2,hard,85,0
24,2,hard,86,0
24,2,hard,87,1
24,2,hard,88,0
24,2,hard,89,1
24,2,hard,90,1
24,2,hard,91,0
24,2,hard,92,0
24,2,hard,93,1
24,2,hard,94,0
24,2,hard,95,1
24,2,hard,96,1
24,2,hard,97,0
24,2,hard,98,0
24,2,hard,99,1
24,2,hard,100,0
24,3,standard,1,1
24,3,standard,2,1
24,3,standard,3,1
24,3,standard,4,1
24,3,standard,5,0
24,3,standard,6,1
24,3,standard,7,1
24,3,standard,8,0
24,3,standard,9,1
24,3,standard,10,1
24,3,standard,11,0
24,3,standard,12,1
24,3,standard,13,1
24,3,standard,14,1
24,3,standard,15,1
24,3,standard,16,1
24,3,standard,17,1
24,3,standard,18,1
24,3,standard,19,1
24,3,standard,20,1
24,3,standard,21,0
24,3,standard,22,1
24,3,standard,23,0
24,3,standard,24,1
24,3,standard,25,1
24,3,standard,26,0
24,3,standard,27,1
24,3,standard,28,1
24,3,standard,29,1
24,3,standard,30,1
24,3,standard,31,1
24,3,standard,32,0
24,3,standard,33,1
24,3,standard,34,1
24,3,standard,35,0
24,3,standard,36,1
24,3,standard,37,1
24,3,standard,38,1
24,3,standard,39,1
24,3,standard,40,1
24,3,standard,41,0
24,3,standard,42,0
24,3,standard,43,0
24,3,standard,44,1
24,3,standard,45,1
24,3,standard,46,1
24,3,standard,47,1
24,3,standard,48,1
24,3,standard,49,1
24,3,standard,50,1
24,3,standard,51,1
24,3,standard,52,0
24,3,standard,53,1
24,3,standard,54,0
24,3,standard,55,1
24,3,standard,56,1
24,3,standard,57,1
24,3,standard,58,1
24,3,standard,59,1
24,3,standard,60,0
24,3,standard,61,1
24,3,standard,62,0
24,3,standard,63,0
24,3,standard,64,1
24,3,standard,65,1
24,3,standard,66,1
24,3,standard,67,1
24,3,standard,68,1
24,3,standard,69,1
24,3,standard,70,0
24,3,standard,71,1
24,3,standard,72,1
24,3,standard,73,1
24,3,standard,74,0
24,3,standard,75,1
24,3,standard,76,1
24,3,standard,77,1
24,3,standard,78,1
24,3,standard,79,0
24,3,standard,80,1
24,3,standard,81,0
24,3,standard,82,1
24,3,standard,83,1
24,3,standard,84,0
24,3,standard,85,1
24,3,standard,86,0
24,3,standard,87,1
24,3,standard,88,1
24,3,standard,89,0
24,3,standard,90,1
24,3,standard,91,1
24,3,standard,92,1
24,3,standard,93,1
24,3,standard,94,1
24,3,standard,95,0
24,3,standard,96,1
24,3,standard,97,0
24,3,standard,98,1
24,3,standard,99,1
24,3,standard,100,1
24,3,hard,1,1
24,3,hard,2,1
24,3,hard,3,1
24,3,hard,4,0
24,3,hard,5,1
24,3,hard,6,1
24,3,hard,7,0
24,3,hard,8,0
24,3,hard,9,0
24,3,hard,10,1
24,3,hard,11,0
24,3,hard,12,0
24,3,hard,13,1
24,3,hard,14,1
24,3,hard,15,0
24,3,hard,16,0
24,3,hard,17,0
24,3,hard,18,0
24,3,hard,19,0
24,3,hard,20,1
24,3,hard,21,0
24,3,hard,22,0
24,3,hard,23,0
24,3,hard,24,1
24,3,hard,25,1
24,3,hard,26,0
24,3,hard,27,0
24,3,hard,28,0
24,3,hard,29,0
24,3,hard,30,0
24,3,hard,31,0
24,3,hard,32,0
24,3,hard,33,0
24,3,hard,34,0
24,3,hard,35,0
24,3,hard,36,1
24,3,hard,37,1
24,3,hard,38,1
24,3,hard,39,0
24,3,hard,40,0
24,3,hard,41,0
24,3,hard,42,0
24,3,hard,43,0
24,3,hard,44,1
24,3,hard,45,0
24,3,hard,46,1
24,3,hard,47,0
24,3,hard,48,0
24,3,hard,49,1
24,3,hard,50,0
24,3,hard,51,0
24,3,hard,52,1
24,3,hard,53,0
24,3,hard,54,0
24,3,hard,55,1
24,3,hard,56,0
24,3,hard,57,0
24,3,hard,58,1
24,3,hard,59,0
24,3,hard,60,1
24,3,hard,61,1
24,3,hard,62,0
24,3,hard,63,1
24,3,hard,64,0
24,3,hard,65,0
24,3,hard,66,0
24,3,hard,67,0
24,3,hard,68,0
24,3,hard,69,0
24,3,hard,70,1
24,3,hard,71,1
24,3,hard,72,1
24,3,hard,73,0
24,3,hard,74,0
24,3,hard,75,1
24,3,hard,76,1
24,3,hard,77,1
24,3,hard,78,1
24,3,hard,79,1
24,3,hard,80,1
24,3,hard,81,0
24,3,hard,82,1
24,3,hard,83,0
24,3,hard,84,1
24,3,hard,85,0
24,3,hard,86,1
24,3,hard,87,1
24,3,hard,88,0
24,3,hard,89,0
24,3,hard,90,0
24,3,hard,91,0
24,3,hard,92,0
24,3,hard,93,0
24,3,hard,94,0
24,3,hard,95,0
24,3,hard,96,0
24,3,hard,97,1
24,3,hard,98,1
24,3,hard,99,0
24,3,hard,100,0
24,4,standard,1,0
24,4,standard,2,1
24,4,standard,3,1
24,4,standard,4,0
24,4,standard,5,0
24,4,standard,6,1
24,4,standard,7,0
24,4,standard,8,1
24,4,standard,9,0
24,4,standard,10,0
24,4,standard,11,1
24,4,standard,12,1
24,4,standard,13,1
24,4,standard,14,1
24,4,standard,15,1
24,4,standard,16,1
24,4,standard,17,0
24,4,standard,18,0
24,4,standard,19,0
24,4,standard,20,0
24,4,standard,21,1
24,4,standard,22,0
24,4,standard,23,1
24,4,standard,24,1
24,4,standard,25,0
24,4,standard,26,1
24,4,standard,27,0
24,4,standard,28,1
24,4,standard,29,0
24,4,standard,30,0
24,4,standard,31,1
24,4,standard,32,1
24,4,standard,33,0
24,4,standard,34,0
24,4,standard,35,0
24,4,standard,36,0
24,4,standard,37,0
24,4,standard,38,0
24,4,standard,39,0
24,4,standard,40,0
24,4,standard,41,1
24,4,standard,42,1
24,4,standard,43,1
24,4,standard,44,1
24,4,standard,45,0
24,4,standard,46,0
24,4,standard,47,1
24,4,standard,48,1
24,4,standard,49,1
24,4,standard,50,0
24,4,standard,51,0
24,4,standard,52,1
24,4,standard,53,0
24,4,standard,54,1
24,4,standard,55,0
24,4,standard,56,1
24,4,standard,57,1
24,4,standard,58,1
24,4,standard,59,0
24,4,standard,60,1
24,4,standard,61,0
24,4,standard,62,1
24,4,standard,63,1
24,4,standard,64,0
24,4,standard,65,0
24,4,standard,66,0
24,4,standard,67,0
24,4,standard,68,1
24,4,standard,69,0
24,4,standard,70,0
24,4,standard,71,1
24,4,standard,72,0
24,4,standard,73,0
24,4,standard,74,1
24,4,standard,75,0
24,4,standard,76,1
24,4,standard,77,1
24,4,standard,78,0
24,4,standard,79,1
24,4,standard,80,1
24,4,standard,81,0
24,4,standard,82,1
24,4,standard,83,0
24,4,standard,84,1
24,4,standard,85,1
24,4,standard,86,0
24,4,standard,87,1
24,4,standard,88,1
24,4,standard,89,0
24,4,standard,90,1
24,4,standard,91,1
24,4,standard,92,0
24,4,standard,93,0
24,4,standard,94,0
24,4,standard,95,1
24,4,standard,96,0
24,4,standard,97,1
24,4,standard,98,1
24,4,standard,99,1
24,4,standard,100,1
24,4,hard,1,1
24,4,hard,2,0
24,4,hard,3,0
24,4,hard,4,1
24,4,hard,5,1
24,4,hard,6,1
24,4,hard,7,0
24,4,hard,8,1
24,4,hard,9,1
24,4,hard,10,1
24,4,hard,11,1
24,4,hard,12,1
24,4,hard,13,1
24,4,hard,14,1
24,4,hard,15,0
24,4,hard,16,1
24,4,hard,17,1
24,4,hard,18,0
24,4,hard,19,1
24,4,hard,20,1
24,4,hard,21,1
24,4,hard,22,0
24,4,hard,23,1
24,4,hard,24,1
24,4,hard,25,1
24,4,hard,26,1
24,4,hard,27,0
24,4,hard,28,1
24,4,hard,29,1
24,4,hard,30,0
24,4,hard,31,0
24,4,hard,32,1
24,4,hard,33,1
24,4,hard,34,1
24,4,hard,35,1
24,4,hard,36,1
24,4,hard,37,1
24,4,hard,38,0
24,4,hard,39,1
24,4,hard,40,0
24,4,hard,41,0
24,4,hard,42,1
24,4,hard,43,1
24,4,hard,44,0
24,4,hard,45,0
24,4,hard,46,0
24,4,hard,47,1
24,4,hard,48,1
24,4,hard,49,0
24,4,hard,50,1
24,4,hard,51,0
24,4,hard,52,0
24,4,hard,53,0
24,4,hard,54,1
24,4,hard,55,0
24,4,hard,56,1
24,4,hard,57,1
24,4,hard,58,0
24,4,hard,59,1
24,4,hard,60,0
24,4,hard,61,0
24,4,hard,62,1
24,4,hard,63,1
24,4,hard,64,1
24,4,hard,65,0
24,4,hard,66,0
24,4,hard,67,0
24,4,hard,68,1
24,4,hard,69,0
24,4,hard,70,1
24,4,hard,71,1
24,4,hard,72,0
24,4,hard,73,0
24,4,hard,74,0
24,4,hard,75,0
24,4,hard,76,1
24,4,hard,77,0
24,4,hard,78,0
24,4,hard,79,0
24,4,hard,80,0
24,4,hard,81,1
24,4,hard,82,0
24,4,hard,83,1
24,4,hard,84,0
24,4,hard,85,1
24,4,hard,86,1
24,4,hard,87,0
24,4,hard,88,1
24,4,hard,89,0
24,4,hard,90,0
24,4,hard,91,0
24,4,hard,92,1
24,4,hard,93,1
24,4,hard,94,1
24,4,hard,95,0
24,4,hard,96,1
24,4,hard,97,0
24,4,hard,98,1
24,4,hard,99,0
24,4,hard,100,1
24,5,standard,1,1
24,5,standard,2,1
24,5,standard,3,1
24,5,standard,4,1
24,5,standard,5,0
24,5,standard,6,0
24,5,standard,7,1
24,5,standard,8,1
24,5,standard,9,1
24,5,standard,10,1
24,5,standard,11,0
24,5,standard,12,0
24,5,standard,13,1
24,5,standard,14,1
24,5,standard,15,1
24,5,standard,16,1
24,5,standard,17,1
24,5,standard,18,1
24,5,standard,19,1
24,5,standard,20,1
24,5,standard,21,0
24,5,standard,22,0
24,5,standard,23,1
24,5,standard,24,1
24,5,standard,25,1
24,5,standard,26,1
24,5,standard,27,0
24,5,standard,28,1
24,5,standard,29,1
24,5,standard,30,0
24,5,standard,31,1
24,5,standard,32,1
24,5,standard,33,1
24,5,standard,34,1
24,5,standard,35,1
24,5,standard,36,0
24,5,standard,37,1
24,5,standard,38,1
24,5,standard,39,1
24,5,standard,40,1
24,5,standard,41,1
24,5,standard,42,0
24,5,standard,43,1
24,5,standard,44,1
24,5,standard,45,1
24,5,standard,46,1
24,5,standard,47,0
24,5,standard,48,1
24,5,standard,49,0
24,5,standard,50,1
24,5,standard,51,1
24,5,standard,52,1
24,5,standard,53,1
24,5,standard,54,0
24,5,standard,55,1
24,5,standard,56,1
24,5,standard,57,1
24,5,standard,58,1
24,5,standard,59,1
24,5,standard,60,0
24,5,standard,61,1
24,5,standard,62,0
24,5,standard,63,1
24,5,standard,64,0
24,5,standard,65,1
24,5,standard,66,1
24,5,standard,67,1
24,5,standard,68,0
24,5,standard,69,0
24,5,standard,70,1
24,5,standard,71,0
24,5,standard,72,1
24,5,standard,73,0
24,5,standard,74,1
24,5,standard,75,1
24,5,standard,76,1
24,5,standard,77,1
24,5,standard,78,0
24,5,standard,79,1
24,5,standard,80,1
24,5,standard,81,1
24,5,standard,82,1
24,5,standard,83,1
24,5,standard,84,0
24,5,standard,85,1
24,5,standard,86,1
24,5,standard,87,0
24,5,standard,88,1
24,5,standard,89,1
24,5,standard,90,1
24,5,standard,91,0
24,5,standard,92,1
24,5,standard,93,1
24,5,standard,94,1
24,5,standard,95,1
24,5,standard,96,0
24,5,standard,97,1
24,5,standard,98,1
24,5,standard,99,1
24,5,standard,100,1
24,5,hard,1,1
24,5,hard,2,0
24,5,hard,3,1
24,5,hard,4,0
24,5,hard,5,1
24,5,hard,6,0
24,5,hard,7,0
24,5,hard,8,0
24,5,hard,9,0
24,5,hard,10,0
24,5,hard,11,1
24,5,hard,12,1
24,5,hard,13,0
24,5,hard,14,0
24,5,hard,15,0
24,5,hard,16,0
24,5,hard,17,0
24,5,hard,18,1
24,5,hard,19,1
24,5,hard,20,1
24,5,hard,21,0
24,5,hard,22,1
24,5,hard,23,1
24,5,hard,24,0
24,5,hard,25,0
24,5,hard,26,1
24,5,hard,27,1
24,5,hard,28,0
24,5,hard,29,0
24,5,hard,30,1
24,5,hard,31,0
24,5,hard,32,1
24,5,hard,33,0
24,5,hard,34,0
24,5,hard,35,1
24,5,hard,36,1
24,5,hard,37,0
24,5,hard,38,1
24,5,hard,39,1
24,5,hard,40,1
24,5,hard,41,0
24,5,hard,42,1
24,5,hard,43,0
24,5,hard,44,1
24,5,hard,45,0
24,5,hard,46,0
24,5,hard,47,1
24,5,hard,48,1
24,5,hard,49,0
24,5,hard,50,0
24,5,hard,51,1
24,5,hard,52,0
24,5,hard,53,1
24,5,hard,54,1
24,5,hard,55,0
24,5,hard,56,1
24,5,hard,57,1
24,5,hard,58,0
24,5,hard,59,1
24,5,hard,60,0
24,5,hard,61,1
24,5,hard,62,1
24,5,hard,63,1
24,5,hard,64,1
24,5,hard,65,1
24,5,hard,66,1
24,5,hard,67,0
24,5,hard,68,1
24,5,hard,69,1
24,5,hard,70,1
24,5,hard,71,0
24,5,hard,72,1
24,5,hard,73,0
24,5,hard,74,1
24,5,hard,75,1
24,5,hard,76,1
24,5,hard,77,0
24,5,hard,78,1
24,5,hard,79,1
24,5,hard,80,0
24,5,hard,81,1
24,5,hard,82,1
24,5,hard,83,0
24,5,hard,84,1
24,5,hard,85,0
24,5,hard,86,0
24,5,hard,87,0
24,5,hard,88,1
24,5,hard,89,0
24,5,hard,90,1
24,5,hard,91,0
24,5,hard,92,1
24,5,hard,93,1
24,5,hard,94,0
24,5,hard,95,1
24,5,hard,96,0
24,5,hard,97,1
24,5,hard,98,1
24,5,hard,99,1
24,5,hard,100,1
25,1,standard,1,1
25,1,standard,2,1
25,1,standard,3,1
25,1,standard,4,1
25,1,standard,5,1
25,1,standard,6,1
25,1,standard,7,1
25,1,standard,8,1
25,1,standard,9,1
25,1,standard,10,1
25,1,standard,11,0
25,1,standard,12,1
25,1,standard,13,1
25,1,standard,14,1
25,1,standard,15,0
25,1,standard,16,0
25,1,standard,17,0
25,1,standard,18,1
25,1,standard,19,0
25,1,standard,20,0
25,1,standard,21,0
25,1,standard,22,0
25,1,standard,23,1
25,1,standard,24,1
25,1,standard,25,1
25,1,standard,26,1
25,1,standard,27,1
25,1,standard,28,0
25,1,standard,29,1
25,1,standard,30,1
25,1,standard,31,0
25,1,standard,32,1
25,1,standard,33,1
25,1,standard,34,0
25,1,standard,35,1
25,1,standard,36,1
25,1,standard,37,1
25,1,standard,38,0
25,1,standard,39,0
25,1,standard,40,1
25,1,standard,41,0
25,1,standard,42,1
25,1,standard,43,1
25,1,standard,44,0
25,1,standard,45,1
25,1,standard,46,1
25,1,standard,47,1
25,1,standard,48,1
25,1,standard,49,1
25,1,standard,50,1
25,1,standard,51,1
25,1,standard,52,1
25,1,standard,53,1
25,1,standard,54,1
25,1,standard,55,0
25,1,standard,56,0
25,1,standard,57,0
25,1,standard,58,1
25,1,standard,59,0
25,1,standard,60,0
25,1,standard,61,0
25,1,standard,62,0
25,1,standard,63,1
25,1,standard,64,1
25,1,standard,65,0
25,1,standard,66,1
25,1,standard,67,1
25,1,standard,68,0
25,1,standard,69,1
25,1,standard,70,1
25,1,standard,71,1
25,1,standard,72,0
25,1,standard,73,1
25,1,standard,74,1
25,1,standard,75,1
25,1,standard,76,0
25,1,standard,77,1
25,1,standard,78,0
25,1,standard,79,0
25,1,standard,80,0
25,1,standard,81,1
25,1,standard,82,1
25,1,standard,83,1
25,1,standard,84,0
25,1,standard,85,1
25,1,standard,86,0
25,1,standard,87,1
25,1,standard,88,1
25,1,standard,89,0
25,1,standard,90,0
25,1,standard,91,0
25,1,standard,92,0
25,1,standard,93,1
25,1,standard,94,1
25,1,standard,95,0
25,1,standard,96,0
25,1,standard,97,1
25,1,standard,98,1
25,1,standard,99,1
25,1,standard,100,1
25,1,hard,1,1
25,1,hard,2,1
25,1,hard,3,0
25,1,hard,4,1
25,1,hard,5,1
25,1,hard,6,1
25,1,hard,7,1
25,1,hard,8,1
25,1,hard,9,0
25,1,hard,10,0
25,1,hard,11,1
25,1,hard,12,1
25,1,hard,13,1
25,1,hard,14,1
25,1,hard,15,0
25,1,hard,16,1
25,1,hard,17,1
25,1,hard,18,0
25,1,hard,19,1
25,1,hard,20,1
25,1,hard,21,1
25,1,hard,22,0
25,1,hard,23,1
25,1,hard,24,0
25,1,hard,25,0
25,1,hard,26,0
25,1,hard,27,0
25,1,hard,28,0
25,1,hard,29,1
25,1,hard,30,0
25,1,hard,31,1
25,1,hard,32,0
25,1,hard,33,0
25,1,hard,34,1
25,1,hard,35,0
25,1,hard,36,1
25,1,hard,37,1
25,1,hard,38,1
25,1,hard,39,0
25,1,hard,40,1
25,1,hard,41,0
25,1,hard,42,1
25,1,hard,43,1
25,1,hard,44,0
25,1,hard,45,1
25,1,hard,46,1
25,1,hard,47,0
25,1,hard,48,1
25,1,hard,49,1
25,1,hard,50,1
25,1,hard,51,0
25,1,hard,52,0
25,1,hard,53,0
25,1,hard,54,1
25,1,hard,55,0
25,1,hard,56,0
25,1,hard,57,0
25,1,hard,58,0
25,1,hard,59,1
25,1,hard,60,0
25,1,hard,61,0
25,1,hard,62,1
25,1,hard,63,1
25,1,hard,64,1
25,1,hard,65,1
25,1,hard,66,0
25,1,hard,67,1
25,1,hard,68,1
25,1,hard,69,1
25,1,hard,70,1
25,1,hard,71,1
25,1,hard,72,1
25,1,hard,73,1
25,1,hard,74,0
25,1,hard,75,1
25,1,hard,76,1
25,1,hard,77,1
25,1,hard,78,1
25,1,hard,79,0
25,1,hard,80,1
25,1,hard,81,1
25,1,hard,82,1
25,1,hard,83,1
25,1,hard,84,1
25,1,hard,85,1
25,1,hard,86,1
25,1,hard,87,1
25,1,hard,88,1
25,1,hard,89,1
25,1,hard,90,0
25,1,hard,91,1
25,1,hard,92,0
25,1,hard,93,1
25,1,hard,94,1
25,1,hard,95,0
25,1,hard,96,0
25,1,hard,97,1
25,1,hard,98,1
25,1,hard,99,1
25,1,hard,100,1
25,2,standard,1,0
25,2,standard,2,0
25,2,standard,3,0
25,2,standard,4,1
25,2,standard,5,1
25,2,standard,6,1
25,2,standard,7,1
25,2,standard,8,1
25,2,standard,9,0
25,2,standard,10,1
25,2,standard,11,1
25,2,standard,12,1
25,2,standard,13,1
25,2,standard,14,1
25,2,standard,15,1
25,2,standard,16,1
25,2,standard,17,1
25,2,standard,18,1
25,2,standard,19,1
25,2,standard,20,0
25,2,standard,21,1
25,2,standard,22,1
25,2,standard,23,1
25,2,standard,24,1
25,2,standard,25,1
25,2,standard,26,1
25,2,standard,27,1
25,2,standard,28,1
25,2,standard,29,1
25,2,standard,30,0
25,2,standard,31,1
25,2,standard,32,1
25,2,standard,33,1
25,2,standard,34,1
25,2,standard,35,1
25,2,standard,36,1
25,2,standard,37,1
25,2,standard,38,1
25,2,standard,39,1
25,2,standard,40,1
25,2,standard,41,1
25,2,standard,42,0
25,2,standard,43,1
25,2,standard,44,1
25,2,standard,45,1
25,2,standard,46,1
25,2,standard,47,1
25,2,standard,48,1
25,2,standard,49,1
25,2,standard,50,0
25,2,standard,51,0
25,2,standard,52,1
25,2,standard,53,1
25,2,standard,54,1
25,2,standard,55,1
25,2,standard,56,0
25,2,standard,57,0
25,2,standard,58,0
25,2,standard,59,1
25,2,standard,60,1
25,2,standard,61,1
25,2,standard,62,1
25,2,standard,63,1
25,2,standard,64,0
25,2,standard,65,1
25,2,standard,66,1
25,2,standard,67,1
25,2,standard,68,0
25,2,standard,69,1
25,2,standard,70,1
25,2,standard,71,1
25,2,standard,72,1
25,2,standard,73,1
25,2,standard,74,1
25,2,standard,75,1
25,2,standard,76,1
25,2,standard,77,1
25,2,standard,78,0
25,2,standard,79,1
25,2,standard,80,1
25,2,standard,81,1
25,2,standard,82,1
25,2,standard,83,1
25,2,standard,84,1
25,2,standard,85,0
25,2,standard,86,1
25,2,standard,87,1
25,2,standard,88,1
25,2,standard,89,0
25,2,standard,90,1
25,2,standard,91,0
25,2,standard,92,1
25,2,standard,93,1
25,2,standard,94,0
25,2,standard,95,1
25,2,standard,96,0
25,2,standard,97,0
25,2,standard,98,1
25,2,standard,99,1
25,2,standard,100,1
25,2,hard,1,1
25,2,hard,2,1
25,2,hard,3,1
25,2,hard,4,0
25,2,hard,5,1
25,2,hard,6,1
25,2,hard,7,1
25,2,hard,8,0
25,2,hard,9,1
25,2,hard,10,1
25,2,hard,11,1
25,2,hard,12,1
25,2,hard,13,1
25,2,hard,14,0
25,2,hard,15,1
25,2,hard,16,1
25,2,hard,17,1
25,2,hard,18,1
25,2,hard,19,0
25,2,hard,20,1
25,2,hard,21,1
25,2,hard,22,1
25,2,hard,23,1
25,2,hard,24,0
25,2,hard,25,1
25,2,hard,26,1
25,2,hard,27,0
25,2,hard,28,1
25,2,hard,29,1
25,2,hard,30,1
25,2,hard,31,1
25,2,hard,32,1
25,2,hard,33,1
25,2,hard,34,0
25,2,hard,35,1
25,2,hard,36,1
25,2,hard,37,0
25,2,hard,38,1
25,2,hard,39,1
25,2,hard,40,1
25,2,hard,41,1
25,2,hard,42,1
25,2,hard,43,1
25,2,hard,44,1
25,2,hard,45,1
25,2,hard,46,0
25,2,hard,47,0
25,2,hard,48,1
25,2,hard,49,1
25,2,hard,50,1
25,2,hard,51,1
25,2,hard,52,0
25,2,hard,53,1
25,2,hard,54,0
25,2,hard,55,1
25,2,hard,56,0
25,2,hard,57,0
25,2,hard,58,1
25,2,hard,59,1
25,2,hard,60,1
25,2,hard,61,1
25,2,hard,62,0
25,2,hard,63,1
25,2,hard,64,1
25,2,hard,65,1
25,2,hard,66,1
25,2,hard,67,0
25,2,hard,68,1
25,2,hard,69,0
25,2,hard,70,1
25,2,hard,71,0
25,2,hard,72,1
25,2,hard,73,1
25,2,hard,74,0
25,2,hard,75,1
25,2,hard,76,1
25,2,hard,77,1
25,2,hard,78,1
25,2,hard,79,1
25,2,hard,80,1
25,2,hard,81,1
25,2,hard,82,0
25,2,hard,83,1
25,2,hard,84,0
25,2,hard,85,1
25,2,hard,86,1
25,2,hard,87,1
25,2,hard,88,1
25,2,hard,89,0
25,2,hard,90,1
25,2,hard,91,0
25,2,hard,92,0
25,2,hard,93,1
25,2,hard,94,0
25,2,hard,95,0
25,2,hard,96,1
25,2,hard,97,1
25,2,hard,98,1
25,2,hard,99,0
25,2,hard,100,0
25,3,standard,1,1
25,3,standard,2,0
25,3,standard,3,1
25,3,standard,4,1
25,3,standard,5,1
25,3,standard,6,1
25,3,standard,7,1
25,3,standard,8,1
25,3,standard,9,1
25,3,standard,10,0
25,3,standard,11,1
25,3,standard,12,1
25,3,standard,13,1
25,3,standard,14,0
25,3,standard,15,0
25,3,standard,16,0
25,3,standard,17,1
25,3,standard,18,0
25,3,standard,19,1
25,3,standard,20,1
25,3,standard,21,1
25,3,standard,22,1
25,3,standard,23,1
25,3,standard,24,1
25,3,standard,25,1
25,3,standard,26,1
25,3,standard,27,1
25,3,standard,28,0
25,3,standard,29,0
25,3,standard,30,1
25,3,standard,31,1
25,3,standard,32,1
25,3,standard,33,1
25,3,standard,34,1
25,3,standard,35,1
25,3,standard,36,1
25,3,standard,37,1
25,3,standard,38,1
25,3,standard,39,0
25,3,standard,40,1
25,3,standard,41,1
25,3,standard,42,1
25,3,standard,43,1
25,3,standard,44,1
25,3,standard,45,1
25,3,standard,46,1
25,3,standard,47,1
25,3,standard,48,1
25,3,standard,49,1
25,3,standard,50,0
25,3,standard,51,1
25,3,standard,52,1
25,3,standard,53,1
25,3,standard,54,0
25,3,standard,55,1
25,3,standard,56,1
25,3,standard,57,1
25,3,standard,58,1
25,3,standard,59,1
25,3,standard,60,1
25,3,standard,61,0
25,3,standard,62,1
25,3,standard,63,1
25,3,standard,64,1
25,3,standard,65,1
25,3,standard,66,1
25,3,standard,67,1
25,3,standard,68,1
25,3,standard,69,0
25,3,standard,70,1
25,3,standard,71,1
25,3,standard,72,1
25,3,standard,73,1
25,3,standard,74,0
25,3,standard,75,1
25,3,standard,76,1
25,3,standard,77,0
25,3,standard,78,1
25,3,standard,79,1
25,3,standard,80,1
25,3,standard,81,1
25,3,standard,82,0
25,3,standard,83,1
25,3,standard,84,0
25,3,standard,85,1
25,3,standard,86,0
25,3,standard,87,1
25,3,standard,88,1
25,3,standard,89,1
25,3,standard,90,1
25,3,standard,91,1
25,3,standard,92,1
25,3,standard,93,0
25,3,standard,94,1
25,3,standard,95,0
25,3,standard,96,1
25,3,standard,97,1
25,3,standard,98,0
25,3,standard,99,1
25,3,standard,100,1
25,3,hard,1,0
25,3,hard,2,0
25,3,hard,3,0
25,3,hard,4,1
25,3,hard,5,1
25,3,hard,6,1
25,3,hard,7,1
25,3,hard,8,1
25,3,hard,9,1
25,3,hard,10,0
25,3,hard,11,1
25,3,hard,12,1
25,3,hard,13,1
25,3,hard,14,1
25,3,hard,15,1
25,3,hard,16,0
25,3,hard,17,1
25,3,hard,18,1
25,3,hard,19,1
25,3,hard,20,1
25,3,hard,21,1
25,3,hard,22,1
25,3,hard,23,1
25,3,hard,24,1
25,3,hard,25,0
25,3,hard,26,0
25,3,hard,27,1
25,3,hard,28,0
25,3,hard,29,1
25,3,hard,30,0
25,3,hard,31,1
25,3,hard,32,0
25,3,hard,33,1
25,3,hard,34,1
25,3,hard,35,1
25,3,hard,36,0
25,3,hard,37,0
25,3,hard,38,1
25,3,hard,39,1
25,3,hard,40,1
25,3,hard,41,1
25,3,hard,42,1
25,3,hard,43,1
25,3,hard,44,1
25,3,hard,45,1
25,3,hard,46,1
25,3,hard,47,1
25,3,hard,48,0
25,3,hard,49,1
25,3,hard,50,1
25,3,hard,51,1
25,3,hard,52,0
25,3,hard,53,1
25,3,hard,54,1
25,3,hard,55,1
25,3,hard,56,0
25,3,hard,57,1
25,3,hard,58,0
25,3,hard,59,1
25,3,hard,60,1
25,3,hard,61,1
25,3,hard,62,0
25,3,hard,63,1
25,3,hard,64,1
25,3,hard,65,1
25,3,hard,66,1
25,3,hard,67,0
25,3,hard,68,1
25,3,hard,69,0
25,3,hard,70,0
25,3,hard,71,1
25,3,hard,72,1
25,3,hard,73,1
25,3,hard,74,1
25,3,hard,75,1
25,3,hard,76,1
25,3,hard,77,1
25,3,hard,78,1
25,3,hard,79,0
25,3,hard,80,1
25,3,hard,81,1
25,3,hard,82,1
25,3,hard,83,1
25,3,hard,84,1
25,3,hard,85,1
25,3,hard,86,1
25,3,hard,87,1
25,3,hard,88,1
25,3,hard,89,1
25,3,hard,90,1
25,3,hard,91,1
25,3,hard,92,0
25,3,hard,93,1
25,3,hard,94,1
25,3,hard,95,1
25,3,hard,96,1
25,3,hard,97,1
25,3,hard,98,1
25,3,hard,99,1
25,3,hard,100,1
25,4,standard,1,1
25,4,standard,2,1
25,4,standard,3,1
25,4,standard,4,0
25,4,standard,5,0
25,4,standard,6,1
25,4,standard,7,1
25,4,standard,8,1
25,4,standard,9,1
25,4,standard,10,1
25,4,standard,11,1
25,4,standard,12,1
25,4,standard,13,0
25,4,standard,14,1
25,4,standard,15,1
25,4,standard,16,1
25,4,standard,17,1
25,4,standard,18,0
25,4,standard,19,1
25,4,standard,20,1
25,4,standard,21,1
25,4,standard,22,1
25,4,standard,23,1
25,4,standard,24,0
25,4,standard,25,0
25,4,standard,26,0
25,4,standard,27,1
25,4,standard,28,1
25,4,standard,29,1
25,4,standard,30,1
25,4,standard,31,1
25,4,standard,32,1
25,4,standard,33,1
25,4,standard,34,0
25,4,standard,35,0
25,4,standard,36,0
25,4,standard,37,1
25,4,standard,38,1
25,4,standard,39,0
25,4,standard,40,1
25,4,standard,41,1
25,4,standard,42,0
25,4,standard,43,1
25,4,standard,44,0
25,4,standard,45,1
25,4,standard,46,1
25,4,standard,47,1
25,4,standard,48,1
25,4,standard,49,1
25,4,standard,50,0
25,4,standard,51,0
25,4,standard,52,1
25,4,standard,53,1
25,4,standard,54,1
25,4,standard,55,1
25,4,standard,56,1
25,4,standard,57,1
25,4,standard,58,0
25,4,standard,59,1
25,4,standard,60,1
25,4,standard,61,1
25,4,standard,62,0
25,4,standard,63,1
25,4,standard,64,0
25,4,standard,65,1
25,4,standard,66,1
25,4,standard,67,1
25,4,standard,68,1
25,4,standard,69,1
25,4,standard,70,1
25,4,standard,71,0
25,4,standard,72,1
25,4,standard,73,0
25,4,standard,74,0
25,4,standard,75,0
25,4,standard,76,0
25,4,standard,77,1
25,4,standard,78,0
25,4,standard,79,1
25,4,standard,80,1
25,4,standard,81,1
25,4,standard,82,1
25,4,standard,83,1
25,4,standard,84,1
25,4,standard,85,1
25,4,standard,86,1
25,4,standard,87,0
25,4,standard,88,1
25,4,standard,89,1
25,4,standard,90,1
25,4,standard,91,1
25,4,standard,92,1
25,4,standard,93,1
25,4,standard,94,1
25,4,standard,95,0
25,4,standard,96,1
25,4,standard,97,1
25,4,standard,98,1
25,4,standard,99,0
25,4,standard,100,1
25,4,hard,1,1
25,4,hard,2,0
25,4,hard,3,1
25,4,hard,4,0
25,4,hard,5,1
25,4,hard,6,0
25,4,hard,7,1
25,4,hard,8,1
25,4,hard,9,0
25,4,hard,10,0
25,4,hard,11,0
25,4,hard,12,0
25,4,hard,13,1
25,4,hard,14,1
25,4,hard,15,1
25,4,hard,16,1
25,4,hard,17,1
25,4,hard,18,0
25,4,hard,19,0
25,4,hard,20,0
25,4,hard,21,1
25,4,hard,22,1
25,4,hard,23,1
25,4,hard,24,1
25,4,hard,25,1
25,4,hard,26,1
25,4,hard,27,1
25,4,hard,28,1
25,4,hard,29,0
25,4,hard,30,0
25,4,hard,31,1
25,4,hard,32,1
25,4,hard,33,1
25,4,hard,34,0
25,4,hard,35,0
25,4,hard,36,0
25,4,hard,37,1
25,4,hard,38,1
25,4,hard,39,1
25,4,hard,40,0
25,4,hard,41,1
25,4,hard,42,1
25,4,hard,43,1
25,4,hard,44,1
25,4,hard,45,1
25,4,hard,46,0
25,4,hard,47,0
25,4,hard,48,1
25,4,hard,49,0
25,4,hard,50,0
25,4,hard,51,1
25,4,hard,52,1
25,4,hard,53,1
25,4,hard,54,0
25,4,hard,55,1
25,4,hard,56,1
25,4,hard,57,1
25,4,hard,58,1
25,4,hard,59,1
25,4,hard,60,1
25,4,hard,61,0
25,4,hard,62,1
25,4,hard,63,1
25,4,hard,64,1
25,4,hard,65,1
25,4,hard,66,1
25,4,hard,67,1
25,4,hard,68,1
25,4,hard,69,1
25,4,hard,70,1
25,4,hard,71,0
25,4,hard,72,1
25,4,hard,73,1
25,4,hard,74,0
25,4,hard,75,1
25,4,hard,76,1
25,4,hard,77,0
25,4,hard,78,1
25,4,hard,79,1
25,4,hard,80,1
25,4,hard,81,1
25,4,hard,82,0
25,4,hard,83,1
25,4,hard,84,0
25,4,hard,85,1
25,4,hard,86,0
25,4,hard,87,1
25,4,hard,88,1
25,4,hard,89,1
25,4,hard,90,0
25,4,hard,91,1
25,4,hard,92,1
25,4,hard,93,1
25,4,hard,94,1
25,4,hard,95,0
25,4,hard,96,1
25,4,hard,97,1
25,4,hard,98,1
25,4,hard,99,1
25,4,hard,100,0
25,5,standard,1,1
25,5,standard,2,1
25,5,standard,3,0
25,5,standard,4,1
25,5,standard,5,1
25,5,standard,6,0
25,5,standard,7,1
25,5,standard,8,1
25,5,standard,9,1
25,5,standard,10,1
25,5,standard,11,1
25,5,standard,12,1
25,5,standard,13,1
25,5,standard,14,0
25,5,standard,15,1
25,5,standard,16,1
25,5,standard,17,1
25,5,standard,18,1
25,5,standard,19,1
25,5,standard,20,1
25,5,standard,21,1
25,5,standard,22,0
25,5,standard,23,0
25,5,standard,24,1
25,5,standard,25,1
25,5,standard,26,1
25,5,standard,27,1
25,5,standard,28,1
25,5,standard,29,1
25,5,standard,30,1
25,5,standard,31,0
25,5,standard,32,1
25,5,standard,33,0
25,5,standard,34,0
25,5,standard,35,0
25,5,standard,36,0
25,5,standard,37,1
25,5,standard,38,1
25,5,standard,39,1
25,5,standard,40,1
25,5,standard,41,1
25,5,standard,42,1
25,5,standard,43,1
25,5,standard,44,1
25,5,standard,45,0
25,5,standard,46,1
25,5,standard,47,0
25,5,standard,48,1
25,5,standard,49,1
25,5,standard,50,1
25,5,standard,51,1
25,5,standard,52,1
25,5,standard,53,0
25,5,standard,54,0
25,5,standard,55,0
25,5,standard,56,0
25,5,standard,57,0
25,5,standard,58,1
25,5,standard,59,1
25,5,standard,60,0
25,5,standard,61,1
25,5,standard,62,1
25,5,standard,63,1
25,5,standard,64,0
25,5,standard,65,1
25,5,standard,66,1
25,5,standard,67,1
25,5,standard,68,1
25,5,standard,69,1
25,5,standard,70,1
25,5,standard,71,0
25,5,standard,72,1
25,5,standard,73,0
25,5,standard,74,0
25,5,standard,75,0
25,5,standard,76,1
25,5,standard,77,1
25,5,standard,78,1
25,5,standard,79,0
25,5,standard,80,0
25,5,standard,81,1
25,5,standard,82,1
25,5,standard,83,0
25,5,standard,84,0
25,5,standard,85,1
25,5,standard,86,1
25,5,standard,87,0
25,5,standard,88,1
25,5,standard,89,0
25,5,standard,90,1
25,5,standard,91,0
25,5,standard,92,0
25,5,standard,93,1
25,5,standard,94,1
25,5,standard,95,0
25,5,standard,96,0
25,5,standard,97,1
25,5,standard,98,1
25,5,standard,99,1
25,5,standard,100,1
25,5,hard,1,1
25,5,hard,2,0
25,5,hard,3,1
25,5,hard,4,1
25,5,hard,5,1
25,5,hard,6,0
25,5,hard,7,0
25,5,hard,8,1
25,5,hard,9,1
25,5,hard,10,1
25,5,hard,11,0
25,5,hard,12,0
25,5,hard,13,1
25,5,hard,14,0
25,5,hard,15,1
25,5,hard,16,0
25,5,hard,17,0
25,5,hard,18,0
25,5,hard,19,1
25,5,hard,20,1
25,5,hard,21,0
25,5,hard,22,1
25,5,hard,23,1
25,5,hard,24,1
25,5,hard,25,1
25,5,hard,26,1
25,5,hard,27,1
25,5,hard,28,0
25,5,hard,29,1
25,5,hard,30,0
25,5,hard,31,1
25,5,hard,32,1
25,5,hard,33,0
25,5,hard,34,0
25,5,hard,35,0
25,5,hard,36,0
25,5,hard,37,1
25,5,hard,38,0
25,5,hard,39,1
25,5,hard,40,1
25,5,hard,41,1
25,5,hard,42,0
25,5,hard,43,1
25,5,hard,44,1
25,5,hard,45,0
25,5,hard,46,1
25,5,hard,47,0
25,5,hard,48,1
25,5,hard,49,1
25,5,hard,50,1
25,5,hard,51,0
25,5,hard,52,0
25,5,hard,53,1
25,5,hard,54,0
25,5,hard,55,1
25,5,hard,56,1
25,5,hard,57,1
25,5,hard,58,1
25,5,hard,59,0
25,5,hard,60,1
25,5,hard,61,1
25,5,hard,62,1
25,5,hard,63,1
25,5,hard,64,1
25,5,hard,65,1
25,5,hard,66,1
25,5,hard,67,1
25,5,hard,68,1
25,5,hard,69,1
25,5,hard,70,1
25,5,hard,71,1
25,5,hard,72,1
25,5,hard,73,1
25,5,hard,74,1
25,5,hard,75,0
25,5,hard,76,1
25,5,hard,77,0
25,5,hard,78,1
25,5,hard,79,0
25,5,hard,80,0
25,5,hard,81,0
25,5,hard,82,1
25,5,hard,83,1
25,5,hard,84,1
25,5,hard,85,0
25,5,hard,86,1
25,5,hard,87,0
25,5,hard,88,1
25,5,hard,89,1
25,5,hard,90,1
25,5,hard,91,1
25,5,hard,92,1
25,5,hard,93,0
25,5,hard,94,1
25,5,hard,95,1
25,5,hard,96,0
25,5,hard,97,1
25,5,hard,98,1
25,5,hard,99,1
25,5,hard,100,1
26,1,standard,1,1
26,1,standard,2,0
26,1,standard,3,1
26,1,standard,4,1
26,1,standard,5,1
26,1,standard,6,1
26,1,standard,7,1
26,1,standard,8,0
26,1,standard,9,0
26,1,standard,10,1
26,1,standard,11,1
26,1,standard,12,0
26,1,standard,13,1
26,1,standard,14,1
26,1,standard,15,1
26,1,standard,16,1
26,1,standard,17,1
26,1,standard,18,1
26,1,standard,19,1
26,1,standard,20,0
26,1,standard,21,0
26,1,standard,22,1
26,1,standard,23,1
26,1,standard,24,1
26,1,standard,25,1
26,1,standard,26,0
26,1,standard,27,1
26,1,standard,28,1
26,1,standard,29,1
26,1,standard,30,1
26,1,standard,31,1
26,1,standard,32,1
26,1,standard,33,1
26,1,standard,34,1
26,1,standard,35,1
26,1,standard,36,1
26,1,standard,37,1
26,1,standard,38,1
26,1,standard,39,1
26,1,standard,40,1
26,1,standard,41,0
26,1,standard,42,1
26,1,standard,43,1
26,1,standard,44,0
26,1,standard,45,1
26,1,standard,46,1
26,1,standard,47,1
26,1,standard,48,1
26,1,standard,49,1
26,1,standard,50,1
26,1,standard,51,1
26,1,standard,52,0
26,1,standard,53,1
26,1,standard,54,1
26,1,standard,55,1
26,1,standard,56,1
26,1,standard,57,1
26,1,standard,58,1
26,1,standard,59,1
26,1,standard,60,1
26,1,standard,61,0
26,1,standard,62,1
26,1,standard,63,1
26,1,standard,64,1
26,1,standard,65,1
26,1,standard,66,1
26,1,standard,67,1
26,1,standard,68,0
26,1,standard,69,0
26,1,standard,70,0
26,1,standard,71,1
26,1,standard,72,0
26,1,standard,73,1
26,1,standard,74,1
26,1,standard,75,0
26,1,standard,76,1
26,1,standard,77,1
26,1,standard,78,1
26,1,standard,79,0
26,1,standard,80,1
26,1,standard,81,0
26,1,standard,82,1
26,1,standard,83,1
26,1,standard,84,1
26,1,standard,85,1
26,1,standard,86,1
26,1,standard,87,0
26,1,standard,88,0
26,1,standard,89,0
26,1,standard,90,1
26,1,standard,91,1
26,1,standard,92,1
26,1,standard,93,1
26,1,standard,94,1
26,1,standard,95,1
26,1,standard,96,1
26,1,standard,97,1
26,1,standard,98,1
26,1,standard,99,1
26,1,standard,100,1
26,1,hard,1,0
26,1,hard,2,1
26,1,hard,3,1
26,1,hard,4,0
26,1,hard,5,1
26,1,hard,6,0
26,1,hard,7,1
26,1,hard,8,1
26,1,hard,9,1
26,1,hard,10,1
26,1,hard,11,1
26,1,hard,12,1
26,1,hard,13,1
26,1,hard,14,1
26,1,hard,15,0
26,1,hard,16,1
26,1,hard,17,0
26,1,hard,18,0
26,1,hard,19,1
26,1,hard,20,0
26,1,hard,21,1
26,1,hard,22,1
26,1,hard,23,0
26,1,hard,24,1
26,1,hard,25,1
26,1,hard,26,1
26,1,hard,27,1
26,1,hard,28,1
26,1,hard,29,0
26,1,hard,30,1
26,1,hard,31,1
26,1,hard,32,0
26,1,hard,33,1
26,1,hard,34,1
26,1,hard,35,1
26,1,hard,36,1
26,1,hard,37,1
26,1,hard,38,0
26,1,hard,39,0
26,1,hard,40,1
26,1,hard,41,1
26,1,hard,42,0
26,1,hard,43,1
26,1,hard,44,0
26,1,hard,45,1
26,1,hard,46,1
26,1,hard,47,0
26,1,hard,48,1
26,1,hard,49,1
26,1,hard,50,1
26,1,hard,51,0
26,1,hard,52,1
26,1,hard,53,0
26,1,hard,54,1
26,1,hard,55,1
26,1,hard,56,1
26,1,hard,57,1
26,1,hard,58,1
26,1,hard,59,1
26,1,hard,60,1
26,1,hard,61,0
26,1,hard,62,1
26,1,hard,63,1
26,1,hard,64,1
26,1,hard,65,0
26,1,hard,66,0
26,1,hard,67,1
26,1,hard,68,1
26,1,hard,69,0
26,1,hard,70,1
26,1,hard,71,1
26,1,hard,72,1
26,1,hard,73,0
26,1,hard,74,0
26,1,hard,75,1
26,1,hard,76,1
26,1,hard,77,1
26,1,hard,78,1
26,1,hard,79,0
26,1,hard,80,1
26,1,hard,81,0
26,1,hard,82,0
26,1,hard,83,1
26,1,hard,84,1
26,1,hard,85,1
26,1,hard,86,1
26,1,hard,87,1
26,1,hard,88,0
26,1,hard,89,0
26,1,hard,90,1
26,1,hard,91,1
26,1,hard,92,0
26,1,hard,93,1
26,1,hard,94,1
26,1,hard,95,0
26,1,hard,96,1
26,1,hard,97,1
26,1,hard,98,1
26,1,hard,99,1
26,1,hard,100,0
26,2,standard,1,0
26,2,standard,2,1
26,2,standard,3,1
26,2,standard,4,1
26,2,standard,5,0
26,2,standard,6,1
26,2,standard,7,1
26,2,standard,8,1
26,2,standard,9,1
26,2,standard,10,0
26,2,standard,11,1
26,2,standard,12,1
26,2,standard,13,0
26,2,standard,14,1
26,2,standard,15,1
26,2,standard,16,0
26,2,standard,17,1
26,2,standard,18,1
26,2,standard,19,1
26,2,standard,20,0
26,2,standard,21,1
26,2,standard,22,1
26,2,standard,23,0
26,2,standard,24,1
26,2,standard,25,1
26,2,standard,26,1
26,2,standard,27,0
26,2,standard,28,0
26,2,standard,29,1
26,2,standard,30,1
26,2,standard,31,0
26,2,standard,32,0
26,2,standard,33,1
26,2,standard,34,1
26,2,standard,35,1
26,2,standard,36,1
26,2,standard,37,1
26,2,standard,38,1
26,2,standard,39,1
26,2,standard,40,1
26,2,standard,41,1
26,2,standard,42,1
26,2,standard,43,1
26,2,standard,44,1
26,2,standard,45,1
26,2,standard,46,1
26,2,standard,47,1
26,2,standard,48,1
26,2,standard,49,0
26,2,standard,50,1
26,2,standard,51,0
26,2,standard,52,1
26,2,standard,53,1
26,2,standard,54,1
26,2,standard,55,0
26,2,standard,56,1
26,2,standard,57,1
26,2,standard,58,1
26,2,standard,59,0
26,2,standard,60,1
26,2,standard,61,1
26,2,standard,62,1
26,2,standard,63,1
26,2,standard,64,1
26,2,standard,65,0
26,2,standard,66,1
26,2,standard,67,0
26,2,standard,68,1
26,2,standard,69,1
26,2,standard,70,1
26,2,standard,71,1
26,2,standard,72,1
26,2,standard,73,1
26,2,standard,74,1
26,2,standard,75,1
26,2,standard,76,1
26,2,standard,77,0
26,2,standard,78,1
26,2,standard,79,1
26,2,standard,80,1
26,2,standard,81,1
26,2,standard,82,1
26,2,standard,83,1
26,2,standard,84,1
26,2,standard,85,1
26,2,standard,86,0
26,2,standard,87,1
26,2,standard,88,1
26,2,standard,89,1
26,2,standard,90,1
26,2,standard,91,1
26,2,standard,92,1
26,2,standard,93,1
26,2,standard,94,0
26,2,standard,95,1
26,2,standard,96,1
26,2,standard,97,1
26,2,standard,98,0
26,2,standard,99,1
26,2,standard,100,1
26,2,hard,1,0
26,2,hard,2,0
26,2,hard,3,0
26,2,hard,4,1
26,2,hard,5,0
26,2,hard,6,1
26,2,hard,7,0
26,2,hard,8,1
26,2,hard,9,0
26,2,hard,10,1
26,2,hard,11,1
26,2,hard,12,1
26,2,hard,13,0
26,2,hard,14,1
26,2,hard,15,1
26,2,hard,16,0
26,2,hard,17,1
26,2,hard,18,0
26,2,hard,19,0
26,2,hard,20,1
26,2,hard,21,0
26,2,hard,22,1
26,2,hard,23,0
26,2,hard,24,1
26,2,hard,25,1
26,2,hard,26,1
26,2,hard,27,1
26,2,hard,28,0
26,2,hard,29,1
26,2,hard,30,0
26,2,hard,31,1
26,2,hard,32,0
26,2,hard,33,1
26,2,hard,34,1
26,2,hard,35,1
26,2,hard,36,0
26,2,hard,37,1
26,2,hard,38,1
26,2,hard,39,1
26,2,hard,40,0
26,2,hard,41,1
26,2,hard,42,1
26,2,hard,43,1
26,2,hard,44,1
26,2,hard,45,1
26,2,hard,46,0
26,2,hard,47,1
26,2,hard,48,1
26,2,hard,49,1
26,2,hard,50,0
26,2,hard,51,0
26,2,hard,52,1
26,2,hard,53,0
26,2,hard,54,0
26,2,hard,55,1
26,2,hard,56,1
26,2,hard,57,1
26,2,hard,58,0
26,2,hard,59,0
26,2,hard,60,1
26,2,hard,61,1
26,2,hard,62,0
26,2,hard,63,1
26,2,hard,64,0
26,2,hard,65,0
26,2,hard,66,1
26,2,hard,67,0
26,2,hard,68,0
26,2,hard,69,1
26,2,hard,70,0
26,2,hard,71,0
26,2,hard,72,1
26,2,hard,73,0
26,2,hard,74,0
26,2,hard,75,1
26,2,hard,76,1
26,2,hard,77,1
26,2,hard,78,1
26,2,hard,79,1
26,2,hard,80,1
26,2,hard,81,0
26,2,hard,82,1
26,2,hard,83,1
26,2,hard,84,1
26,2,hard,85,1
26,2,hard,86,1
26,2,hard,87,1
26,2,hard,88,1
26,2,hard,89,0
26,2,hard,90,0
26,2,hard,91,1
26,2,hard,92,0
26,2,hard,93,0
26,2,hard,94,0
26,2,hard,95,1
26,2,hard,96,1
26,2,hard,97,1
26,2,hard,98,1
26,2,hard,99,1
26,2,hard,100,0
26,3,standard,1,1
26,3,standard,2,0
26,3,standard,3,0
26,3,standard,4,1
26,3,standard,5,1
26,3,standard,6,1
26,3,standard,7,1
26,3,standard,8,1
26,3,standard,9,1
26,3,standard,10,1
26,3,standard,11,1
26,3,standard,12,0
26,3,standard,13,1
26,3,standard,14,1
26,3,standard,15,1
26,3,standard,16,0
26,3,standard,17,1
26,3,standard,18,1
26,3,standard,19,1
26,3,standard,20,1
26,3,standard,21,1
26,3,standard,22,1
26,3,standard,23,1
26,3,standard,24,1
26,3,standard,25,0
26,3,standard,26,1
26,3,standard,27,1
26,3,standard,28,0
26,3,standard,29,1
26,3,standard,30,1
26,3,standard,31,0
26,3,standard,32,1
26,3,standard,33,1
26,3,standard,34,1
26,3,standard,35,0
26,3,standard,36,1
26,3,standard,37,0
26,3,standard,38,1
26,3,standard,39,1
26,3,standard,40,0
26,3,standard,41,1
26,3,standard,42,1
26,3,standard,43,1
26,3,standard,44,1
26,3,standard,45,1
26,3,standard,46,1
26,3,standard,47,1
26,3,standard,48,1
26,3,standard,49,1
26,3,standard,50,1
26,3,standard,51,1
26,3,standard,52,1
26,3,standard,53,1
26,3,standard,54,0
26,3,standard,55,1
26,3,standard,56,1
26,3,standard,57,1
26,3,standard,58,1
26,3,standard,59,1
26,3,standard,60,1
26,3,standard,61,1
26,3,standard,62,1
26,3,standard,63,1
26,3,standard,64,0
26,3,standard,65,1
26,3,standard,66,1
26,3,standard,67,0
26,3,standard,68,1
26,3,standard,69,1
26,3,standard,70,0
26,3,standard,71,1
26,3,standard,72,1
26,3,standard,73,0
26,3,standard,74,0
26,3,standard,75,1
26,3,standard,76,1
26,3,standard,77,1
26,3,standard,78,1
26,3,standard,79,1
26,3,standard,80,0
26,3,standard,81,1
26,3,standard,82,1
26,3,standard,83,1
26,3,standard,84,1
26,3,standard,85,1
26,3,standard,86,1
26,3,standard,87,1
26,3,standard,88,1
26,3,standard,89,1
26,3,standard,90,1
26,3,standard,91,1
26,3,standard,92,1
26,3,standard,93,1
26,3,standard,94,0
26,3,standard,95,1
26,3,standard,96,1
26,3,standard,97,1
26,3,standard,98,0
26,3,standard,99,1
26,3,standard,100,1
26,3,hard,1,1
26,3,hard,2,0
26,3,hard,3,1
26,3,hard,4,0
26,3,hard,5,1
26,3,hard,6,1
26,3,hard,7,1
26,3,hard,8,1
26,3,hard,9,1
26,3,hard,10,0
26,3,hard,11,1
26,3,hard,12,0
26,3,hard,13,0
26,3,hard,14,1
26,3,hard,15,1
26,3,hard,16,1
26,3,hard,17,0
26,3,hard,18,1
26,3,hard,19,1
26,3,hard,20,1
26,3,hard,21,0
26,3,hard,22,1
26,3,hard,23,0
26,3,hard,24,1
26,3,hard,25,1
26,3,hard,26,1
26,3,hard,27,1
26,3,hard,28,1
26,3,hard,29,0
26,3,hard,30,1
26,3,hard,31,1
26,3,hard,32,1
26,3,hard,33,1
26,3,hard,34,1
26,3,hard,35,1
26,3,hard,36,1
26,3,hard,37,1
26,3,hard,38,0
26,3,hard,39,0
26,3,hard,40,1
26,3,hard,41,0
26,3,hard,42,1
26,3,hard,43,1
26,3,hard,44,1
26,3,hard,45,1
26,3,hard,46,0
26,3,hard,47,0
26,3,hard,48,0
26,3,hard,49,1
26,3,hard,50,1
26,3,hard,51,0
26,3,hard,52,0
26,3,hard,53,0
26,3,hard,54,0
26,3,hard,55,1
26,3,hard,56,0
26,3,hard,57,1
26,3,hard,58,0
26,3,hard,59,0
26,3,hard,60,1
26,3,hard,61,0
26,3,hard,62,1
26,3,hard,63,0
26,3,hard,64,0
26,3,hard,65,1
26,3,hard,66,1
26,3,hard,67,1
26,3,hard,68,1
26,3,hard,69,1
26,3,hard,70,0
26,3,hard,71,0
26,3,hard,72,1
26,3,hard,73,1
26,3,hard,74,1
26,3,hard,75,0
26,3,hard,76,1
26,3,hard,77,1
26,3,hard,78,1
26,3,hard,79,1
26,3,hard,80,0
26,3,hard,81,0
26,3,hard,82,0
26,3,hard,83,1
26,3,hard,84,1
26,3,hard,85,0
26,3,hard,86,1
26,3,hard,87,1
26,3,hard,88,1
26,3,hard,89,1
26,3,hard,90,1
26,3,hard,91,1
26,3,hard,92,0
26,3,hard,93,0
26,3,hard,94,1
26,3,hard,95,1
26,3,hard,96,0
26,3,hard,97,1
26,3,hard,98,1
26,3,hard,99,1
26,3,hard,100,0
26,4,standard,1,0
26,4,standard,2,0
26,4,standard,3,1
26,4,standard,4,1
26,4,standard,5,1
26,4,standard,6,1
26,4,standard,7,1
26,4,standard,8,1
26,4,standard,9,0
26,4,standard,10,0
26,4,standard,11,1
26,4,standard,12,1
26,4,standard,13,1
26,4,standard,14,1
26,4,standard,15,1
26,4,standard,16,1
26,4,standard,17,0
26,4,standard,18,0
26,4,standard,19,1
26,4,standard,20,1
26,4,standard,21,1
26,4,standard,22,0
26,4,standard,23,1
26,4,standard,24,0
26,4,standard,25,1
26,4,standard,26,1
26,4,standard,27,0
26,4,standard,28,0
26,4,standard,29,0
26,4,standard,30,0
26,4,standard,31,1
26,4,standard,32,1
26,4,standard,33,1
26,4,standard,34,0
26,4,standard,35,1
26,4,standard,36,0
26,4,standard,37,1
26,4,standard,38,1
26,4,standard,39,1
26,4,standard,40,0
26,4,standard,41,0
26,4,standard,42,0
26,4,standard,43,0
26,4,standard,44,1
26,4,standard,45,1
26,4,standard,46,1
26,4,standard,47,1
26,4,standard,48,0
26,4,standard,49,1
26,4,standard,50,0
26,4,standard,51,1
26,4,standard,52,1
26,4,standard,53,1
26,4,standard,54,1
26,4,standard,55,0
26,4,standard,56,1
26,4,standard,57,0
26,4,standard,58,1
26,4,standard,59,1
26,4,standard,60,1
26,4,standard,61,0
26,4,standard,62,1
26,4,standard,63,1
26,4,standard,64,1
26,4,standard,65,1
26,4,standard,66,0
26,4,standard,67,1
26,4,standard,68,1
26,4,standard,69,0
26,4,standard,70,0
26,4,standard,71,1
26,4,standard,72,1
26,4,standard,73,1
26,4,standard,74,1
26,4,standard,75,1
26,4,standard,76,1
26,4,standard,77,1
26,4,standard,78,0
26,4,standard,79,1
26,4,standard,80,0
26,4,standard,81,0
26,4,standard,82,1
26,4,standard,83,0
26,4,standard,84,0
26,4,standard,85,1
26,4,standard,86,1
26,4,standard,87,0
26,4,standard,88,1
26,4,standard,89,1
26,4,standard,90,0
26,4,standard,91,0
26,4,standard,92,0
26,4,standard,93,1
26,4,standard,94,1
26,4,standard,95,1
26,4,standard,96,1
26,4,standard,97,1
26,4,standard,98,0
26,4,standard,99,1
26,4,standard,100,0
26,4,hard,1,1
26,4,hard,2,1
26,4,hard,3,1
26,4,hard,4,0
26,4,hard,5,1
26,4,hard,6,1
26,4,hard,7,1
26,4,hard,8,0
26,4,hard,9,0
26,4,hard,10,1
26,4,hard,11,1
26,4,hard,12,0
26,4,hard,13,1
26,4,hard,14,1
26,4,hard,15,1
26,4,hard,16,0
26,4,hard,17,1
26,4,hard,18,0
26,4,hard,19,1
26,4,hard,20,0
26,4,hard,21,1
26,4,hard,22,1
26,4,hard,23,1
26,4,hard,24,0
26,4,hard,25,1
26,4,hard,26,0
26,4,hard,27,1
26,4,hard,28,1
26,4,hard,29,1
26,4,hard,30,1
26,4,hard,31,1
26,4,hard,32,1
26,4,hard,33,0
26,4,hard,34,0
26,4,hard,35,1
26,4,hard,36,0
26,4,hard,37,1
26,4,hard,38,0
26,4,hard,39,0
26,4,hard,40,1
26,4,hard,41,0
26,4,hard,42,0
26,4,hard,43,1
26,4,hard,44,1
26,4,hard,45,1
26,4,hard,46,1
26,4,hard,47,0
26,4,hard,48,1
26,4,hard,49,1
26,4,hard,50,1
26,4,hard,51,0
26,4,hard,52,1
26,4,hard,53,0
26,4,hard,54,0
26,4,hard,55,1
26,4,hard,56,1
26,4,hard,57,0
26,4,hard,58,0
26,4,hard,59,1
26,4,hard,60,1
26,4,hard,61,0
26,4,hard,62,0
26,4,hard,63,1
26,4,hard,64,1
26,4,hard,65,1
26,4,hard,66,1
26,4,hard,67,1
26,4,hard,68,0
26,4,hard,69,1
26,4,hard,70,0
26,4,hard,71,1
26,4,hard,72,1
26,4,hard,73,1
26,4,hard,74,1
26,4,hard,75,0
26,4,hard,76,1
26,4,hard,77,0
26,4,hard,78,1
26,4,hard,79,0
26,4,hard,80,1
26,4,hard,81,0
26,4,hard,82,1
26,4,hard,83,0
26,4,hard,84,0
26,4,hard,85,1
26,4,hard,86,1
26,4,hard,87,1
26,4,hard,88,1
26,4,hard,89,1
26,4,hard,90,0
26,4,hard,91,1
26,4,hard,92,1
26,4,hard,93,1
26,4,hard,94,0
26,4,hard,95,1
26,4,hard,96,1
26,4,hard,97,1
26,4,hard,98,1
26,4,hard,99,1
26,4,hard,100,1
26,5,standard,1,1
26,5,standard,2,1
26,5,standard,3,0
26,5,standard,4,1
26,5,standard,5,1
26,5,standard,6,1
26,5,standard,7,1
26,5,standard,8,1
26,5,standard,9,0
26,5,standard,10,1
26,5,standard,11,1
26,5,standard,12,1
26,5,standard,13,1
26,5,standard,14,1
26,5,standard,15,1
26,5,standard,16,1
26,5,standard,17,1
26,5,standard,18,1
26,5,standard,19,1
26,5,standard,20,0
26,5,standard,21,1
26,5,standard,22,0
26,5,standard,23,1
26,5,standard,24,1
26,5,standard,25,1
26,5,standard,26,1
26,5,standard,27,1
26,5,standard,28,0
26,5,standard,29,1
26,5,standard,30,0
26,5,standard,31,1
26,5,standard,32,1
26,5,standard,33,1
26,5,standard,34,0
26,5,standard,35,1
26,5,standard,36,1
26,5,standard,37,1
26,5,standard,38,1
26,5,standard,39,1
26,5,standard,40,0
26,5,standard,41,1
26,5,standard,42,1
26,5,standard,43,1
26,5,standard,44,0
26,5,standard,45,1
26,5,standard,46,1
26,5,standard,47,1
26,5,standard,48,1
26,5,standard,49,1
26,5,standard,50,1
26,5,standard,51,1
26,5,standard,52,0
26,5,standard,53,1
26,5,standard,54,0
26,5,standard,55,1
26,5,standard,56,1
26,5,standard,57,1
26,5,standard,58,1
26,5,standard,59,1
26,5,standard,60,1
26,5,standard,61,1
26,5,standard,62,1
26,5,standard,63,1
26,5,standard,64,1
26,5,standard,65,1
26,5,standard,66,1
26,5,standard,67,1
26,5,standard,68,1
26,5,standard,69,0
26,5,standard,70,1
26,5,standard,71,0
26,5,standard,72,0
26,5,standard,73,1
26,5,standard,74,1
26,5,standard,75,0
26,5,standard,76,1
26,5,standard,77,1
26,5,standard,78,1
26,5,standard,79,1
26,5,standard,80,1
26,5,standard,81,1
26,5,standard,82,1
26,5,standard,83,0
26,5,standard,84,1
26,5,standard,85,1
26,5,standard,86,1
26,5,standard,87,1
26,5,standard,88,1
26,5,standard,89,1
26,5,standard,90,0
26,5,standard,91,1
26,5,standard,92,1
26,5,standard,93,1
26,5,standard,94,1
26,5,standard,95,0
26,5,standard,96,1
26,5,standard,97,1
26,5,standard,98,0
26,5,standard,99,0
26,5,standard,100,1
26,5,hard,1,0
26,5,hard,2,0
26,5,hard,3,1
26,5,hard,4,0
26,5,hard,5,0
26,5,hard,6,1
26,5,hard,7,0
26,5,hard,8,1
26,5,hard,9,0
26,5,hard,10,1
26,5,hard,11,1
26,5,hard,12,0
26,5,hard,13,1
26,5,hard,14,0
26,5,hard,15,1
26,5,hard,16,1
26,5,hard,17,1
26,5,hard,18,0
26,5,hard,19,1
26,5,hard,20,0
26,5,hard,21,0
26,5,hard,22,0
26,5,hard,23,0
26,5,hard,24,1
26,5,hard,25,0
26,5,hard,26,0
26,5,hard,27,1
26,5,hard,28,1
26,5,hard,29,0
26,5,hard,30,0
26,5,hard,31,0
26,5,hard,32,1
26,5,hard,33,0
26,5,hard,34,1
26,5,hard,35,0
26,5,hard,36,1
26,5,hard,37,1
26,5,hard,38,1
26,5,hard,39,0
26,5,hard,40,1
26,5,hard,41,1
26,5,hard,42,0
26,5,hard,43,0
26,5,hard,44,1
26,5,hard,45,1
26,5,hard,46,1
26,5,hard,47,0
26,5,hard,48,1
26,5,hard,49,1
26,5,hard,50,0
26,5,hard,51,1
26,5,hard,52,1
26,5,hard,53,0
26,5,hard,54,0
26,5,hard,55,1
26,5,hard,56,0
26,5,hard,57,1
26,5,hard,58,0
26,5,hard,59,1
26,5,hard,60,0
26,5,hard,61,1
26,5,hard,62,0
26,5,hard,63,0
26,5,hard,64,0
26,5,hard,65,1
26,5,hard,66,1
26,5,hard,67,1
26,5,hard,68,0
26,5,hard,69,1
26,5,hard,70,1
26,5,hard,71,0
26,5,hard,72,0
26,5,hard,73,0
26,5,hard,74,1
26,5,hard,75,0
26,5,hard,76,0
26,5,hard,77,0
26,5,hard,78,1
26,5,hard,79,1
26,5,hard,80,1
26,5,hard,81,1
26,5,hard,82,1
26,5,hard,83,1
26,5,hard,84,1
26,5,hard,85,1
26,5,hard,86,0
26,5,hard,87,0
26,5,hard,88,1
26,5,hard,89,1
26,5,hard,90,0
26,5,hard,91,0
26,5,hard,92,1
26,5,hard,93,1
26,5,hard,94,1
26,5,hard,95,1
26,5,hard,96,0
26,5,hard,97,1
26,5,hard,98,1
26,5,hard,99,1
26,5,hard,100,0
27,1,standard,1,0
27,1,standard,2,1
27,1,standard,3,1
27,1,standard,4,1
27,1,standard,5,1
27,1,standard,6,0
27,1,standard,7,0
27,1,standard,8,1
27,1,standard,9,0
27,1,standard,10,0
27,1,standard,11,0
27,1,standard,12,1
27,1,standard,13,0
27,1,standard,14,0
27,1,standard,15,1
27,1,standard,16,0
27,1,standard,17,0
27,1,standard,18,0
27,1,standard,19,0
27,1,standard,20,1
27,1,standard,21,0
27,1,standard,22,0
27,1,standard,23,1
27,1,standard,24,0
27,1,standard,25,0
27,1,standard,26,0
27,1,standard,27,0
27,1,standard,28,1
27,1,standard,29,0
27,1,standard,30,1
27,1,standard,31,1
27,1,standard,32,1
27,1,standard,33,0
27,1,standard,34,0
27,1,standard,35,1
27,1,standard,36,1
27,1,standard,37,0
27,1,standard,38,0
27,1,standard,39,1
27,1,standard,40,0
27,1,standard,41,0
27,1,standard,42,1
27,1,standard,43,0
27,1,standard,44,0
27,1,standard,45,1
27,1,standard,46,0
27,1,standard,47,0
27,1,standard,48,1
27,1,standard,49,1
27,1,standard,50,0
27,1,standard,51,0
27,1,standard,52,0
27,1,standard,53,1
27,1,standard,54,1
27,1,standard,55,0
27,1,standard,56,0
27,1,standard,57,0
27,1,standard,58,1
27,1,standard,59,1
27,1,standard,60,1
27,1,standard,61,0
27,1,standard,62,0
27,1,standard,63,0
27,1,standard,64,0
27,1,standard,65,0
27,1,standard,66,0
27,1,standard,67,1
27,1,standard,68,0
27,1,standard,69,0
27,1,standard,70,1
27,1,standard,71,0
27,1,standard,72,0
27,1,standard,73,1
27,1,standard,74,0
27,1,standard,75,1
27,1,standard,76,1
27,1,standard,77,0
27,1,standard,78,0
27,1,standard,79,0
27,1,standard,80,0
27,1,standard,81,0
27,1,standard,82,0
27,1,standard,83,0
27,1,standard,84,0
27,1,standard,85,1
27,1,standard,86,0
27,1,standard,87,0
27,1,standard,88,0
27,1,standard,89,0
27,1,standard,90,1
27,1,standard,91,1
27,1,standard,92,0
27,1,standard,93,1
27,1,standard,94,1
27,1,standard,95,1
27,1,standard,96,1
27,1,standard,97,1
27,1,standard,98,0
27,1,standard,99,0
27,1,standard,100,1
27,1,hard,1,1
27,1,hard,2,0
27,1,hard,3,1
27,1,hard,4,0
27,1,hard,5,0
27,1,hard,6,1
27,1,hard,7,1
27,1,hard,8,0
27,1,hard,9,1
27,1,hard,10,0
27,1,hard,11,0
27,1,hard,12,1
27,1,hard,13,1
27,1,hard,14,1
27,1,hard,15,1
27,1,hard,16,0
27,1,hard,17,1
27,1,hard,18,0
27,1,hard,19,0
27,1,hard,20,0
27,1,hard,21,1
27,1,hard,22,0
27,1,hard,23,1
27,1,hard,24,1
27,1,hard,25,0
27,1,hard,26,0
27,1,hard,27,1
27,1,hard,28,1
27,1,hard,29,0
27,1,hard,30,0
27,1,hard,31,1
27,1,hard,32,0
27,1,hard,33,0
27,1,hard,34,0
27,1,hard,35,0
27,1,hard,36,0
27,1,hard,37,0
27,1,hard,38,0
27,1,hard,39,0
27,1,hard,40,0
27,1,hard,41,0
27,1,hard,42,0
27,1,hard,43,1
27,1,hard,44,1
27,1,hard,45,0
27,1,hard,46,0
27,1,hard,47,0
27,1,hard,48,1
27,1,hard,49,1
27,1,hard,50,0
27,1,hard,51,0
27,1,hard,52,0
27,1,hard,53,1
27,1,hard,54,1
27,1,hard,55,0
27,1,hard,56,1
27,1,hard,57,0
27,1,hard,58,1
27,1,hard,59,1
27,1,hard,60,1
27,1,hard,61,0
27,1,hard,62,1
27,1,hard,63,0
27,1,hard,64,0
27,1,hard,65,1
27,1,hard,66,1
27,1,hard,67,0
27,1,hard,68,0
27,1,hard,69,1
27,1,hard,70,0
27,1,hard,71,1
27,1,hard,72,1
27,1,hard,73,0
27,1,hard,74,0
27,1,hard,75,0
27,1,hard,76,0
27,1,hard,77,0
27,1,hard,78,1
27,1,hard,79,1
27,1,hard,80,1
27,1,hard,81,1
27,1,hard,82,1
27,1,hard,83,1
27,1,hard,84,1
27,1,hard,85,0
27,1,hard,86,0
27,1,hard,87,1
27,1,hard,88,1
27,1,hard,89,1
27,1,hard,90,0
27,1,hard,91,0
27,1,hard,92,1
27,1,hard,93,0
27,1,hard,94,1
27,1,hard,95,1
27,1,hard,96,1
27,1,hard,97,0
27,1,hard,98,1
27,1,hard,99,0
27,1,hard,100,0
27,2,standard,1,0
27,2,standard,2,0
27,2,standard,3,0
27,2,standard,4,0
27,2,standard,5,0
27,2,standard,6,1
27,2,standard,7,1
27,2,standard,8,0
27,2,standard,9,1
27,2,standard,10,0
27,2,standard,11,1
27,2,standard,12,1
27,2,standard,13,1
27,2,standard,14,1
27,2,standard,15,0
27,2,standard,16,1
27,2,standard,17,1
27,2,standard,18,1
27,2,standard,19,1
27,2,standard,20,1
27,2,standard,21,0
27,2,standard,22,0
27,2,standard,23,0
27,2,standard,24,0
27,2,standard,25,0
27,2,standard,26,0
27,2,standard,27,0
27,2,standard,28,1
27,2,standard,29,0
27,2,standard,30,1
27,2,standard,31,0
27,2,standard,32,0
27,2,standard,33,1
27,2,standard,34,1
27,2,standard,35,0
27,2,standard,36,0
27,2,standard,37,0
27,2,standard,38,1
27,2,standard,39,0
27,2,standard,40,0
27,2,standard,41,0
27,2,standard,42,0
27,2,standard,43,0
27,2,standard,44,1
27,2,standard,45,0
27,2,standard,46,0
27,2,standard,47,1
27,2,standard,48,1
27,2,standard,49,1
27,2,standard,50,1
27,2,standard,51,0
27,2,standard,52,0
27,2,standard,53,0
27,2,standard,54,0
27,2,standard,55,0
27,2,standard,56,0
27,2,standard,57,0
27,2,standard,58,0
27,2,standard,59,0
27,2,standard,60,0
27,2,standard,61,0
27,2,standard,62,0
27,2,standard,63,0
27,2,standard,64,0
27,2,standard,65,1
27,2,standard,66,0
27,2,standard,67,0
27,2,standard,68,1
27,2,standard,69,0
27,2,standard,70,0
27,2,standard,71,0
27,2,standard,72,0
27,2,standard,73,1
27,2,standard,74,0
27,2,standard,75,0
27,2,standard,76,0
27,2,standard,77,0
27,2,standard,78,1
27,2,standard,79,0
27,2,standard,80,1
27,2,standard,81,0
27,2,standard,82,1
27,2,standard,83,1
27,2,standard,84,0
27,2,standard,85,0
27,2,standard,86,1
27,2,standard,87,0
27,2,standard,88,1
27,2,standard,89,0
27,2,standard,90,0
27,2,standard,91,0
27,2,standard,92,1
27,2,standard,93,1
27,2,standard,94,0
27,2,standard,95,0
27,2,standard,96,0
27,2,standard,97,0
27,2,standard,98,1
27,2,standard,99,0
27,2,standard,100,0
27,2,hard,1,0
27,2,hard,2,0
27,2,hard,3,0
27,2,hard,4,0
27,2,hard,5,1
27,2,hard,6,1
27,2,hard,7,0
27,2,hard,8,0
27,2,hard,9,0
27,2,hard,10,1
27,2,hard,11,0
27,2,hard,12,1
27,2,hard,13,0
27,2,hard,14,0
27,2,hard,15,0
27,2,hard,16,0
27,2,hard,17,0
27,2,hard,18,1
27,2,hard,19,0
27,2,hard,20,0
27,2,hard,21,0
27,2,hard,22,0
27,2,hard,23,0
27,2,hard,24,0
27,2,hard,25,0
27,2,hard,26,1
27,2,hard,27,0
27,2,hard,28,0
27,2,hard,29,0
27,2,hard,30,0
27,2,hard,31,1
27,2,hard,32,1
27,2,hard,33,0
27,2,hard,34,0
27,2,hard,35,1
27,2,hard,36,0
27,2,hard,37,0
27,2,hard,38,0
27,2,hard,39,1
27,2,hard,40,1
27,2,hard,41,0
27,2,hard,42,0
27,2,hard,43,0
27,2,hard,44,0
27,2,hard,45,0
27,2,hard,46,1
27,2,hard,47,1
27,2,hard,48,1
27,2,hard,49,0
27,2,hard,50,0
27,2,hard,51,0
27,2,hard,52,0
27,2,hard,53,0
27,2,hard,54,1
27,2,hard,55,1
27,2,hard,56,1
27,2,hard,57,1
27,2,hard,58,0
27,2,hard,59,0
27,2,hard,60,0
27,2,hard,61,0
27,2,hard,62,0
27,2,hard,63,0
27,2,hard,64,0
27,2,hard,65,1
27,2,hard,66,0
27,2,hard,67,0
27,2,hard,68,0
27,2,hard,69,0
27,2,hard,70,0
27,2,hard,71,0
27,2,hard,72,0
27,2,hard,73,0
27,2,hard,74,0
27,2,hard,75,1
27,2,hard,76,1
27,2,hard,77,0
27,2,hard,78,0
27,2,hard,79,0
27,2,hard,80,0
27,2,hard,81,0
27,2,hard,82,1
27,2,hard,83,1
27,2,hard,84,1
27,2,hard,85,0
27,2,hard,86,0
27,2,hard,87,0
27,2,hard,88,0
27,2,hard,89,0
27,2,hard,90,0
27,2,hard,91,1
27,2,hard,92,0
27,2,hard,93,0
27,2,hard,94,0
27,2,hard,95,0
27,2,hard,96,1
27,2,hard,97,0
27,2,hard,98,1
27,2,hard,99,1
27,2,hard,100,0
27,3,standard,1,1
27,3,standard,2,0
27,3,standard,3,1
27,3,standard,4,0
27,3,standard,5,1
27,3,standard,6,0
27,3,standard,7,0
27,3,standard,8,0
27,3,standard,9,1
27,3,standard,10,0
27,3,standard,11,0
27,3,standard,12,0
27,3,standard,13,1
27,3,standard,14,0
27,3,standard,15,0
27,3,standard,16,0
27,3,standard,17,0
27,3,standard,18,1
27,3,standard,19,0
27,3,standard,20,0
27,3,standard,21,1
27,3,standard,22,0
27,3,standard,23,0
27,3,standard,24,0
27,3,standard,25,1
27,3,standard,26,0
27,3,standard,27,0
27,3,standard,28,0
27,3,standard,29,0
27,3,standard,30,0
27,3,standard,31,0
27,3,standard,32,0
27,3,standard,33,0
27,3,standard,34,0
27,3,standard,35,0
27,3,standard,36,0
27,3,standard,37,0
27,3,standard,38,1
27,3,standard,39,1
27,3,standard,40,0
27,3,standard,41,1
27,3,standard,42,1
27,3,standard,43,0
27,3,standard,44,1
27,3,standard,45,0
27,3,standard,46,1
27,3,standard,47,1
27,3,standard,48,1
27,3,standard,49,0
27,3,standard,50,1
27,3,standard,51,0
27,3,standard,52,1
27,3,standard,53,0
27,3,standard,54,1
27,3,standard,55,0
27,3,standard,56,1
27,3,standard,57,0
27,3,standard,58,1
27,3,standard,59,0
27,3,standard,60,0
27,3,standard,61,0
27,3,standard,62,0
27,3,standard,63,0
27,3,standard,64,0
27,3,standard,65,1
27,3,standard,66,0
27,3,standard,67,0
27,3,standard,68,1
27,3,standard,69,0
27,3,standard,70,1
27,3,standard,71,1
27,3,standard,72,0
27,3,standard,73,1
27,3,standard,74,1
27,3,standard,75,1
27,3,standard,76,1
27,3,standard,77,0
27,3,standard,78,1
27,3,standard,79,0
27,3,standard,80,0
27,3,standard,81,0
27,3,standard,82,1
27,3,standard,83,0
27,3,standard,84,0
27,3,standard,85,0
27,3,standard,86,0
27,3,standard,87,1
27,3,standard,88,1
27,3,standard,89,0
27,3,standard,90,1
27,3,standard,91,1
27,3,standard,92,0
27,3,standard,93,0
27,3,standard,94,0
27,3,standard,95,0
27,3,standard,96,0
27,3,standard,97,1
27,3,standard,98,0
27,3,standard,99,0
27,3,standard,100,0
27,3,hard,1,1
27,3,hard,2,0
27,3,hard,3,0
27,3,hard,4,0
27,3,hard,5,1
27,3,hard,6,1
27,3,hard,7,0
27,3,hard,8,1
27,3,hard,9,1
27,3,hard,10,0
27,3,hard,11,0
27,3,hard,12,1
27,3,hard,13,1
27,3,hard,14,1
27,3,hard,15,1
27,3,hard,16,0
27,3,hard,17,1
27,3,hard,18,1
27,3,hard,19,0
27,3,hard,20,0
27,3,hard,21,1
27,3,hard,22,0
27,3,hard,23,1
27,3,hard,24,0
27,3,hard,25,0
27,3,hard,26,1
27,3,hard,27,0
27,3,hard,28,0
27,3,hard,29,0
27,3,hard,30,1
27,3,hard,31,1
27,3,hard,32,1
27,3,hard,33,0
27,3,hard,34,0
27,3,hard,35,1
27,3,hard,36,0
27,3,hard,37,1
27,3,hard,38,1
27,3,hard,39,0
27,3,hard,40,0
27,3,hard,41,0
27,3,hard,42,1
27,3,hard,43,0
27,3,hard,44,0
27,3,hard,45,1
27,3,hard,46,0
27,3,hard,47,1
27,3,hard,48,0
27,3,hard,49,0
27,3,hard,50,0
27,3,hard,51,1
27,3,hard,52,1
27,3,hard,53,0
27,3,hard,54,0
27,3,hard,55,1
27,3,hard,56,0
27,3,hard,57,0
27,3,hard,58,0
27,3,hard,59,0
27,3,hard,60,0
27,3,hard,61,0
27,3,hard,62,1
27,3,hard,63,0
27,3,hard,64,0
27,3,hard,65,0
27,3,hard,66,1
27,3,hard,67,1
27,3,hard,68,1
27,3,hard,69,0
27,3,hard,70,0
27,3,hard,71,0
27,3,hard,72,1
27,3,hard,73,1
27,3,hard,74,1
27,3,hard,75,0
27,3,hard,76,0
27,3,hard,77,0
27,3,hard,78,0
27,3,hard,79,1
27,3,hard,80,1
27,3,hard,81,1
27,3,hard,82,0
27,3,hard,83,0
27,3,hard,84,1
27,3,hard,85,0
27,3,hard,86,1
27,3,hard,87,0
27,3,hard,88,0
27,3,hard,89,0
27,3,hard,90,0
27,3,hard,91,0
27,3,hard,92,1
27,3,hard,93,1
27,3,hard,94,0
27,3,hard,95,0
27,3,hard,96,0
27,3,hard,97,0
27,3,hard,98,0
27,3,hard,99,0
27,3,hard,100,1
27,4,standard,1,1
27,4,standard,2,1
27,4,standard,3,0
27,4,standard,4,0
27,4,standard,5,0
27,4,standard,6,1
27,4,standard,7,0
27,4,standard,8,0
27,4,standard,9,1
27,4,standard,10,0
27,4,standard,11,0
27,4,standard,12,0
27,4,standard,13,0
27,4,standard,14,0
27,4,standard,15,1
27,4,standard,16,0
27,4,standard,17,1
27,4,standard,18,0
27,4,standard,19,1
27,4,standard,20,1
27,4,standard,21,0
27,4,standard,22,1
27,4,standard,23,0
27,4,standard,24,1
27,4,standard,25,0
27,4,standard,26,0
27,4,standard,27,1
27,4,standard,28,0
27,4,standard,29,0
27,4,standard,30,1
27,4,standard,31,0
27,4,standard,32,1
27,4,standard,33,0
27,4,standard,34,0
27,4,standard,35,0
27,4,standard,36,0
27,4,standard,37,1
27,4,standard,38,0
27,4,standard,39,1
27,4,standard,40,0
27,4,standard,41,0
27,4,standard,42,1
27,4,standard,43,0
27,4,standard,44,0
27,4,standard,45,0
27,4,standard,46,1
27,4,standard,47,0
27,4,standard,48,0
27,4,standard,49,0
27,4,standard,50,1
27,4,standard,51,1
27,4,standard,52,1
27,4,standard,53,1
27,4,standard,54,0
27,4,standard,55,0
27,4,standard,56,0
27,4,standard,57,1
27,4,standard,58,0
27,4,standard,59,1
27,4,standard,60,0
27,4,standard,61,0
27,4,standard,62,0
27,4,standard,63,0
27,4,standard,64,0
27,4,standard,65,0
27,4,standard,66,0
27,4,standard,67,0
27,4,standard,68,0
27,4,standard,69,1
27,4,standard,70,0
27,4,standard,71,1
27,4,standard,72,0
27,4,standard,73,1
27,4,standard,74,0
27,4,standard,75,0
27,4,standard,76,0
27,4,standard,77,1
27,4,standard,78,0
27,4,standard,79,0
27,4,standard,80,0
27,4,standard,81,0
27,4,standard,82,0
27,4,standard,83,0
27,4,standard,84,0
27,4,standard,85,1
27,4,standard,86,0
27,4,standard,87,1
27,4,standard,88,0
27,4,standard,89,1
27,4,standard,90,1
27,4,standard,91,1
27,4,standard,92,0
27,4,standard,93,0
27,4,standard,94,0
27,4,standard,95,1
27,4,standard,96,1
27,4,standard,97,0
27,4,standard,98,0
27,4,standard,99,1
27,4,standard,100,1
27,4,hard,1,0
27,4,hard,2,0
27,4,hard,3,0
27,4,hard,4,1
27,4,hard,5,1
27,4,hard,6,0
27,4,hard,7,0
27,4,hard,8,1
27,4,hard,9,1
27,4,hard,10,0
27,4,hard,11,0
27,4,hard,12,0
27,4,hard,13,0
27,4,hard,14,0
27,4,hard,15,0
27,4,hard,16,0
27,4,hard,17,0
27,4,hard,18,1
27,4,hard,19,0
27,4,hard,20,1
27,4,hard,21,0
27,4,hard,22,0
27,4,hard,23,0
27,4,hard,24,0
27,4,hard,25,0
27,4,hard,26,0
27,4,hard,27,1
27,4,hard,28,1
27,4,hard,29,0
27,4,hard,30,1
27,4,hard,31,0
27,4,hard,32,0
27,4,hard,33,1
27,4,hard,34,0
27,4,hard,35,0
27,4,hard,36,0
27,4,hard,37,0
27,4,hard,38,0
27,4,hard,39,1
27,4,hard,40,0
27,4,hard,41,0
27,4,hard,42,1
27,4,hard,43,0
27,4,hard,44,0
27,4,hard,45,0
27,4,hard,46,0
27,4,hard,47,0
27,4,hard,48,0
27,4,hard,49,0
27,4,hard,50,1
27,4,hard,51,0
27,4,hard,52,0
27,4,hard,53,1
27,4,hard,54,0
27,4,hard,55,0
27,4,hard,56,1
27,4,hard,57,0
27,4,hard,58,1
27,4,hard,59,0
27,4,hard,60,0
27,4,hard,61,0
27,4,hard,62,0
27,4,hard,63,0
27,4,hard,64,0
27,4,hard,65,0
27,4,hard,66,0
27,4,hard,67,1
27,4,hard,68,0
27,4,hard,69,0
27,4,hard,70,1
27,4,hard,71,0
27,4,hard,72,0
27,4,hard,73,0
27,4,hard,74,0
27,4,hard,75,0
27,4,hard,76,1
27,4,hard,77,1
27,4,hard,78,0
27,4,hard,79,0
27,4,hard,80,1
27,4,hard,81,0
27,4,hard,82,0
27,4,hard,83,1
27,4,hard,84,1
27,4,hard,85,0
27,4,hard,86,1
27,4,hard,87,1
27,4,hard,88,1
27,4,hard,89,0
27,4,hard,90,0
27,4,hard,91,0
27,4,hard,92,0
27,4,hard,93,0
27,4,hard,94,1
27,4,hard,95,0
27,4,hard,96,1
27,4,hard,97,0
27,4,hard,98,0
27,4,hard,99,0
27,4,hard,100,0
27,5,standard,1,1
27,5,standard,2,0
27,5,standard,3,0
27,5,standard,4,1
27,5,standard,5,0
27,5,standard,6,1
27,5,standard,7,0
27,5,standard,8,0
27,5,standard,9,0
27,5,standard,10,1
27,5,standard,11,0
27,5,standard,12,1
27,5,standard,13,1
27,5,standard,14,0
27,5,standard,15,0
27,5,standard,16,0
27,5,standard,17,0
27,5,standard,18,0
27,5,standard,19,0
27,5,standard,20,0
27,5,standard,21,1
27,5,standard,22,0
27,5,standard,23,0
27,5,standard,24,0
27,5,standard,25,0
27,5,standard,26,1
27,5,standard,27,0
27,5,standard,28,0
27,5,standard,29,1
27,5,standard,30,0
27,5,standard,31,0
27,5,standard,32,0
27,5,standard,33,0
27,5,standard,34,0
27,5,standard,35,1
27,5,standard,36,1
27,5,standard,37,1
27,5,standard,38,0
27,5,standard,39,1
27,5,standard,40,0
27,5,standard,41,0
27,5,standard,42,1
27,5,standard,43,1
27,5,standard,44,1
27,5,standard,45,0
27,5,standard,46,0
27,5,standard,47,0
27,5,standard,48,0
27,5,standard,49,0
27,5,standard,50,0
27,5,standard,51,0
27,5,standard,52,1
27,5,standard,53,1
27,5,standard,54,1
27,5,standard,55,0
27,5,standard,56,0
27,5,standard,57,1
27,5,standard,58,0
27,5,standard,59,0
27,5,standard,60,0
27,5,standard,61,1
27,5,standard,62,0
27,5,standard,63,0
27,5,standard,64,0
27,5,standard,65,1
27,5,standard,66,1
27,5,standard,67,0
27,5,standard,68,0
27,5,standard,69,0
27,5,standard,70,1
27,5,standard,71,1
27,5,standard,72,0
27,5,standard,73,0
27,5,standard,74,0
27,5,standard,75,0
27,5,standard,76,1
27,5,standard,77,1
27,5,standard,78,1
27,5,standard,79,0
27,5,standard,80,1
27,5,standard,81,1
27,5,standard,82,1
27,5,standard,83,1
27,5,standard,84,1
27,5,standard,85,0
27,5,standard,86,1
27,5,standard,87,0
27,5,standard,88,0
27,5,standard,89,1
27,5,standard,90,1
27,5,standard,91,0
27,5,standard,92,0
27,5,standard,93,1
27,5,standard,94,0
27,5,standard,95,0
27,5,standard,96,0
27,5,standard,97,0
27,5,standard,98,0
27,5,standard,99,1
27,5,standard,100,1
27,5,hard,1,1
27,5,hard,2,1
27,5,hard,3,1
27,5,hard,4,0
27,5,hard,5,0
27,5,hard,6,1
27,5,hard,7,0
27,5,hard,8,1
27,5,hard,9,0
27,5,hard,10,0
27,5,hard,11,0
27,5,hard,12,1
27,5,hard,13,0
27,5,hard,14,0
27,5,hard,15,1
27,5,hard,16,0
27,5,hard,17,0
27,5,hard,18,1
27,5,hard,19,0
27,5,hard,20,0
27,5,hard,21,1
27,5,hard,22,1
27,5,hard,23,0
27,5,hard,24,0
27,5,hard,25,1
27,5,hard,26,1
27,5,hard,27,1
27,5,hard,28,1
27,5,hard,29,0
27,5,hard,30,0
27,5,hard,31,0
27,5,hard,32,0
27,5,hard,33,0
27,5,hard,34,0
27,5,hard,35,0
27,5,hard,36,0
27,5,hard,37,0
27,5,hard,38,0
27,5,hard,39,1
27,5,hard,40,1
27,5,hard,41,1
27,5,hard,42,0
27,5,hard,43,1
27,5,hard,44,1
27,5,hard,45,0
27,5,hard,46,0
27,5,hard,47,1
27,5,hard,48,1
27,5,hard,49,1
27,5,hard,50,0
27,5,hard,51,1
27,5,hard,52,0
27,5,hard,53,1
27,5,hard,54,1
27,5,hard,55,0
27,5,hard,56,1
27,5,hard,57,0
27,5,hard,58,1
27,5,hard,59,1
27,5,hard,60,1
27,5,hard,61,0
27,5,hard,62,0
27,5,hard,63,1
27,5,hard,64,0
27,5,hard,65,1
27,5,hard,66,1
27,5,hard,67,0
27,5,hard,68,0
27,5,hard,69,1
27,5,hard,70,1
27,5,hard,71,0
27,5,hard,72,0
27,5,hard,73,1
27,5,hard,74,0
27,5,hard,75,0
27,5,hard,76,1
27,5,hard,77,0
27,5,hard,78,0
27,5,hard,79,0
27,5,hard,80,0
27,5,hard,81,1
27,5,hard,82,0
27,5,hard,83,0
27,5,hard,84,0
27,5,hard,85,1
27,5,hard,86,0
27,5,hard,87,1
27,5,hard,88,1
27,5,hard,89,1
27,5,hard,90,1
27,5,hard,91,1
27,5,hard,92,0
27,5,hard,93,1
27,5,hard,94,0
27,5,hard,95,0
27,5,hard,96,1
27,5,hard,97,1
27,5,hard,98,1
27,5,hard,99,1
27,5,hard,100,0
28,1,standard,1,1
28,1,standard,2,0
28,1,standard,3,0
28,1,standard,4,1
28,1,standard,5,1
28,1,standard,6,1
28,1,standard,7,0
28,1,standard,8,1
28,1,standard,9,1
28,1,standard,10,0
28,1,standard,11,1
28,1,standard,12,1
28,1,standard,13,0
28,1,standard,14,1
28,1,standard,15,0
28,1,standard,16,0
28,1,standard,17,0
28,1,standard,18,1
28,1,standard,19,0
28,1,standard,20,0
28,1,standard,21,1
28,1,standard,22,1
28,1,standard,23,0
28,1,standard,24,0
28,1,standard,25,1
28,1,standard,26,0
28,1,standard,27,1
28,1,standard,28,0
28,1,standard,29,1
28,1,standard,30,0
28,1,standard,31,1
28,1,standard,32,0
28,1,standard,33,0
28,1,standard,34,1
28,1,standard,35,1
28,1,standard,36,1
28,1,standard,37,1
28,1,standard,38,0
28,1,standard,39,1
28,1,standard,40,0
28,1,standard,41,1
28,1,standard,42,0
28,1,standard,43,0
28,1,standard,44,1
28,1,standard,45,1
28,1,standard,46,1
28,1,standard,47,1
28,1,standard,48,0
28,1,standard,49,0
28,1,standard,50,0
28,1,standard,51,1
28,1,standard,52,1
28,1,standard,53,0
28,1,standard,54,1
28,1,standard,55,1
28,1,standard,56,1
28,1,standard,57,1
28,1,standard,58,1
28,1,standard,59,1
28,1,standard,60,1
28,1,standard,61,1
28,1,standard,62,1
28,1,standard,63,1
28,1,standard,64,1
28,1,standard,65,0
28,1,standard,66,0
28,1,standard,67,0
28,1,standard,68,1
28,1,standard,69,1
28,1,standard,70,1
28,1,standard,71,1
28,1,standard,72,1
28,1,standard,73,0
28,1,standard,74,0
28,1,standard,75,0
28,1,standard,76,1
28,1,standard,77,1
28,1,standard,78,0
28,1,standard,79,0
28,1,standard,80,1
28,1,standard,81,1
28,1,standard,82,0
28,1,standard,83,0
28,1,standard,84,0
28,1,standard,85,0
28,1,standard,86,1
28,1,standard,87,1
28,1,standard,88,0
28,1,standard,89,1
28,1,standard,90,1
28,1,standard,91,0
28,1,standard,92,0
28,1,standard,93,0
28,1,standard,94,1
28,1,standard,95,1
28,1,standard,96,1
28,1,standard,97,1
28,1,standard,98,1
28,1,standard,99,1
28,1,standard,100,0
28,1,hard,1,0
28,1,hard,2,0
28,1,hard,3,0
28,1,hard,4,0
28,1,hard,5,1
28,1,hard,6,0
28,1,hard,7,0
28,1,hard,8,0
28,1,hard,9,1
28,1,hard,10,1
28,1,hard,11,0
28,1,hard,12,0
28,1,hard,13,1
28,1,hard,14,1
28,1,hard,15,1
28,1,hard,16,0
28,1,hard,17,0
28,1,hard,18,1
28,1,hard,19,0
28,1,hard,20,0
28,1,hard,21,1
28,1,hard,22,1
28,1,hard,23,1
28,1,hard,24,0
28,1,hard,25,0
28,1,hard,26,0
28,1,hard,27,1
28,1,hard,28,1
28,1,hard,29,0
28,1,hard,30,1
28,1,hard,31,0
28,1,hard,32,0
28,1,hard,33,0
28,1,hard,34,1
28,1,hard,35,1
28,1,hard,36,1
28,1,hard,37,1
28,1,hard,38,1
28,1,hard,39,0
28,1,hard,40,1
28,1,hard,41,0
28,1,hard,42,1
28,1,hard,43,1
28,1,hard,44,0
28,1,hard,45,1
28,1,hard,46,1
28,1,hard,47,0
28,1,hard,48,1
28,1,hard,49,1
28,1,hard,50,1
28,1,hard,51,1
28,1,hard,52,1
28,1,hard,53,1
28,1,hard,54,0
28,1,hard,55,0
28,1,hard,56,0
28,1,hard,57,1
28,1,hard,58,1
28,1,hard,59,1
28,1,hard,60,1
28,1,hard,61,1
28,1,hard,62,0
28,1,hard,63,0
28,1,hard,64,0
28,1,hard,65,0
28,1,hard,66,1
28,1,hard,67,0
28,1,hard,68,0
28,1,hard,69,1
28,1,hard,70,1
28,1,hard,71,1
28,1,hard,72,0
28,1,hard,73,0
28,1,hard,74,0
28,1,hard,75,1
28,1,hard,76,0
28,1,hard,77,0
28,1,hard,78,1
28,1,hard,79,1
28,1,hard,80,0
28,1,hard,81,0
28,1,hard,82,1
28,1,hard,83,1
28,1,hard,84,0
28,1,hard,85,0
28,1,hard,86,0
28,1,hard,87,0
28,1,hard,88,0
28,1,hard,89,0
28,1,hard,90,0
28,1,hard,91,0
28,1,hard,92,0
28,1,hard,93,0
28,1,hard,94,1
28,1,hard,95,0
28,1,hard,96,0
28,1,hard,97,1
28,1,hard,98,0
28,1,hard,99,0
28,1,hard,100,1
28,2,standard,1,0
28,2,standard,2,1
28,2,standard,3,1
28,2,standard,4,0
28,2,standard,5,0
28,2,standard,6,1
28,2,standard,7,0
28,2,standard,8,1
28,2,standard,9,1
28,2,standard,10,1
28,2,standard,11,0
28,2,standard,12,1
28,2,standard,13,1
28,2,standard,14,1
28,2,standard,15,0
28,2,standard,16,1
28,2,standard,17,1
28,2,standard,18,1
28,2,standard,19,1
28,2,standard,20,1
28,2,standard,21,1
28,2,standard,22,1
28,2,standard,23,1
28,2,standard,24,0
28,2,standard,25,0
28,2,standard,26,1
28,2,standard,27,1
28,2,standard,28,0
28,2,standard,29,1
28,2,standard,30,1
28,2,standard,31,1
28,2,standard,32,0
28,2,standard,33,1
28,2,standard,34,1
28,2,standard,35,0
28,2,standard,36,0
28,2,standard,37,1
28,2,standard,38,0
28,2,standard,39,1
28,2,standard,40,1
28,2,standard,41,1
28,2,standard,42,1
28,2,standard,43,1
28,2,standard,44,0
28,2,standard,45,1
28,2,standard,46,1
28,2,standard,47,1
28,2,standard,48,0
28,2,standard,49,1
28,2,standard,50,0
28,2,standard,51,0
28,2,standard,52,1
28,2,standard,53,0
28,2,standard,54,1
28,2,standard,55,0
28,2,standard,56,1
28,2,standard,57,0
28,2,standard,58,1
28,2,standard,59,1
28,2,standard,60,0
28,2,standard,61,1
28,2,standard,62,0
28,2,standard,63,1
28,2,standard,64,1
28,2,standard,65,1
28,2,standard,66,1
28,2,standard,67,1
28,2,standard,68,1
28,2,standard,69,1
28,2,standard,70,1
28,2,standard,71,1
28,2,standard,72,0
28,2,standard,73,0
28,2,standard,74,1
28,2,standard,75,1
28,2,standard,76,0
28,2,standard,77,1
28,2,standard,78,1
28,2,standard,79,1
28,2,standard,80,0
28,2,standard,81,1
28,2,standard,82,1
28,2,standard,83,1
28,2,standard,84,0
28,2,standard,85,1
28,2,standard,86,1
28,2,standard,87,1
28,2,standard,88,1
28,2,standard,89,1
28,2,standard,90,1
28,2,standard,91,1
28,2,standard,92,0
28,2,standard,93,0
28,2,standard,94,1
28,2,standard,95,1
28,2,standard,96,1
28,2,standard,97,1
28,2,standard,98,0
28,2,standard,99,1
28,2,standard,100,1
28,2,hard,1,1
28,2,hard,2,0
28,2,hard,3,1
28,2,hard,4,0
28,2,hard,5,0
28,2,hard,6,0
28,2,hard,7,0
28,2,hard,8,1
28,2,hard,9,1
28,2,hard,10,0
28,2,hard,11,0
28,2,hard,12,1
28,2,hard,13,1
28,2,hard,14,0
28,2,hard,15,0
28,2,hard,16,0
28,2,hard,17,1
28,2,hard,18,1
28,2,hard,19,1
28,2,hard,20,0
28,2,hard,21,1
28,2,hard,22,1
28,2,hard,23,0
28,2,hard,24,0
28,2,hard,25,0
28,2,hard,26,1
28,2,hard,27,0
28,2,hard,28,0
28,2,hard,29,1
28,2,hard,30,1
28,2,hard,31,1
28,2,hard,32,0
28,2,hard,33,1
28,2,hard,34,1
28,2,hard,35,1
28,2,hard,36,1
28,2,hard,37,0
28,2,hard,38,1
28,2,hard,39,1
28,2,hard,40,0
28,2,hard,41,1
28,2,hard,42,1
28,2,hard,43,0
28,2,hard,44,0
28,2,hard,45,1
28,2,hard,46,0
28,2,hard,47,0
28,2,hard,48,0
28,2,hard,49,0
28,2,hard,50,1
28,2,hard,51,0
28,2,hard,52,1
28,2,hard,53,0
28,2,hard,54,0
28,2,hard,55,0
28,2,hard,56,1
28,2,hard,57,1
28,2,hard,58,0
28,2,hard,59,1
28,2,hard,60,0
28,2,hard,61,1
28,2,hard,62,0
28,2,hard,63,0
28,2,hard,64,1
28,2,hard,65,0
28,2,hard,66,0
28,2,hard,67,1
28,2,hard,68,0
28,2,hard,69,1
28,2,hard,70,0
28,2,hard,71,0
28,2,hard,72,0
28,2,hard,73,0
28,2,hard,74,0
28,2,hard,75,1
28,2,hard,76,1
28,2,hard,77,1
28,2,hard,78,1
28,2,hard,79,1
28,2,hard,80,1
28,2,hard,81,1
28,2,hard,82,1
28,2,hard,83,1
28,2,hard,84,0
28,2,hard,85,1
28,2,hard,86,1
28,2,hard,87,0
28,2,hard,88,1
28,2,hard,89,1
28,2,hard,90,0
28,2,hard,91,0
28,2,hard,92,1
28,2,hard,93,1
28,2,hard,94,0
28,2,hard,95,0
28,2,hard,96,1
28,2,hard,97,0
28,2,hard,98,1
28,2,hard,99,1
28,2,hard,100,0
28,3,standard,1,0
28,3,standard,2,0
28,3,standard,3,1
28,3,standard,4,0
28,3,standard,5,0
28,3,standard,6,1
28,3,standard,7,0
28,3,standard,8,0
28,3,standard,9,1
28,3,standard,10,1
28,3,standard,11,1
28,3,standard,12,0
28,3,standard,13,1
28,3,standard,14,1
28,3,standard,15,1
28,3,standard,16,0
28,3,standard,17,0
28,3,standard,18,0
28,3,standard,19,1
28,3,standard,20,1
28,3,standard,21,0
28,3,standard,22,0
28,3,standard,23,1
28,3,standard,24,0
28,3,standard,25,1
28,3,standard,26,0
28,3,standard,27,0
28,3,standard,28,1
28,3,standard,29,1
28,3,standard,30,1
28,3,standard,31,1
28,3,standard,32,1
28,3,standard,33,1
28,3,standard,34,1
28,3,standard,35,0
28,3,standard,36,0
28,3,standard,37,1
28,3,standard,38,1
28,3,standard,39,1
28,3,standard,40,1
28,3,standard,41,1
28,3,standard,42,1
28,3,standard,43,1
28,3,standard,44,1
28,3,standard,45,1
28,3,standard,46,1
28,3,standard,47,0
28,3,standard,48,1
28,3,standard,49,1
28,3,standard,50,0
28,3,standard,51,1
28,3,standard,52,1
28,3,standard,53,1
28,3,standard,54,0
28,3,standard,55,0
28,3,standard,56,0
28,3,standard,57,1
28,3,standard,58,0
28,3,standard,59,0
28,3,standard,60,1
28,3,standard,61,0
28,3,standard,62,0
28,3,standard,63,1
28,3,standard,64,0
28,3,standard,65,1
28,3,standard,66,1
28,3,standard,67,0
28,3,standard,68,1
28,3,standard,69,0
28,3,standard,70,0
28,3,standard,71,0
28,3,standard,72,1
28,3,standard,73,0
28,3,standard,74,1
28,3,standard,75,0
28,3,standard,76,0
28,3,standard,77,0
28,3,standard,78,0
28,3,standard,79,0
28,3,standard,80,0
28,3,standard,81,1
28,3,standard,82,0
28,3,standard,83,0
28,3,standard,84,0
28,3,standard,85,1
28,3,standard,86,1
28,3,standard,87,1
28,3,standard,88,0
28,3,standard,89,0
28,3,standard,90,1
28,3,standard,91,1
28,3,standard,92,1
28,3,standard,93,1
28,3,standard,94,1
28,3,standard,95,0
28,3,standard,96,0
28,3,standard,97,0
28,3,standard,98,1
28,3,standard,99,1
28,3,standard,100,1
28,3,hard,1,1
28,3,hard,2,0
28,3,hard,3,0
28,3,hard,4,0
28,3,hard,5,0
28,3,hard,6,0
28,3,hard,7,1
28,3,hard,8,0
28,3,hard,9,0
28,3,hard,10,1
28,3,hard,11,1
28,3,hard,12,0
28,3,hard,13,1
28,3,hard,14,1
28,3,hard,15,1
28,3,hard,16,1
28,3,hard,17,0
28,3,hard,18,0
28,3,hard,19,1
28,3,hard,20,1
28,3,hard,21,0
28,3,hard,22,0
28,3,hard,23,1
28,3,hard,24,1
28,3,hard,25,1
28,3,hard,26,1
28,3,hard,27,1
28,3,hard,28,1
28,3,hard,29,0
28,3,hard,30,0
28,3,hard,31,1
28,3,hard,32,0
28,3,hard,33,0
28,3,hard,34,1
28,3,hard,35,0
28,3,hard,36,0
28,3,hard,37,1
28,3,hard,38,0
28,3,hard,39,0
28,3,hard,40,0
28,3,hard,41,0
28,3,hard,42,1
28,3,hard,43,1
28,3,hard,44,1
28,3,hard,45,1
28,3,hard,46,0
28,3,hard,47,0
28,3,hard,48,0
28,3,hard,49,1
28,3,hard,50,0
28,3,hard,51,0
28,3,hard,52,1
28,3,hard,53,1
28,3,hard,54,1
28,3,hard,55,0
28,3,hard,56,1
28,3,hard,57,0
28,3,hard,58,1
28,3,hard,59,0
28,3,hard,60,1
28,3,hard,61,0
28,3,hard,62,0
28,3,hard,63,1
28,3,hard,64,0
28,3,hard,65,1
28,3,hard,66,1
28,3,hard,67,0
28,3,hard,68,1
28,3,hard,69,0
28,3,hard,70,1
28,3,hard,71,1
28,3,hard,72,1
28,3,hard,73,0
28,3,hard,74,0
28,3,hard,75,1
28,3,hard,76,0
28,3,hard,77,0
28,3,hard,78,1
28,3,hard,79,1
28,3,hard,80,0
28,3,hard,81,0
28,3,hard,82,1
28,3,hard,83,0
28,3,hard,84,1
28,3,hard,85,0
28,3,hard,86,1
28,3,hard,87,1
28,3,hard,88,1
28,3,hard,89,0
28,3,hard,90,0
28,3,hard,91,1
28,3,hard,92,1
28,3,hard,93,1
28,3,hard,94,1
28,3,hard,95,0
28,3,hard,96,0
28,3,hard,97,0
28,3,hard,98,0
28,3,hard,99,1
28,3,hard,100,1
28,4,standard,1,1
28,4,standard,2,0
28,4,standard,3,1
28,4,standard,4,0
28,4,standard,5,1
28,4,standard,6,0
28,4,standard,7,0
28,4,standard,8,0
28,4,standard,9,1
28,4,standard,10,1
28,4,standard,11,1
28,4,standard,12,1
28,4,standard,13,1
28,4,standard,14,1
28,4,standard,15,1
28,4,standard,16,1
28,4,standard,17,1
28,4,standard,18,1
28,4,standard,19,0
28,4,standard,20,1
28,4,standard,21,0
28,4,standard,22,0
28,4,standard,23,1
28,4,standard,24,1
28,4,standard,25,0
28,4,standard,26,0
28,4,standard,27,1
28,4,standard,28,1
28,4,standard,29,1
28,4,standard,30,0
28,4,standard,31,1
28,4,standard,32,1
28,4,standard,33,0
28,4,standard,34,0
28,4,standard,35,0
28,4,standard,36,0
28,4,standard,37,1
28,4,standard,38,1
28,4,standard,39,1
28,4,standard,40,1
28,4,standard,41,1
28,4,standard,42,0
28,4,standard,43,1
28,4,standard,44,1
28,4,standard,45,0
28,4,standard,46,0
28,4,standard,47,0
28,4,standard,48,0
28,4,standard,49,1
28,4,standard,50,1
28,4,standard,51,1
28,4,standard,52,1
28,4,standard,53,1
28,4,standard,54,0
28,4,standard,55,1
28,4,standard,56,1
28,4,standard,57,1
28,4,standard,58,1
28,4,standard,59,1
28,4,standard,60,0
28,4,standard,61,1
28,4,standard,62,1
28,4,standard,63,0
28,4,standard,64,1
28,4,standard,65,1
28,4,standard,66,1
28,4,standard,67,1
28,4,standard,68,0
28,4,standard,69,1
28,4,standard,70,1
28,4,standard,71,1
28,4,standard,72,0
28,4,standard,73,0
28,4,standard,74,0
28,4,standard,75,0
28,4,standard,76,1
28,4,standard,77,1
28,4,standard,78,1
28,4,standard,79,1
28,4,standard,80,1
28,4,standard,81,1
28,4,standard,82,1
28,4,standard,83,0
28,4,standard,84,0
28,4,standard,85,1
28,4,standard,86,1
28,4,standard,87,0
28,4,standard,88,0
28,4,standard,89,1
28,4,standard,90,1
28,4,standard,91,1
28,4,standard,92,1
28,4,standard,93,1
28,4,standard,94,1
28,4,standard,95,0
28,4,standard,96,0
28,4,standard,97,1
28,4,standard,98,0
28,4,standard,99,1
28,4,standard,100,1
28,4,hard,1,0
28,4,hard,2,0
28,4,hard,3,0
28,4,hard,4,0
28,4,hard,5,1
28,4,hard,6,1
28,4,hard,7,1
28,4,hard,8,0
28,4,hard,9,0
28,4,hard,10,0
28,4,hard,11,0
28,4,hard,12,1
28,4,hard,13,0
28,4,hard,14,0
28,4,hard,15,0
28,4,hard,16,1
28,4,hard,17,1
28,4,hard,18,0
28,4,hard,19,0
28,4,hard,20,1
28,4,hard,21,1
28,4,hard,22,1
28,4,hard,23,0
28,4,hard,24,0
28,4,hard,25,0
28,4,hard,26,0
28,4,hard,27,1
28,4,hard,28,1
28,4,hard,29,1
28,4,hard,30,1
28,4,hard,31,1
28,4,hard,32,0
28,4,hard,33,0
28,4,hard,34,1
28,4,hard,35,0
28,4,hard,36,0
28,4,hard,37,0
28,4,hard,38,0
28,4,hard,39,1
28,4,hard,40,1
28,4,hard,41,0
28,4,hard,42,1
28,4,hard,43,0
28,4,hard,44,1
28,4,hard,45,0
28,4,hard,46,1
28,4,hard,47,0
28,4,hard,48,0
28,4,hard,49,0
28,4,hard,50,0
28,4,hard,51,0
28,4,hard,52,0
28,4,hard,53,1
28,4,hard,54,0
28,4,hard,55,1
28,4,hard,56,1
28,4,hard,57,0
28,4,hard,58,0
28,4,hard,59,0
28,4,hard,60,1
28,4,hard,61,1
28,4,hard,62,0
28,4,hard,63,1
28,4,hard,64,0
28,4,hard,65,0
28,4,hard,66,1
28,4,hard,67,1
28,4,hard,68,1
28,4,hard,69,0
28,4,hard,70,0
28,4,hard,71,1
28,4,hard,72,1
28,4,hard,73,0
28,4,hard,74,0
28,4,hard,75,1
28,4,hard,76,0
28,4,hard,77,1
28,4,hard,78,1
28,4,hard,79,1
28,4,hard,80,1
28,4,hard,81,0
28,4,hard,82,0
28,4,hard,83,1
28,4,hard,84,0
28,4,hard,85,1
28,4,hard,86,1
28,4,hard,87,1
28,4,hard,88,1
28,4,hard,89,0
28,4,hard,90,0
28,4,hard,91,1
28,4,hard,92,0
28,4,hard,93,0
28,4,hard,94,0
28,4,hard,95,1
28,4,hard,96,1
28,4,hard,97,0
28,4,hard,98,0
28,4,hard,99,0
28,4,hard,100,1
28,5,standard,1,1
28,5,standard,2,0
28,5,standard,3,0
28,5,standard,4,1
28,5,standard,5,1
28,5,standard,6,1
28,5,standard,7,0
28,5,standard,8,0
28,5,standard,9,0
28,5,standard,10,1
28,5,standard,11,1
28,5,standard,12,1
28,5,standard,13,1
28,5,standard,14,1
28,5,standard,15,1
28,5,standard,16,0
28,5,standard,17,0
28,5,standard,18,1
28,5,standard,19,0
28,5,standard,20,1
28,5,standard,21,1
28,5,standard,22,1
28,5,standard,23,0
28,5,standard,24,1
28,5,standard,25,1
28,5,standard,26,1
28,5,standard,27,0
28,5,standard,28,1
28,5,standard,29,0
28,5,standard,30,0
28,5,standard,31,1
28,5,standard,32,0
28,5,standard,33,0
28,5,standard,34,0
28,5,standard,35,1
28,5,standard,36,1
28,5,standard,37,0
28,5,standard,38,0
28,5,standard,39,0
28,5,standard,40,0
28,5,standard,41,1
28,5,standard,42,1
28,5,standard,43,1
28,5,standard,44,0
28,5,standard,45,0
28,5,standard,46,0
28,5,standard,47,1
28,5,standard,48,1
28,5,standard,49,0
28,5,standard,50,1
28,5,standard,51,1
28,5,standard,52,1
28,5,standard,53,0
28,5,standard,54,0
28,5,standard,55,1
28,5,standard,56,0
28,5,standard,57,1
28,5,standard,58,1
28,5,standard,59,1
28,5,standard,60,1
28,5,standard,61,1
28,5,standard,62,1
28,5,standard,63,0
28,5,standard,64,1
28,5,standard,65,1
28,5,standard,66,0
28,5,standard,67,1
28,5,standard,68,1
28,5,standard,69,0
28,5,standard,70,0
28,5,standard,71,1
28,5,standard,72,0
28,5,standard,73,1
28,5,standard,74,0
28,5,standard,75,1
28,5,standard,76,0
28,5,standard,77,1
28,5,standard,78,1
28,5,standard,79,1
28,5,standard,80,1
28,5,standard,81,1
28,5,standard,82,1
28,5,standard,83,0
28,5,standard,84,1
28,5,standard,85,1
28,5,standard,86,0
28,5,standard,87,1
28,5,standard,88,1
28,5,standard,89,1
28,5,standard,90,1
28,5,standard,91,1
28,5,standard,92,1
28,5,standard,93,1
28,5,standard,94,1
28,5,standard,95,1
28,5,standard,96,0
28,5,standard,97,1
28,5,standard,98,1
28,5,standard,99,1
28,5,standard,100,0
28,5,hard,1,0
28,5,hard,2,0
28,5,hard,3,0
28,5,hard,4,1
28,5,hard,5,0
28,5,hard,6,0
28,5,hard,7,1
28,5,hard,8,1
28,5,hard,9,0
28,5,hard,10,1
28,5,hard,11,1
28,5,hard,12,1
28,5,hard,13,1
28,5,hard,14,0
28,5,hard,15,0
28,5,hard,16,0
28,5,hard,17,0
28,5,hard,18,0
28,5,hard,19,0
28,5,hard,20,1
28,5,hard,21,0
28,5,hard,22,0
28,5,hard,23,1
28,5,hard,24,0
28,5,hard,25,1
28,5,hard,26,1
28,5,hard,27,1
28,5,hard,28,1
28,5,hard,29,0
28,5,hard,30,1
28,5,hard,31,0
28,5,hard,32,0
28,5,hard,33,1
28,5,hard,34,1
28,5,hard,35,1
28,5,hard,36,1
28,5,hard,37,1
28,5,hard,38,0
28,5,hard,39,0
28,5,hard,40,0
28,5,hard,41,0
28,5,hard,42,0
28,5,hard,43,1
28,5,hard,44,1
28,5,hard,45,0
28,5,hard,46,0
28,5,hard,47,1
28,5,hard,48,0
28,5,hard,49,0
28,5,hard,50,1
28,5,hard,51,0
28,5,hard,52,1
28,5,hard,53,1
28,5,hard,54,0
28,5,hard,55,0
28,5,hard,56,0
28,5,hard,57,1
28,5,hard,58,0
28,5,hard,59,0
28,5,hard,60,0
28,5,hard,61,0
28,5,hard,62,1
28,5,hard,63,0
28,5,hard,64,1
28,5,hard,65,1
28,5,hard,66,1
28,5,hard,67,1
28,5,hard,68,1
28,5,hard,69,0
28,5,hard,70,1
28,5,hard,71,0
28,5,hard,72,1
28,5,hard,73,1
28,5,hard,74,0
28,5,hard,75,0
28,5,hard,76,1
28,5,hard,77,0
28,5,hard,78,0
28,5,hard,79,0
28,5,hard,80,0
28,5,hard,81,0
28,5,hard,82,0
28,5,hard,83,1
28,5,hard,84,0
28,5,hard,85,1
28,5,hard,86,0
28,5,hard,87,1
28,5,hard,88,0
28,5,hard,89,1
28,5,hard,90,1
28,5,hard,91,0
28,5,hard,92,0
28,5,hard,93,0
28,5,hard,94,0
28,5,hard,95,1
28,5,hard,96,0
28,5,hard,97,1
28,5,hard,98,0
28,5,hard,99,1
28,5,hard,100,0
29,1,standard,1,1
29,1,standard,2,1
29,1,standard,3,1
29,1,standard,4,1
29,1,standard,5,0
29,1,standard,6,1
29,1,standard,7,0
29,1,standard,8,1
29,1,standard,9,1
29,1,standard,10,0
29,1,standard,11,1
29,1,standard,12,1
29,1,standard,13,0
29,1,standard,14,1
29,1,standard,15,1
29,1,standard,16,1
29,1,standard,17,0
29,1,standard,18,1
29,1,standard,19,1
29,1,standard,20,1
29,1,standard,21,0
29,1,standard,22,0
29,1,standard,23,1
29,1,standard,24,1
29,1,standard,25,1
29,1,standard,26,0
29,1,standard,27,1
29,1,standard,28,1
29,1,standard,29,1
29,1,standard,30,1
29,1,standard,31,0
29,1,standard,32,0
29,1,standard,33,1
29,1,standard,34,1
29,1,standard,35,1
29,1,standard,36,1
29,1,standard,37,1
29,1,standard,38,1
29,1,standard,39,1
29,1,standard,40,0
29,1,standard,41,1
29,1,standard,42,1
29,1,standard,43,1
29,1,standard,44,1
29,1,standard,45,1
29,1,standard,46,1
29,1,standard,47,0
29,1,standard,48,1
29,1,standard,49,0
29,1,standard,50,1
29,1,standard,51,1
29,1,standard,52,1
29,1,standard,53,0
29,1,standard,54,1
29,1,standard,55,0
29,1,standard,56,1
29,1,standard,57,0
29,1,standard,58,0
29,1,standard,59,1
29,1,standard,60,1
29,1,standard,61,1
29,1,standard,62,1
29,1,standard,63,1
29,1,standard,64,1
29,1,standard,65,1
29,1,standard,66,1
29,1,standard,67,1
29,1,standard,68,1
29,1,standard,69,0
29,1,standard,70,1
29,1,standard,71,0
29,1,standard,72,0
29,1,standard,73,1
29,1,standard,74,0
29,1,standard,75,1
29,1,standard,76,1
29,1,standard,77,0
29,1,standard,78,1
29,1,standard,79,1
29,1,standard,80,0
29,1,standard,81,1
29,1,standard,82,0
29,1,standard,83,1
29,1,standard,84,1
29,1,standard,85,1
29,1,standard,86,1
29,1,standard,87,1
29,1,standard,88,1
29,1,standard,89,1
29,1,standard,90,1
29,1,standard,91,0
29,1,standard,92,0
29,1,standard,93,1
29,1,standard,94,1
29,1,standard,95,0
29,1,standard,96,1
29,1,standard,97,1
29,1,standard,98,0
29,1,standard,99,1
29,1,standard,100,1
29,1,hard,1,0
29,1,hard,2,0
29,1,hard,3,1
29,1,hard,4,1
29,1,hard,5,0
29,1,hard,6,1
29,1,hard,7,1
29,1,hard,8,1
29,1,hard,9,0
29,1,hard,10,1
29,1,hard,11,1
29,1,hard,12,0
29,1,hard,13,1
29,1,hard,14,1
29,1,hard,15,0
29,1,hard,16,1
29,1,hard,17,0
29,1,hard,18,1
29,1,hard,19,0
29,1,hard,20,0
29,1,hard,21,1
29,1,hard,22,1
29,1,hard,23,1
29,1,hard,24,1
29,1,hard,25,1
29,1,hard,26,0
29,1,hard,27,1
29,1,hard,28,0
29,1,hard,29,1
29,1,hard,30,1
29,1,hard,31,0
29,1,hard,32,1
29,1,hard,33,0
29,1,hard,34,1
29,1,hard,35,0
29,1,hard,36,1
29,1,hard,37,0
29,1,hard,38,1
29,1,hard,39,1
29,1,hard,40,1
29,1,hard,41,0
29,1,hard,42,1
29,1,hard,43,1
29,1,hard,44,0
29,1,hard,45,0
29,1,hard,46,0
29,1,hard,47,1
29,1,hard,48,1
29,1,hard,49,1
29,1,hard,50,1
29,1,hard,51,1
29,1,hard,52,1
29,1,hard,53,1
29,1,hard,54,0
29,1,hard,55,0
29,1,hard,56,0
29,1,hard,57,0
29,1,hard,58,0
29,1,hard,59,1
29,1,hard,60,0
29,1,hard,61,0
29,1,hard,62,1
29,1,hard,63,1
29,1,hard,64,1
29,1,hard,65,0
29,1,hard,66,0
29,1,hard,67,1
29,1,hard,68,1
29,1,hard,69,0
29,1,hard,70,1
29,1,hard,71,1
29,1,hard,72,1
29,1,hard,73,0
29,1,hard,74,0
29,1,hard,75,0
29,1,hard,76,1
29,1,hard,77,1
29,1,hard,78,1
29,1,hard,79,1
29,1,hard,80,1
29,1,hard,81,1
29,1,hard,82,1
29,1,hard,83,0
29,1,hard,84,0
29,1,hard,85,1
29,1,hard,86,0
29,1,hard,87,0
29,1,hard,88,1
29,1,hard,89,0
29,1,hard,90,0
29,1,hard,91,1
29,1,hard,92,1
29,1,hard,93,0
29,1,hard,94,0
29,1,hard,95,0
29,1,hard,96,1
29,1,hard,97,1
29,1,hard,98,0
29,1,hard,99,1
29,1,hard,100,1
29,2,standard,1,1
29,2,standard,2,0
29,2,standard,3,1
29,2,standard,4,0
29,2,standard,5,1
29,2,standard,6,1
29,2,standard,7,1
29,2,standard,8,1
29,2,standard,9,1
29,2,standard,10,1
29,2,standard,11,1
29,2,standard,12,1
29,2,standard,13,1
29,2,standard,14,1
29,2,standard,15,1
29,2,standard,16,1
29,2,standard,17,1
29,2,standard,18,1
29,2,standard,19,0
29,2,standard,20,1
29,2,standard,21,1
29,2,standard,22,0
29,2,standard,23,1
29,2,standard,24,1
29,2,standard,25,1
29,2,standard,26,1
29,2,standard,27,0
29,2,standard,28,1
29,2,standard,29,0
29,2,standard,30,1
29,2,standard,31,1
29,2,standard,32,1
29,2,standard,33,1
29,2,standard,34,0
29,2,standard,35,0
29,2,standard,36,1
29,2,standard,37,1
29,2,standard,38,1
29,2,standard,39,0
29,2,standard,40,1
29,2,standard,41,1
29,2,standard,42,0
29,2,standard,43,0
29,2,standard,44,1
29,2,standard,45,0
29,2,standard,46,1
29,2,standard,47,1
29,2,standard,48,1
29,2,standard,49,1
29,2,standard,50,0
29,2,standard,51,1
29,2,standard,52,1
29,2,standard,53,0
29,2,standard,54,1
29,2,standard,55,1
29,2,standard,56,1
29,2,standard,57,0
29,2,standard,58,0
29,2,standard,59,0
29,2,standard,60,1
29,2,standard,61,0
29,2,standard,62,1
29,2,standard,63,0
29,2,standard,64,1
29,2,standard,65,1
29,2,standard,66,1
29,2,standard,67,1
29,2,standard,68,1
29,2,standard,69,1
29,2,standard,70,1
29,2,standard,71,0
29,2,standard,72,0
29,2,standard,73,0
29,2,standard,74,1
29,2,standard,75,0
29,2,standard,76,0
29,2,standard,77,1
29,2,standard,78,1
29,2,standard,79,1
29,2,standard,80,0
29,2,standard,81,0
29,2,standard,82,1
29,2,standard,83,1
29,2,standard,84,0
29,2,standard,85,1
29,2,standard,86,1
29,2,standard,87,0
29,2,standard,88,1
29,2,standard,89,1
29,2,standard,90,1
29,2,standard,91,1
29,2,standard,92,0
29,2,standard,93,0
29,2,standard,94,0
29,2,standard,95,1
29,2,standard,96,1
29,2,standard,97,0
29,2,standard,98,1
29,2,standard,99,0
29,2,standard,100,1
29,2,hard,1,1
29,2,hard,2,0
29,2,hard,3,1
29,2,hard,4,1
29,2,hard,5,0
29,2,hard,6,0
29,2,hard,7,0
29,2,hard,8,1
29,2,hard,9,0
29,2,hard,10,0
29,2,hard,11,0
29,2,hard,12,1
29,2,hard,13,1
29,2,hard,14,1
29,2,hard,15,0
29,2,hard,16,0
29,2,hard,17,0
29,2,hard,18,0
29,2,hard,19,0
29,2,hard,20,1
29,2,hard,21,0
29,2,hard,22,0
29,2,hard,23,1
29,2,hard,24,1
29,2,hard,25,0
29,2,hard,26,1
29,2,hard,27,1
29,2,hard,28,0
29,2,hard,29,0
29,2,hard,30,0
29,2,hard,31,1
29,2,hard,32,1
29,2,hard,33,1
29,2,hard,34,0
29,2,hard,35,0
29,2,hard,36,1
29,2,hard,37,1
29,2,hard,38,1
29,2,hard,39,0
29,2,hard,40,1
29,2,hard,41,1
29,2,hard,42,0
29,2,hard,43,1
29,2,hard,44,0
29,2,hard,45,0
29,2,hard,46,0
29,2,hard,47,1
29,2,hard,48,1
29,2,hard,49,0
29,2,hard,50,1
29,2,hard,51,0
29,2,hard,52,1
29,2,hard,53,0
29,2,hard,54,1
29,2,hard,55,1
29,2,hard,56,0
29,2,hard,57,0
29,2,hard,58,0
29,2,hard,59,1
29,2,hard,60,0
29,2,hard,61,0
29,2,hard,62,1
29,2,hard,63,1
29,2,hard,64,0
29,2,hard,65,0
29,2,hard,66,1
29,2,hard,67,1
29,2,hard,68,1
29,2,hard,69,1
29,2,hard,70,0
29,2,hard,71,1
29,2,hard,72,0
29,2,hard,73,0
29,2,hard,74,1
29,2,hard,75,0
29,2,hard,76,0
29,2,hard,77,1
29,2,hard,78,1
29,2,hard,79,1
29,2,hard,80,0
29,2,hard,81,0
29,2,hard,82,0
29,2,hard,83,0
29,2,hard,84,1
29,2,hard,85,1
29,2,hard,86,1
29,2,hard,87,1
29,2,hard,88,1
29,2,hard,89,1
29,2,hard,90,1
29,2,hard,91,1
29,2,hard,92,0
29,2,hard,93,0
29,2,hard,94,1
29,2,hard,95,1
29,2,hard,96,1
29,2,hard,97,0
29,2,hard,98,1
29,2,hard,99,0
29,2,hard,100,0
29,3,standard,1,0
29,3,standard,2,0
29,3,standard,3,0
29,3,standard,4,0
29,3,standard,5,0
29,3,standard,6,1
29,3,standard,7,0
29,3,standard,8,1
29,3,standard,9,0
29,3,standard,10,1
29,3,standard,11,1
29,3,standard,12,0
29,3,standard,13,0
29,3,standard,14,0
29,3,standard,15,0
29,3,standard,16,1
29,3,standard,17,1
29,3,standard,18,0
29,3,standard,19,1
29,3,standard,20,0
29,3,standard,21,1
29,3,standard,22,1
29,3,standard,23,1
29,3,standard,24,1
29,3,standard,25,0
29,3,standard,26,1
29,3,standard,27,1
29,3,standard,28,1
29,3,standard,29,0
29,3,standard,30,1
29,3,standard,31,1
29,3,standard,32,1
29,3,standard,33,0
29,3,standard,34,0
29,3,standard,35,1
29,3,standard,36,1
29,3,standard,37,1
29,3,standard,38,0
29,3,standard,39,0
29,3,standard,40,0
29,3,standard,41,0
29,3,standard,42,0
29,3,standard,43,1
29,3,standard,44,1
29,3,standard,45,1
29,3,standard,46,0
29,3,standard,47,1
29,3,standard,48,0
29,3,standard,49,1
29,3,standard,50,0
29,3,standard,51,0
29,3,standard,52,0
29,3,standard,53,1
29,3,standard,54,1
29,3,standard,55,0
29,3,standard,56,1
29,3,standard,57,1
29,3,standard,58,0
29,3,standard,59,0
29,3,standard,60,0
29,3,standard,61,1
29,3,standard,62,1
29,3,standard,63,1
29,3,standard,64,1
29,3,standard,65,1
29,3,standard,66,1
29,3,standard,67,1
29,3,standard,68,0
29,3,standard,69,0
29,3,standard,70,1
29,3,standard,71,1
29,3,standard,72,1
29,3,standard,73,1
29,3,standard,74,1
29,3,standard,75,1
29,3,standard,76,1
29,3,standard,77,0
29,3,standard,78,0
29,3,standard,79,1
29,3,standard,80,1
29,3,standard,81,1
29,3,standard,82,0
29,3,standard,83,0
29,3,standard,84,0
29,3,standard,85,0
29,3,standard,86,1
29,3,standard,87,1
29,3,standard,88,1
29,3,standard,89,1
29,3,standard,90,1
29,3,standard,91,0
29,3,standard,92,1
29,3,standard,93,0
29,3,standard,94,1
29,3,standard,95,1
29,3,standard,96,0
29,3,standard,97,0
29,3,standard,98,1
29,3,standard,99,0
29,3,standard,100,1
29,3,hard,1,0
29,3,hard,2,0
29,3,hard,3,0
29,3,hard,4,1
29,3,hard,5,1
29,3,hard,6,1
29,3,hard,7,1
29,3,hard,8,1
29,3,hard,9,1
29,3,hard,10,1
29,3,hard,11,1
29,3,hard,12,1
29,3,hard,13,0
29,3,hard,14,1
29,3,hard,15,1
29,3,hard,16,1
29,3,hard,17,0
29,3,hard,18,1
29,3,hard,19,1
29,3,hard,20,1
29,3,hard,21,1
29,3,hard,22,1
29,3,hard,23,0
29,3,hard,24,0
29,3,hard,25,1
29,3,hard,26,0
29,3,hard,27,1
29,3,hard,28,0
29,3,hard,29,0
29,3,hard,30,0
29,3,hard,31,0
29,3,hard,32,0
29,3,hard,33,1
29,3,hard,34,0
29,3,hard,35,0
29,3,hard,36,0
29,3,hard,37,1
29,3,hard,38,0
29,3,hard,39,0
29,3,hard,40,1
29,3,hard,41,1
29,3,hard,42,1
29,3,hard,43,1
29,3,hard,44,1
29,3,hard,45,1
29,3,hard,46,1
29,3,hard,47,0
29,3,hard,48,1
29,3,hard,49,0
29,3,hard,50,1
29,3,hard,51,1
29,3,hard,52,1
29,3,hard,53,0
29,3,hard,54,1
29,3,hard,55,1
29,3,hard,56,0
29,3,hard,57,0
29,3,hard,58,0
29,3,hard,59,1
29,3,hard,60,0
29,3,hard,61,0
29,3,hard,62,1
29,3,hard,63,0
29,3,hard,64,0
29,3,hard,65,1
29,3,hard,66,1
29,3,hard,67,0
29,3,hard,68,1
29,3,hard,69,0
29,3,hard,70,1
29,3,hard,71,1
29,3,hard,72,0
29,3,hard,73,1
29,3,hard,74,0
29,3,hard,75,1
29,3,hard,76,1
29,3,hard,77,0
29,3,hard,78,0
29,3,hard,79,1
29,3,hard,80,0
29,3,hard,81,1
29,3,hard,82,0
29,3,hard,83,0
29,3,hard,84,1
29,3,hard,85,0
29,3,hard,86,1
29,3,hard,87,0
29,3,hard,88,0
29,3,hard,89,0
29,3,hard,90,1
29,3,hard,91,1
29,3,hard,92,1
29,3,hard,93,1
29,3,hard,94,1
29,3,hard,95,0
29,3,hard,96,1
29,3,hard,97,1
29,3,hard,98,1
29,3,hard,99,1
29,3,hard,100,0
29,4,standard,1,1
29,4,standard,2,1
29,4,standard,3,1
29,4,standard,4,1
29,4,standard,5,1
29,4,standard,6,1
29,4,standard,7,1
29,4,standard,8,1
29,4,standard,9,0
29,4,standard,10,0
29,4,standard,11,0
29,4,standard,12,1
29,4,standard,13,1
29,4,standard,14,1
29,4,standard,15,0
29,4,standard,16,0
29,4,standard,17,1
29,4,standard,18,1
29,4,standard,19,1
29,4,standard,20,1
29,4,standard,21,1
29,4,standard,22,1
29,4,standard,23,0
29,4,standard,24,1
29,4,standard,25,0
29,4,standard,26,0
29,4,standard,27,0
29,4,standard,28,1
29,4,standard,29,0
29,4,standard,30,1
29,4,standard,31,0
29,4,standard,32,0
29,4,standard,33,0
29,4,standard,34,1
29,4,standard,35,0
29,4,standard,36,1
29,4,standard,37,1
29,4,standard,38,1
29,4,standard,39,0
29,4,standard,40,0
29,4,standard,41,0
29,4,standard,42,0
29,4,standard,43,0
29,4,standard,44,1
29,4,standard,45,0
29,4,standard,46,0
29,4,standard,47,0
29,4,standard,48,0
29,4,standard,49,0
29,4,standard,50,0
29,4,standard,51,1
29,4,standard,52,0
29,4,standard,53,1
29,4,standard,54,1
29,4,standard,55,1
29,4,standard,56,0
29,4,standard,57,1
29,4,standard,58,1
29,4,standard,59,0
29,4,standard,60,0
29,4,standard,61,0
29,4,standard,62,1
29,4,standard,63,0
29,4,standard,64,0
29,4,standard,65,1
29,4,standard,66,0
29,4,standard,67,1
29,4,standard,68,0
29,4,standard,69,1
29,4,standard,70,1
29,4,standard,71,1
29,4,standard,72,0
29,4,standard,73,0
29,4,standard,74,1
29,4,standard,75,1
29,4,standard,76,1
29,4,standard,77,1
29,4,standard,78,0
29,4,standard,79,0
29,4,standard,80,0
29,4,standard,81,0
29,4,standard,82,1
29,4,standard,83,1
29,4,standard,84,0
29,4,standard,85,1
29,4,standard,86,0
29,4,standard,87,0
29,4,standard,88,0
29,4,standard,89,1
29,4,standard,90,1
29,4,standard,91,1
29,4,standard,92,1
29,4,standard,93,1
29,4,standard,94,0
29,4,standard,95,1
29,4,standard,96,1
29,4,standard,97,1
29,4,standard,98,1
29,4,standard,99,0
29,4,standard,100,0
29,4,hard,1,1
29,4,hard,2,0
29,4,hard,3,0
29,4,hard,4,0
29,4,hard,5,1
29,4,hard,6,1
29,4,hard,7,1
29,4,hard,8,0
29,4,hard,9,0
29,4,hard,10,1
29,4,hard,11,1
29,4,hard,12,1
29,4,hard,13,0
29,4,hard,14,1
29,4,hard,15,0
29,4,hard,16,0
29,4,hard,17,1
29,4,hard,18,1
29,4,hard,19,0
29,4,hard,20,1
29,4,hard,21,1
29,4,hard,22,0
29,4,hard,23,0
29,4,hard,24,1
29,4,hard,25,0
29,4,hard,26,0
29,4,hard,27,1
29,4,hard,28,1
29,4,hard,29,0
29,4,hard,30,0
29,4,hard,31,0
29,4,hard,32,1
29,4,hard,33,1
29,4,hard,34,0
29,4,hard,35,1
29,4,hard,36,0
29,4,hard,37,0
29,4,hard,38,1
29,4,hard,39,0
29,4,hard,40,0
29,4,hard,41,1
29,4,hard,42,0
29,4,hard,43,1
29,4,hard,44,0
29,4,hard,45,1
29,4,hard,46,1
29,4,hard,47,0
29,4,hard,48,0
29,4,hard,49,1
29,4,hard,50,0
29,4,hard,51,0
29,4,hard,52,1
29,4,hard,53,1
29,4,hard,54,0
29,4,hard,55,1
29,4,hard,56,1
29,4,hard,57,0
29,4,hard,58,0
29,4,hard,59,0
29,4,hard,60,0
29,4,hard,61,0
29,4,hard,62,0
29,4,hard,63,1
29,4,hard,64,1
29,4,hard,65,1
29,4,hard,66,0
29,4,hard,67,0
29,4,hard,68,1
29,4,hard,69,1
29,4,hard,70,1
29,4,hard,71,1
29,4,hard,72,1
29,4,hard,73,0
29,4,hard,74,0
29,4,hard,75,1
29,4,hard,76,1
29,4,hard,77,0
29,4,hard,78,0
29,4,hard,79,0
29,4,hard,80,1
29,4,hard,81,1
29,4,hard,82,1
29,4,hard,83,0
29,4,hard,84,0
29,4,hard,85,1
29,4,hard,86,1
29,4,hard,87,1
29,4,hard,88,1
29,4,hard,89,0
29,4,hard,90,0
29,4,hard,91,1
29,4,hard,92,0
29,4,hard,93,1
29,4,hard,94,0
29,4,hard,95,1
29,4,hard,96,1
29,4,hard,97,1
29,4,hard,98,0
29,4,hard,99,1
29,4,hard,100,1
29,5,standard,1,0
29,5,standard,2,0
29,5,standard,3,0
29,5,standard,4,1
29,5,standard,5,1
29,5,standard,6,1
29,5,standard,7,1
29,5,standard,8,1
29,5,standard,9,1
29,5,standard,10,1
29,5,standard,11,0
29,5,standard,12,1
29,5,standard,13,0
29,5,standard,14,1
29,5,standard,15,0
29,5,standard,16,1
29,5,standard,17,0
29,5,standard,18,1
29,5,standard,19,1
29,5,standard,20,0
29,5,standard,21,1
29,5,standard,22,0
29,5,standard,23,0
29,5,standard,24,1
29,5,standard,25,1
29,5,standard,26,1
29,5,standard,27,1
29,5,standard,28,1
29,5,standard,29,1
29,5,standard,30,1
29,5,standard,31,0
29,5,standard,32,0
29,5,standard,33,0
29,5,standard,34,1
29,5,standard,35,1
29,5,standard,36,1
29,5,standard,37,0
29,5,standard,38,1
29,5,standard,39,1
29,5,standard,40,0
29,5,standard,41,1
29,5,standard,42,0
29,5,standard,43,1
29,5,standard,44,0
29,5,standard,45,1
29,5,standard,46,0
29,5,standard,47,1
29,5,standard,48,1
29,5,standard,49,0
29,5,standard,50,0
29,5,standard,51,1
29,5,standard,52,1
29,5,standard,53,1
29,5,standard,54,1
29,5,standard,55,0
29,5,standard,56,1
29,5,standard,57,1
29,5,standard,58,1
29,5,standard,59,0
29,5,standard,60,1
29,5,standard,61,1
29,5,standard,62,0
29,5,standard,63,0
29,5,standard,64,1
29,5,standard,65,0
29,5,standard,66,0
29,5,standard,67,0
29,5,standard,68,1
29,5,standard,69,0
29,5,standard,70,0
29,5,standard,71,1
29,5,standard,72,0
29,5,standard,73,0
29,5,standard,74,0
29,5,standard,75,1
29,5,standard,76,1
29,5,standard,77,0
29,5,standard,78,1
29,5,standard,79,1
29,5,standard,80,1
29,5,standard,81,1
29,5,standard,82,0
29,5,standard,83,1
29,5,standard,84,1
29,5,standard,85,1
29,5,standard,86,1
29,5,standard,87,1
29,5,standard,88,1
29,5,standard,89,0
29,5,standard,90,1
29,5,standard,91,0
29,5,standard,92,0
29,5,standard,93,1
29,5,standard,94,1
29,5,standard,95,1
29,5,standard,96,1
29,5,standard,97,1
29,5,standard,98,1
29,5,standard,99,1
29,5,standard,100,1
29,5,hard,1,1
29,5,hard,2,1
29,5,hard,3,1
29,5,hard,4,0
29,5,hard,5,0
29,5,hard,6,0
29,5,hard,7,0
29,5,hard,8,0
29,5,hard,9,0
29,5,hard,10,0
29,5,hard,11,1
29,5,hard,12,0
29,5,hard,13,0
29,5,hard,14,1
29,5,hard,15,0
29,5,hard,16,0
29,5,hard,17,0
29,5,hard,18,1
29,5,hard,19,1
29,5,hard,20,0
29,5,hard,21,0
29,5,hard,22,0
29,5,hard,23,1
29,5,hard,24,1
29,5,hard,25,1
29,5,hard,26,0
29,5,hard,27,0
29,5,hard,28,0
29,5,hard,29,0
29,5,hard,30,1
29,5,hard,31,0
29,5,hard,32,1
29,5,hard,33,1
29,5,hard,34,0
29,5,hard,35,0
29,5,hard,36,0
29,5,hard,37,0
29,5,hard,38,0
29,5,hard,39,0
29,5,hard,40,1
29,5,hard,41,0
29,5,hard,42,1
29,5,hard,43,1
29,5,hard,44,1
29,5,hard,45,0
29,5,hard,46,0
29,5,hard,47,1
29,5,hard,48,0
29,5,hard,49,0
29,5,hard,50,1
29,5,hard,51,1
29,5,hard,52,1
29,5,hard,53,0
29,5,hard,54,0
29,5,hard,55,0
29,5,hard,56,0
29,5,hard,57,0
29,5,hard,58,0
29,5,hard,59,1
29,5,hard,60,0
29,5,hard,61,1
29,5,hard,62,0
29,5,hard,63,1
29,5,hard,64,1
29,5,hard,65,0
29,5,hard,66,0
29,5,hard,67,0
29,5,hard,68,1
29,5,hard,69,1
29,5,hard,70,0
29,5,hard,71,1
29,5,hard,72,0
29,5,hard,73,0
29,5,hard,74,0
29,5,hard,75,1
29,5,hard,76,0
29,5,hard,77,1
29,5,hard,78,0
29,5,hard,79,1
29,5,hard,80,1
29,5,hard,81,1
29,5,hard,82,0
29,5,hard,83,0
29,5,hard,84,0
29,5,hard,85,1
29,5,hard,86,0
29,5,hard,87,0
29,5,hard,88,1
29,5,hard,89,1
29,5,hard,90,0
29,5,hard,91,0
29,5,hard,92,0
29,5,hard,93,0
29,5,hard,94,1
29,5,hard,95,0
29,5,hard,96,0
29,5,hard,97,1
29,5,hard,98,0
29,5,hard,99,1
29,5,hard,100,0
30,1,standard,1,0
30,1,standard,2,0
30,1,standard,3,0
30,1,standard,4,0
30,1,standard,5,0
30,1,standard,6,0
30,1,standard,7,1
30,1,standard,8,1
30,1,standard,9,0
30,1,standard,10,0
30,1,standard,11,1
30,1,standard,12,1
30,1,standard,13,0
30,1,standard,14,1
30,1,standard,15,1
30,1,standard,16,0
30,1,standard,17,1
30,1,standard,18,1
30,1,standard,19,1
30,1,standard,20,1
30,1,standard,21,0
30,1,standard,22,0
30,1,standard,23,0
30,1,standard,24,1
30,1,standard,25,0
30,1,standard,26,0
30,1,standard,27,1
30,1,standard,28,0
30,1,standard,29,1
30,1,standard,30,1
30,1,standard,31,1
30,1,standard,32,1
30,1,standard,33,1
30,1,standard,34,0
30,1,standard,35,1
30,1,standard,36,0
30,1,standard,37,1
30,1,standard,38,1
30,1,standard,39,0
30,1,standard,40,1
30,1,standard,41,1
30,1,standard,42,1
30,1,standard,43,0
30,1,standard,44,1
30,1,standard,45,0
30,1,standard,46,1
30,1,standard,47,0
30,1,standard,48,1
30,1,standard,49,1
30,1,standard,50,1
30,1,standard,51,1
30,1,standard,52,0
30,1,standard,53,0
30,1,standard,54,0
30,1,standard,55,0
30,1,standard,56,1
30,1,standard,57,1
30,1,standard,58,1
30,1,standard,59,0
30,1,standard,60,1
30,1,standard,61,1
30,1,standard,62,0
30,1,standard,63,1
30,1,standard,64,0
30,1,standard,65,0
30,1,standard,66,0
30,1,standard,67,1
30,1,standard,68,1
30,1,standard,69,1
30,1,standard,70,0
30,1,standard,71,1
30,1,standard,72,0
30,1,standard,73,1
30,1,standard,74,1
30,1,standard,75,1
30,1,standard,76,1
30,1,standard,77,0
30,1,standard,78,1
30,1,standard,79,1
30,1,standard,80,1
30,1,standard,81,0
30,1,standard,82,1
30,1,standard,83,1
30,1,standard,84,1
30,1,standard,85,0
30,1,standard,86,0
30,1,standard,87,0
30,1,standard,88,0
30,1,standard,89,1
30,1,standard,90,1
30,1,standard,91,1
30,1,standard,92,1
30,1,standard,93,1
30,1,standard,94,1
30,1,standard,95,1
30,1,standard,96,0
30,1,standard,97,1
30,1,standard,98,1
30,1,standard,99,0
30,1,standard,100,0
30,1,hard,1,0
30,1,hard,2,1
30,1,hard,3,1
30,1,hard,4,0
30,1,hard,5,1
30,1,hard,6,0
30,1,hard,7,1
30,1,hard,8,0
30,1,hard,9,1
30,1,hard,10,0
30,1,hard,11,1
30,1,hard,12,0
30,1,hard,13,0
30,1,hard,14,1
30,1,hard,15,0
30,1,hard,16,0
30,1,hard,17,0
30,1,hard,18,1
30,1,hard,19,1
30,1,hard,20,0
30,1,hard,21,0
30,1,hard,22,0
30,1,hard,23,0
30,1,hard,24,0
30,1,hard,25,1
30,1,hard,26,0
30,1,hard,27,1
30,1,hard,28,1
30,1,hard,29,0
30,1,hard,30,0
30,1,hard,31,1
30,1,hard,32,0
30,1,hard,33,0
30,1,hard,34,0
30,1,hard,35,0
30,1,hard,36,0
30,1,hard,37,0
30,1,hard,38,0
30,1,hard,39,1
30,1,hard,40,0
30,1,hard,41,1
30,1,hard,42,1
30,1,hard,43,1
30,1,hard,44,1
30,1,hard,45,0
30,1,hard,46,0
30,1,hard,47,0
30,1,hard,48,1
30,1,hard,49,1
30,1,hard,50,0
30,1,hard,51,0
30,1,hard,52,0
30,1,hard,53,0
30,1,hard,54,1
30,1,hard,55,1
30,1,hard,56,1
30,1,hard,57,0
30,1,hard,58,0
30,1,hard,59,0
30,1,hard,60,0
30,1,hard,61,1
30,1,hard,62,1
30,1,hard,63,0
30,1,hard,64,1
30,1,hard,65,1
30,1,hard,66,0
30,1,hard,67,1
30,1,hard,68,0
30,1,hard,69,1
30,1,hard,70,1
30,1,hard,71,0
30,1,hard,72,1
30,1,hard,73,0
30,1,hard,74,1
30,1,hard,75,0
30,1,hard,76,0
30,1,hard,77,0
30,1,hard,78,1
30,1,hard,79,0
30,1,hard,80,0
30,1,hard,81,0
30,1,hard,82,0
30,1,hard,83,0
30,1,hard,84,1
30,1,hard,85,1
30,1,hard,86,1
30,1,hard,87,0
30,1,hard,88,0
30,1,hard,89,0
30,1,hard,90,0
30,1,hard,91,0
30,1,hard,92,1
30,1,hard,93,0
30,1,hard,94,1
30,1,hard,95,0
30,1,hard,96,1
30,1,hard,97,1
30,1,hard,98,1
30,1,hard,99,0
30,1,hard,100,0
30,2,standard,1,0
30,2,standard,2,1
30,2,standard,3,1
30,2,standard,4,0
30,2,standard,5,1
30,2,standard,6,1
30,2,standard,7,1
30,2,standard,8,1
30,2,standard,9,1
30,2,standard,10,1
30,2,standard,11,1
30,2,standard,12,0
30,2,standard,13,1
30,2,standard,14,0
30,2,standard,15,0
30,2,standard,16,0
30,2,standard,17,1
30,2,standard,18,1
30,2,standard,19,0
30,2,standard,20,0
30,2,standard,21,0
30,2,standard,22,0
30,2,standard,23,1
30,2,standard,24,0
30,2,standard,25,1
30,2,standard,26,1
30,2,standard,27,0
30,2,standard,28,0
30,2,standard,29,1
30,2,standard,30,1
30,2,standard,31,0
30,2,standard,32,0
30,2,standard,33,0
30,2,standard,34,0
30,2,standard,35,0
30,2,standard,36,1
30,2,standard,37,1
30,2,standard,38,0
30,2,standard,39,0
30,2,standard,40,1
30,2,standard,41,0
30,2,standard,42,1
30,2,standard,43,0
30,2,standard,44,0
30,2,standard,45,1
30,2,standard,46,1
30,2,standard,47,0
30,2,standard,48,1
30,2,standard,49,1
30,2,standard,50,0
30,2,standard,51,0
30,2,standard,52,0
30,2,standard,53,0
30,2,standard,54,0
30,2,standard,55,0
30,2,standard,56,1
30,2,standard,57,0
30,2,standard,58,0
30,2,standard,59,1
30,2,standard,60,1
30,2,standard,61,1
30,2,standard,62,0
30,2,standard,63,1
30,2,standard,64,0
30,2,standard,65,1
30,2,standard,66,0
30,2,standard,67,1
30,2,standard,68,1
30,2,standard,69,0
30,2,standard,70,1
30,2,standard,71,1
30,2,standard,72,0
30,2,standard,73,1
30,2,standard,74,0
30,2,standard,75,0
30,2,standard,76,1
30,2,standard,77,0
30,2,standard,78,0
30,2,standard,79,0
30,2,standard,80,1
30,2,standard,81,0
30,2,standard,82,1
30,2,standard,83,0
30,2,standard,84,0
30,2,standard,85,0
30,2,standard,86,1
30,2,standard,87,0
30,2,standard,88,1
30,2,standard,89,1
30,2,standard,90,1
30,2,standard,91,0
30,2,standard,92,1
30,2,standard,93,1
30,2,standard,94,0
30,2,standard,95,0
30,2,standard,96,1
30,2,standard,97,1
30,2,standard,98,0
30,2,standard,99,0
30,2,standard,100,0
30,2,hard,1,0
30,2,hard,2,1
30,2,hard,3,0
30,2,hard,4,1
30,2,hard,5,0
30,2,hard,6,0
30,2,hard,7,1
30,2,hard,8,1
30,2,hard,9,0
30,2,hard,10,0
30,2,hard,11,0
30,2,hard,12,0
30,2,hard,13,1
30,2,hard,14,1
30,2,hard,15,1
30,2,hard,16,1
30,2,hard,17,0
30,2,hard,18,0
30,2,hard,19,1
30,2,hard,20,0
30,2,hard,21,1
30,2,hard,22,1
30,2,hard,23,0
30,2,hard,24,1
30,2,hard,25,0
30,2,hard,26,1
30,2,hard,27,0
30,2,hard,28,1
30,2,hard,29,1
30,2,hard,30,1
30,2,hard,31,0
30,2,hard,32,0
30,2,hard,33,0
30,2,hard,34,0
30,2,hard,35,0
30,2,hard,36,0
30,2,hard,37,0
30,2,hard,38,1
30,2,hard,39,1
30,2,hard,40,0
30,2,hard,41,0
30,2,hard,42,1
30,2,hard,43,1
30,2,hard,44,1
30,2,hard,45,0
30,2,hard,46,0
30,2,hard,47,1
30,2,hard,48,1
30,2,hard,49,0
30,2,hard,50,0
30,2,hard,51,1
30,2,hard,52,0
30,2,hard,53,1
30,2,hard,54,0
30,2,hard,55,0
30,2,hard,56,1
30,2,hard,57,0
30,2,hard,58,0
30,2,hard,59,0
30,2,hard,60,1
30,2,hard,61,1
30,2,hard,62,0
30,2,hard,63,1
30,2,hard,64,0
30,2,hard,65,1
30,2,hard,66,0
30,2,hard,67,0
30,2,hard,68,0
30,2,hard,69,1
30,2,hard,70,0
30,2,hard,71,1
30,2,hard,72,1
30,2,hard,73,0
30,2,hard,74,1
30,2,hard,75,0
30,2,hard,76,1
30,2,hard,77,0
30,2,hard,78,1
30,2,hard,79,1
30,2,hard,80,1
30,2,hard,81,1
30,2,hard,82,1
30,2,hard,83,1
30,2,hard,84,1
30,2,hard,85,0
30,2,hard,86,0
30,2,hard,87,1
30,2,hard,88,1
30,2,hard,89,1
30,2,hard,90,1
30,2,hard,91,1
30,2,hard,92,1
30,2,hard,93,0
30,2,hard,94,0
30,2,hard,95,0
30,2,hard,96,0
30,2,hard,97,0
30,2,hard,98,1
30,2,hard,99,0
30,2,hard,100,0
30,3,standard,1,1
30,3,standard,2,1
30,3,standard,3,0
30,3,standard,4,1
30,3,standard,5,1
30,3,standard,6,1
30,3,standard,7,1
30,3,standard,8,0
30,3,standard,9,1
30,3,standard,10,1
30,3,standard,11,1
30,3,standard,12,0
30,3,standard,13,0
30,3,standard,14,1
30,3,standard,15,0
30,3,standard,16,1
30,3,standard,17,1
30,3,standard,18,0
30,3,standard,19,1
30,3,standard,20,1
30,3,standard,21,1
30,3,standard,22,0
30,3,standard,23,1
30,3,standard,24,1
30,3,standard,25,1
30,3,standard,26,0
30,3,standard,27,1
30,3,standard,28,0
30,3,standard,29,1
30,3,standard,30,1
30,3,standard,31,1
30,3,standard,32,0
30,3,standard,33,1
30,3,standard,34,0
30,3,standard,35,1
30,3,standard,36,0
30,3,standard,37,1
30,3,standard,38,1
30,3,standard,39,0
30,3,standard,40,1
30,3,standard,41,0
30,3,standard,42,1
30,3,standard,43,1
30,3,standard,44,1
30,3,standard,45,1
30,3,standard,46,1
30,3,standard,47,0
30,3,standard,48,0
30,3,standard,49,1
30,3,standard,50,1
30,3,standard,51,0
30,3,standard,52,1
30,3,standard,53,1
30,3,standard,54,1
30,3,standard,55,1
30,3,standard,56,1
30,3,standard,57,1
30,3,standard,58,1
30,3,standard,59,0
30,3,standard,60,1
30,3,standard,61,1
30,3,standard,62,0
30,3,standard,63,1
30,3,standard,64,1
30,3,standard,65,1
30,3,standard,66,1
30,3,standard,67,1
30,3,standard,68,1
30,3,standard,69,1
30,3,standard,70,0
30,3,standard,71,1
30,3,standard,72,0
30,3,standard,73,0
30,3,standard,74,1
30,3,standard,75,1
30,3,standard,76,0
30,3,standard,77,1
30,3,standard,78,0
30,3,standard,79,0
30,3,standard,80,1
30,3,standard,81,0
30,3,standard,82,0
30,3,standard,83,1
30,3,standard,84,0
30,3,standard,85,0
30,3,standard,86,0
30,3,standard,87,1
30,3,standard,88,1
30,3,standard,89,1
30,3,standard,90,1
30,3,standard,91,1
30,3,standard,92,1
30,3,standard,93,1
30,3,standard,94,1
30,3,standard,95,1
30,3,standard,96,1
30,3,standard,97,0
30,3,standard,98,0
30,3,standard,99,1
30,3,standard,100,1
30,3,hard,1,0
30,3,hard,2,1
30,3,hard,3,1
30,3,hard,4,1
30,3,hard,5,0
30,3,hard,6,0
30,3,hard,7,0
30,3,hard,8,1
30,3,hard,9,0
30,3,hard,10,1
30,3,hard,11,0
30,3,hard,12,1
30,3,hard,13,0
30,3,hard,14,1
30,3,hard,15,1
30,3,hard,16,1
30,3,hard,17,1
30,3,hard,18,1
30,3,hard,19,0
30,3,hard,20,1
30,3,hard,21,0
30,3,hard,22,1
30,3,hard,23,0
30,3,hard,24,0
30,3,hard,25,0
30,3,hard,26,1
30,3,hard,27,0
30,3,hard,28,0
30,3,hard,29,1
30,3,hard,30,1
30,3,hard,31,1
30,3,hard,32,0
30,3,hard,33,1
30,3,hard,34,1
30,3,hard,35,1
30,3,hard,36,1
30,3,hard,37,1
30,3,hard,38,1
30,3,hard,39,0
30,3,hard,40,0
30,3,hard,41,1
30,3,hard,42,0
30,3,hard,43,1
30,3,hard,44,0
30,3,hard,45,1
30,3,hard,46,1
30,3,hard,47,1
30,3,hard,48,0
30,3,hard,49,0
30,3,hard,50,0
30,3,hard,51,0
30,3,hard,52,0
30,3,hard,53,1
30,3,hard,54,1
30,3,hard,55,0
30,3,hard,56,0
30,3,hard,57,0
30,3,hard,58,1
30,3,hard,59,1
30,3,hard,60,1
30,3,hard,61,0
30,3,hard,62,0
30,3,hard,63,1
30,3,hard,64,0
30,3,hard,65,1
30,3,hard,66,1
30,3,hard,67,1
30,3,hard,68,1
30,3,hard,69,0
30,3,hard,70,0
30,3,hard,71,1
30,3,hard,72,0
30,3,hard,73,0
30,3,hard,74,1
30,3,hard,75,1
30,3,hard,76,1
30,3,hard,77,0
30,3,hard,78,0
30,3,hard,79,1
30,3,hard,80,1
30,3,hard,81,0
30,3,hard,82,0
30,3,hard,83,0
30,3,hard,84,0
30,3,hard,85,0
30,3,hard,86,0
30,3,hard,87,1
30,3,hard,88,1
30,3,hard,89,1
30,3,hard,90,1
30,3,hard,91,0
30,3,hard,92,0
30,3,hard,93,1
30,3,hard,94,0
30,3,hard,95,0
30,3,hard,96,1
30,3,hard,97,1
30,3,hard,98,0
30,3,hard,99,1
30,3,hard,100,1
30,4,standard,1,0
30,4,standard,2,0
30,4,standard,3,1
30,4,standard,4,0
30,4,standard,5,1
30,4,standard,6,1
30,4,standard,7,1
30,4,standard,8,1
30,4,standard,9,1
30,4,standard,10,1
30,4,standard,11,1
30,4,standard,12,1
30,4,standard,13,1
30,4,standard,14,0
30,4,standard,15,1
30,4,standard,16,1
30,4,standard,17,1
30,4,standard,18,1
30,4,standard,19,0
30,4,standard,20,1
30,4,standard,21,0
30,4,standard,22,0
30,4,standard,23,1
30,4,standard,24,1
30,4,standard,25,0
30,4,standard,26,1
30,4,standard,27,0
30,4,standard,28,1
30,4,standard,29,1
30,4,standard,30,1
30,4,standard,31,0
30,4,standard,32,1
30,4,standard,33,1
30,4,standard,34,1
30,4,standard,35,1
30,4,standard,36,0
30,4,standard,37,1
30,4,standard,38,0
30,4,standard,39,0
30,4,standard,40,0
30,4,standard,41,1
30,4,standard,42,1
30,4,standard,43,1
30,4,standard,44,0
30,4,standard,45,1
30,4,standard,46,1
30,4,standard,47,1
30,4,standard,48,1
30,4,standard,49,1
30,4,standard,50,1
30,4,standard,51,1
30,4,standard,52,0
30,4,standard,53,1
30,4,standard,54,1
30,4,standard,55,1
30,4,standard,56,0
30,4,standard,57,0
30,4,standard,58,1
30,4,standard,59,0
30,4,standard,60,0
30,4,standard,61,1
30,4,standard,62,0
30,4,standard,63,1
30,4,standard,64,1
30,4,standard,65,1
30,4,standard,66,0
30,4,standard,67,1
30,4,standard,68,1
30,4,standard,69,1
30,4,standard,70,0
30,4,standard,71,0
30,4,standard,72,1
30,4,standard,73,1
30,4,standard,74,0
30,4,standard,75,0
30,4,standard,76,0
30,4,standard,77,1
30,4,standard,78,1
30,4,standard,79,1
30,4,standard,80,0
30,4,standard,81,0
30,4,standard,82,0
30,4,standard,83,1
30,4,standard,84,1
30,4,standard,85,0
30,4,standard,86,0
30,4,standard,87,1
30,4,standard,88,0
30,4,standard,89,1
30,4,standard,90,0
30,4,standard,91,1
30,4,standard,92,1
30,4,standard,93,1
30,4,standard,94,1
30,4,standard,95,1
30,4,standard,96,0
30,4,standard,97,0
30,4,standard,98,1
30,4,standard,99,1
30,4,standard,100,1
30,4,hard,1,0
30,4,hard,2,0
30,4,hard,3,0
30,4,hard,4,1
30,4,hard,5,0
30,4,hard,6,1
30,4,hard,7,1
30,4,hard,8,1
30,4,hard,9,1
30,4,hard,10,0
30,4,hard,11,0
30,4,hard,12,1
30,4,hard,13,1
30,4,hard,14,1
30,4,hard,15,0
30,4,hard,16,0
30,4,hard,17,1
30,4,hard,18,1
30,4,hard,19,1
30,4,hard,20,1
30,4,hard,21,1
30,4,hard,22,1
30,4,hard,23,0
30,4,hard,24,1
30,4,hard,25,0
30,4,hard,26,0
30,4,hard,27,0
30,4,hard,28,1
30,4,hard,29,0
30,4,hard,30,0
30,4,hard,31,1
30,4,hard,32,0
30,4,hard,33,0
30,4,hard,34,1
30,4,hard,35,0
30,4,hard,36,0
30,4,hard,37,0
30,4,hard,38,1
30,4,hard,39,1
30,4,hard,40,0
30,4,hard,41,1
30,4,hard,42,1
30,4,hard,43,0
30,4,hard,44,1
30,4,hard,45,0
30,4,hard,46,1
30,4,hard,47,1
30,4,hard,48,1
30,4,hard,49,0
30,4,hard,50,0
30,4,hard,51,0
30,4,hard,52,1
30,4,hard,53,1
30,4,hard,54,0
30,4,hard,55,0
30,4,hard,56,0
30,4,hard,57,0
30,4,hard,58,1
30,4,hard,59,1
30,4,hard,60,0
30,4,hard,61,1
30,4,hard,62,1
30,4,hard,63,0
30,4,hard,64,0
30,4,hard,65,1
30,4,hard,66,1
30,4,hard,67,1
30,4,hard,68,0
30,4,hard,69,0
30,4,hard,70,0
30,4,hard,71,1
30,4,hard,72,0
30,4,hard,73,1
30,4,hard,74,0
30,4,hard,75,0
30,4,hard,76,0
30,4,hard,77,1
30,4,hard,78,0
30,4,hard,79,0
30,4,hard,80,1
30,4,hard,81,1
30,4,hard,82,1
30,4,hard,83,1
30,4,hard,84,1
30,4,hard,85,0
30,4,hard,86,0
30,4,hard,87,0
30,4,hard,88,0
30,4,hard,89,1
30,4,hard,90,1
30,4,hard,91,0
30,4,hard,92,0
30,4,hard,93,1
30,4,hard,94,0
30,4,hard,95,0
30,4,hard,96,1
30,4,hard,97,0
30,4,hard,98,1
30,4,hard,99,0
30,4,hard,100,0
30,5,standard,1,0
30,5,standard,2,1
30,5,standard,3,0
30,5,standard,4,1
30,5,standard,5,0
30,5,standard,6,0
30,5,standard,7,1
30,5,standard,8,0
30,5,standard,9,1
30,5,standard,10,0
30,5,standard,11,0
30,5,standard,12,1
30,5,standard,13,1
30,5,standard,14,0
30,5,standard,15,1
30,5,standard,16,0
30,5,standard,17,0
30,5,standard,18,0
30,5,standard,19,1
30,5,standard,20,1
30,5,standard,21,0
30,5,standard,22,1
30,5,standard,23,0
30,5,standard,24,1
30,5,standard,25,1
30,5,standard,26,1
30,5,standard,27,0
30,5,standard,28,1
30,5,standard,29,1
30,5,standard,30,1
30,5,standard,31,0
30,5,standard,32,1
30,5,standard,33,1
30,5,standard,34,1
30,5,standard,35,0
30,5,standard,36,1
30,5,standard,37,1
30,5,standard,38,1
30,5,standard,39,1
30,5,standard,40,1
30,5,standard,41,1
30,5,standard,42,0
30,5,standard,43,0
30,5,standard,44,0
30,5,standard,45,0
30,5,standard,46,1
30,5,standard,47,1
30,5,standard,48,1
30,5,standard,49,1
30,5,standard,50,1
30,5,standard,51,0
30,5,standard,52,1
30,5,standard,53,1
30,5,standard,54,1
30,5,standard,55,0
30,5,standard,56,1
30,5,standard,57,0
30,5,standard,58,1
30,5,standard,59,1
30,5,standard,60,1
30,5,standard,61,1
30,5,standard,62,0
30,5,standard,63,0
30,5,standard,64,1
30,5,standard,65,1
30,5,standard,66,1
30,5,standard,67,1
30,5,standard,68,1
30,5,standard,69,0
30,5,standard,70,1
30,5,standard,71,1
30,5,standard,72,0
30,5,standard,73,0
30,5,standard,74,0
30,5,standard,75,1
30,5,standard,76,0
30,5,standard,77,1
30,5,standard,78,0
30,5,standard,79,1
30,5,standard,80,0
30,5,standard,81,1
30,5,standard,82,0
30,5,standard,83,0
30,5,standard,84,0
30,5,standard,85,1
30,5,standard,86,1
30,5,standard,87,0
30,5,standard,88,0
30,5,standard,89,1
30,5,standard,90,0
30,5,standard,91,1
30,5,standard,92,1
30,5,standard,93,1
30,5,standard,94,1
30,5,standard,95,1
30,5,standard,96,1
30,5,standard,97,0
30,5,standard,98,0
30,5,standard,99,0
30,5,standard,100,1
30,5,hard,1,0
30,5,hard,2,1
30,5,hard,3,1
30,5,hard,4,1
30,5,hard,5,1
30,5,hard,6,1
30,5,hard,7,0
30,5,hard,8,1
30,5,hard,9,1
30,5,hard,10,0
30,5,hard,11,1
30,5,hard,12,0
30,5,hard,13,1
30,5,hard,14,0
30,5,hard,15,0
30,5,hard,16,1
30,5,hard,17,1
30,5,hard,18,0
30,5,hard,19,0
30,5,hard,20,1
30,5,hard,21,1
30,5,hard,22,1
30,5,hard,23,1
30,5,hard,24,1
30,5,hard,25,1
30,5,hard,26,0
30,5,hard,27,0
30,5,hard,28,0
30,5,hard,29,0
30,5,hard,30,1
30,5,hard,31,0
30,5,hard,32,1
30,5,hard,33,1
30,5,hard,34,0
30,5,hard,35,1
30,5,hard,36,1
30,5,hard,37,0
30,5,hard,38,1
30,5,hard,39,0
30,5,hard,40,0
30,5,hard,41,1
30,5,hard,42,1
30,5,hard,43,0
30,5,hard,44,0
30,5,hard,45,1
30,5,hard,46,0
30,5,hard,47,0
30,5,hard,48,1
30,5,hard,49,1
30,5,hard,50,1
30,5,hard,51,0
30,5,hard,52,1
30,5,hard,53,1
30,5,hard,54,0
30,5,hard,55,1
30,5,hard,56,1
30,5,hard,57,0
30,5,hard,58,0
30,5,hard,59,0
30,5,hard,60,0
30,5,hard,61,0
30,5,hard,62,0
30,5,hard,63,1
30,5,hard,64,1
30,5,hard,65,0
30,5,hard,66,0
30,5,hard,67,0
30,5,hard,68,0
30,5,hard,69,0
30,5,hard,70,1
30,5,hard,71,1
30,5,hard,72,0
30,5,hard,73,0
30,5,hard,74,1
30,5,hard,75,1
30,5,hard,76,1
30,5,hard,77,1
30,5,hard,78,0
30,5,hard,79,0
30,5,hard,80,0
30,5,hard,81,0
30,5,hard,82,1
30,5,hard,83,1
30,5,hard,84,1
30,5,hard,85,1
30,5,hard,86,0
30,5,hard,87,1
30,5,hard,88,1
30,5,hard,89,0
30,5,hard,90,1
30,5,hard,91,1
30,5,hard,92,1
30,5,hard,93,1
30,5,hard,94,1
30,5,hard,95,1
30,5,hard,96,0
30,5,hard,97,0
30,5,hard,98,1
30,5,hard,99,1
30,5,hard,100,1
31,1,standard,1,0
31,1,standard,2,1
31,1,standard,3,0
31,1,standard,4,0
31,1,standard,5,0
31,1,standard,6,1
31,1,standard,7,1
31,1,standard,8,1
31,1,standard,9,1
31,1,standard,10,1
31,1,standard,11,1
31,1,standard,12,1
31,1,standard,13,1
31,1,standard,14,1
31,1,standard,15,1
31,1,standard,16,1
31,1,standard,17,1
31,1,standard,18,0
31,1,standard,19,1
31,1,standard,20,1
31,1,standard,21,1
31,1,standard,22,1
31,1,standard,23,1
31,1,standard,24,1
31,1,standard,25,1
31,1,standard,26,1
31,1,standard,27,1
31,1,standard,28,1
31,1,standard,29,0
31,1,standard,30,1
31,1,standard,31,0
31,1,standard,32,1
31,1,standard,33,1
31,1,standard,34,1
31,1,standard,35,0
31,1,standard,36,0
31,1,standard,37,1
31,1,standard,38,0
31,1,standard,39,0
31,1,standard,40,1
31,1,standard,41,1
31,1,standard,42,0
31,1,standard,43,0
31,1,standard,44,0
31,1,standard,45,0
31,1,standard,46,0
31,1,standard,47,1
31,1,standard,48,0
31,1,standard,49,1
31,1,standard,50,1
31,1,standard,51,0
31,1,standard,52,1
31,1,standard,53,1
31,1,standard,54,1
31,1,standard,55,1
31,1,standard,56,1
31,1,standard,57,1
31,1,standard,58,1
31,1,standard,59,1
31,1,standard,60,1
31,1,standard,61,1
31,1,standard,62,1
31,1,standard,63,1
31,1,standard,64,0
31,1,standard,65,1
31,1,standard,66,0
31,1,standard,67,1
31,1,standard,68,1
31,1,standard,69,1
31,1,standard,70,1
31,1,standard,71,1
31,1,standard,72,0
31,1,standard,73,1
31,1,standard,74,1
31,1,standard,75,1
31,1,standard,76,1
31,1,standard,77,1
31,1,standard,78,0
31,1,standard,79,1
31,1,standard,80,1
31,1,standard,81,0
31,1,standard,82,1
31,1,standard,83,1
31,1,standard,84,1
31,1,standard,85,1
31,1,standard,86,1
31,1,standard,87,1
31,1,standard,88,0
31,1,standard,89,0
31,1,standard,90,1
31,1,standard,91,0
31,1,standard,92,0
31,1,standard,93,1
31,1,standard,94,0
31,1,standard,95,1
31,1,standard,96,1
31,1,standard,97,1
31,1,standard,98,0
31,1,standard,99,1
31,1,standard,100,1
31,1,hard,1,0
31,1,hard,2,1
31,1,hard,3,0
31,1,hard,4,1
31,1,hard,5,0
31,1,hard,6,0
31,1,hard,7,0
31,1,hard,8,0
31,1,hard,9,1
31,1,hard,10,0
31,1,hard,11,0
31,1,hard,12,0
31,1,hard,13,1
31,1,hard,14,1
31,1,hard,15,0
31,1,hard,16,0
31,1,hard,17,1
31,1,hard,18,0
31,1,hard,19,1
31,1,hard,20,1
31,1,hard,21,0
31,1,hard,22,0
31,1,hard,23,0
31,1,hard,24,1
31,1,hard,25,0
31,1,hard,26,0
31,1,hard,27,1
31,1,hard,28,0
31,1,hard,29,0
31,1,hard,30,0
31,1,hard,31,1
31,1,hard,32,1
31,1,hard,33,0
31,1,hard,34,1
31,1,hard,35,1
31,1,hard,36,0
31,1,hard,37,0
31,1,hard,38,0
31,1,hard,39,0
31,1,hard,40,0
31,1,hard,41,0
31,1,hard,42,1
31,1,hard,43,0
31,1,hard,44,1
31,1,hard,45,0
31,1,hard,46,0
31,1,hard,47,0
31,1,hard,48,1
31,1,hard,49,1
31,1,hard,50,1
31,1,hard,51,0
31,1,hard,52,0
31,1,hard,53,1
31,1,hard,54,1
31,1,hard,55,1
31,1,hard,56,1
31,1,hard,57,1
31,1,hard,58,0
31,1,hard,59,1
31,1,hard,60,0
31,1,hard,61,1
31,1,hard,62,1
31,1,hard,63,1
31,1,hard,64,1
31,1,hard,65,1
31,1,hard,66,1
31,1,hard,67,1
31,1,hard,68,0
31,1,hard,69,1
31,1,hard,70,0
31,1,hard,71,0
31,1,hard,72,0
31,1,hard,73,1
31,1,hard,74,0
31,1,hard,75,1
31,1,hard,76,1
31,1,hard,77,0
31,1,hard,78,0
31,1,hard,79,0
31,1,hard,80,0
31,1,hard,81,0
31,1,hard,82,1
31,1,hard,83,1
31,1,hard,84,0
31,1,hard,85,1
31,1,hard,86,1
31,1,hard,87,0
31,1,hard,88,1
31,1,hard,89,0
31,1,hard,90,1
31,1,hard,91,0
31,1,hard,92,1
31,1,hard,93,0
31,1,hard,94,0
31,1,hard,95,1
31,1,hard,96,1
31,1,hard,97,1
31,1,hard,98,1
31,1,hard,99,0
31,1,hard,100,0
31,2,standard,1,1
31,2,standard,2,0
31,2,standard,3,1
31,2,standard,4,1
31,2,standard,5,1
31,2,standard,6,1
31,2,standard,7,1
31,2,standard,8,1
31,2,standard,9,1
31,2,standard,10,1
31,2,standard,11,1
31,2,standard,12,0
31,2,standard,13,1
31,2,standard,14,1
31,2,standard,15,1
31,2,standard,16,1
31,2,standard,17,0
31,2,standard,18,1
31,2,standard,19,0
31,2,standard,20,1
31,2,standard,21,1
31,2,standard,22,1
31,2,standard,23,1
31,2,standard,24,1
31,2,standard,25,1
31,2,standard,26,1
31,2,standard,27,1
31,2,standard,28,1
31,2,standard,29,1
31,2,standard,30,1
31,2,standard,31,1
31,2,standard,32,1
31,2,standard,33,0
31,2,standard,34,1
31,2,standard,35,1
31,2,standard,36,0
31,2,standard,37,1
31,2,standard,38,1
31,2,standard,39,0
31,2,standard,40,1
31,2,standard,41,1
31,2,standard,42,0
31,2,standard,43,1
31,2,standard,44,1
31,2,standard,45,1
31,2,standard,46,0
31,2,standard,47,1
31,2,standard,48,1
31,2,standard,49,1
31,2,standard,50,1
31,2,standard,51,1
31,2,standard,52,1
31,2,standard,53,1
31,2,standard,54,1
31,2,standard,55,1
31,2,standard,56,1
31,2,standard,57,1
31,2,standard,58,1
31,2,standard,59,1
31,2,standard,60,0
31,2,standard,61,1
31,2,standard,62,1
31,2,standard,63,1
31,2,standard,64,0
31,2,standard,65,1
31,2,standard,66,1
31,2,standard,67,1
31,2,standard,68,1
31,2,standard,69,1
31,2,standard,70,1
31,2,standard,71,1
31,2,standard,72,1
31,2,standard,73,1
31,2,standard,74,1
31,2,standard,75,1
31,2,standard,76,1
31,2,standard,77,1
31,2,standard,78,1
31,2,standard,79,0
31,2,standard,80,0
31,2,standard,81,1
31,2,standard,82,0
31,2,standard,83,1
31,2,standard,84,1
31,2,standard,85,1
31,2,standard,86,1
31,2,standard,87,1
31,2,standard,88,1
31,2,standard,89,1
31,2,standard,90,1
31,2,standard,91,1
31,2,standard,92,1
31,2,standard,93,0
31,2,standard,94,1
31,2,standard,95,0
31,2,standard,96,0
31,2,standard,97,1
31,2,standard,98,0
31,2,standard,99,0
31,2,standard,100,1
31,2,hard,1,0
31,2,hard,2,0
31,2,hard,3,0
31,2,hard,4,0
31,2,hard,5,1
31,2,hard,6,1
31,2,hard,7,0
31,2,hard,8,0
31,2,hard,9,0
31,2,hard,10,1
31,2,hard,11,1
31,2,hard,12,1
31,2,hard,13,0
31,2,hard,14,1
31,2,hard,15,0
31,2,hard,16,0
31,2,hard,17,1
31,2,hard,18,1
31,2,hard,19,1
31,2,hard,20,0
31,2,hard,21,0
31,2,hard,22,0
31,2,hard,23,0
31,2,hard,24,0
31,2,hard,25,1
31,2,hard,26,0
31,2,hard,27,0
31,2,hard,28,1
31,2,hard,29,1
31,2,hard,30,1
31,2,hard,31,1
31,2,hard,32,0
31,2,hard,33,0
31,2,hard,34,0
31,2,hard,35,0
31,2,hard,36,1
31,2,hard,37,1
31,2,hard,38,0
31,2,hard,39,1
31,2,hard,40,0
31,2,hard,41,0
31,2,hard,42,1
31,2,hard,43,1
31,2,hard,44,0
31,2,hard,45,0
31,2,hard,46,0
31,2,hard,47,1
31,2,hard,48,1
31,2,hard,49,1
31,2,hard,50,1
31,2,hard,51,0
31,2,hard,52,0
31,2,hard,53,0
31,2,hard,54,0
31,2,hard,55,1
31,2,hard,56,0
31,2,hard,57,0
31,2,hard,58,0
31,2,hard,59,0
31,2,hard,60,1
31,2,hard,61,1
31,2,hard,62,0
31,2,hard,63,0
31,2,hard,64,1
31,2,hard,65,0
31,2,hard,66,1
31,2,hard,67,0
31,2,hard,68,1
31,2,hard,69,0
31,2,hard,70,1
31,2,hard,71,1
31,2,hard,72,0
31,2,hard,73,1
31,2,hard,74,0
31,2,hard,75,0
31,2,hard,76,1
31,2,hard,77,1
31,2,hard,78,1
31,2,hard,79,0
31,2,hard,80,1
31,2,hard,81,0
31,2,hard,82,1
31,2,hard,83,1
31,2,hard,84,0
31,2,hard,85,0
31,2,hard,86,0
31,2,hard,87,0
31,2,hard,88,0
31,2,hard,89,1
31,2,hard,90,0
31,2,hard,91,0
31,2,hard,92,0
31,2,hard,93,1
31,2,hard,94,1
31,2,hard,95,0
31,2,hard,96,1
31,2,hard,97,0
31,2,hard,98,0
31,2,hard,99,0
31,2,hard,100,0
31,3,standard,1,1
31,3,standard,2,1
31,3,standard,3,0
31,3,standard,4,1
31,3,standard,5,1
31,3,standard,6,0
31,3,standard,7,1
31,3,standard,8,1
31,3,standard,9,1
31,3,standard,10,0
31,3,standard,11,1
31,3,standard,12,0
31,3,standard,13,1
31,3,standard,14,0
31,3,standard,15,0
31,3,standard,16,1
31,3,standard,17,1
31,3,standard,18,1
31,3,standard,19,0
31,3,standard,20,1
31,3,standard,21,1
31,3,standard,22,1
31,3,standard,23,0
31,3,standard,24,1
31,3,standard,25,1
31,3,standard,26,1
31,3,standard,27,1
31,3,standard,28,1
31,3,standard,29,1
31,3,standard,30,1
31,3,standard,31,1
31,3,standard,32,1
31,3,standard,33,1
31,3,standard,34,0
31,3,standard,35,1
31,3,standard,36,1
31,3,standard,37,1
31,3,standard,38,0
31,3,standard,39,0
31,3,standard,40,1
31,3,standard,41,1
31,3,standard,42,1
31,3,standard,43,0
31,3,standard,44,0
31,3,standard,45,0
31,3,standard,46,1
31,3,standard,47,1
31,3,standard,48,1
31,3,standard,49,1
31,3,standard,50,1
31,3,standard,51,1
31,3,standard,52,1
31,3,standard,53,1
31,3,standard,54,1
31,3,standard,55,1
31,3,standard,56,1
31,3,standard,57,1
31,3,standard,58,0
31,3,standard,59,0
31,3,standard,60,1
31,3,standard,61,1
31,3,standard,62,1
31,3,standard,63,1
31,3,standard,64,1
31,3,standard,65,1
31,3,standard,66,1
31,3,standard,67,1
31,3,standard,68,0
31,3,standard,69,0
31,3,standard,70,0
31,3,standard,71,0
31,3,standard,72,0
31,3,standard,73,1
31,3,standard,74,0
31,3,standard,75,1
31,3,standard,76,0
31,3,standard,77,0
31,3,standard,78,0
31,3,standard,79,0
31,3,standard,80,1
31,3,standard,81,1
31,3,standard,82,0
31,3,standard,83,1
31,3,standard,84,1
31,3,standard,85,1
31,3,standard,86,1
31,3,standard,87,1
31,3,standard,88,0
31,3,standard,89,0
31,3,standard,90,0
31,3,standard,91,0
31,3,standard,92,1
31,3,standard,93,1
31,3,standard,94,1
31,3,standard,95,1
31,3,standard,96,1
31,3,standard,97,1
31,3,standard,98,0
31,3,standard,99,0
31,3,standard,100,1
31,3,hard,1,1
31,3,hard,2,0
31,3,hard,3,0
31,3,hard,4,0
31,3,hard,5,1
31,3,hard,6,1
31,3,hard,7,1
31,3,hard,8,1
31,3,hard,9,1
31,3,hard,10,1
31,3,hard,11,1
31,3,hard,12,0
31,3,hard,13,1
31,3,hard,14,1
31,3,hard,15,0
31,3,hard,16,1
31,3,hard,17,1
31,3,hard,18,1
31,3,hard,19,1
31,3,hard,20,1
31,3,hard,21,1
31,3,hard,22,1
31,3,hard,23,1
31,3,hard,24,1
31,3,hard,25,0
31,3,hard,26,0
31,3,hard,27,0
31,3,hard,28,1
31,3,hard,29,0
31,3,hard,30,0
31,3,hard,31,0
31,3,hard,32,1
31,3,hard,33,0
31,3,hard,34,1
31,3,hard,35,1
31,3,hard,36,1
31,3,hard,37,0
31,3,hard,38,1
31,3,hard,39,1
31,3,hard,40,1
31,3,hard,41,1
31,3,hard,42,0
31,3,hard,43,0
31,3,hard,44,0
31,3,hard,45,1
31,3,hard,46,0
31,3,hard,47,1
31,3,hard,48,1
31,3,hard,49,1
31,3,hard,50,1
31,3,hard,51,0
31,3,hard,52,0
31,3,hard,53,1
31,3,hard,54,1
31,3,hard,55,0
31,3,hard,56,1
31,3,hard,57,0
31,3,hard,58,0
31,3,hard,59,0
31,3,hard,60,0
31,3,hard,61,0
31,3,hard,62,1
31,3,hard,63,0
31,3,hard,64,1
31,3,hard,65,1
31,3,hard,66,1
31,3,hard,67,1
31,3,hard,68,1
31,3,hard,69,0
31,3,hard,70,0
31,3,hard,71,0
31,3,hard,72,1
31,3,hard,73,0
31,3,hard,74,1
31,3,hard,75,1
31,3,hard,76,1
31,3,hard,77,0
31,3,hard,78,0
31,3,hard,79,0
31,3,hard,80,1
31,3,hard,81,1
31,3,hard,82,1
31,3,hard,83,1
31,3,hard,84,0
31,3,hard,85,0
31,3,hard,86,1
31,3,hard,87,1
31,3,hard,88,1
31,3,hard,89,1
31,3,hard,90,1
31,3,hard,91,1
31,3,hard,92,0
31,3,hard,93,1
31,3,hard,94,0
31,3,hard,95,0
31,3,hard,96,0
31,3,hard,97,1
31,3,hard,98,0
31,3,hard,99,0
31,3,hard,100,1
31,4,standard,1,0
31,4,standard,2,0
31,4,standard,3,1
31,4,standard,4,1
31,4,standard,5,1
31,4,standard,6,1
31,4,standard,7,1
31,4,standard,8,1
31,4,standard,9,1
31,4,standard,10,1
31,4,standard,11,0
31,4,standard,12,1
31,4,standard,13,1
31,4,standard,14,1
31,4,standard,15,1
31,4,standard,16,1
31,4,standard,17,0
31,4,standard,18,1
31,4,standard,19,0
31,4,standard,20,0
31,4,standard,21,0
31,4,standard,22,0
31,4,standard,23,0
31,4,standard,24,1
31,4,standard,25,1
31,4,standard,26,1
31,4,standard,27,0
31,4,standard,28,0
31,4,standard,29,1
31,4,standard,30,1
31,4,standard,31,1
31,4,standard,32,1
31,4,standard,33,1
31,4,standard,34,1
31,4,standard,35,1
31,4,standard,36,0
31,4,standard,37,1
31,4,standard,38,1
31,4,standard,39,0
31,4,standard,40,1
31,4,standard,41,1
31,4,standard,42,1
31,4,standard,43,1
31,4,standard,44,1
31,4,standard,45,1
31,4,standard,46,1
31,4,standard,47,0
31,4,standard,48,1
31,4,standard,49,1
31,4,standard,50,1
31,4,standard,51,1
31,4,standard,52,0
31,4,standard,53,1
31,4,standard,54,0
31,4,standard,55,0
31,4,standard,56,1
31,4,standard,57,1
31,4,standard,58,1
31,4,standard,59,1
31,4,standard,60,0
31,4,standard,61,0
31,4,standard,62,1
31,4,standard,63,1
31,4,standard,64,1
31,4,standard,65,0
31,4,standard,66,1
31,4,standard,67,1
31,4,standard,68,0
31,4,standard,69,1
31,4,standard,70,0
31,4,standard,71,1
31,4,standard,72,1
31,4,standard,73,1
31,4,standard,74,1
31,4,standard,75,0
31,4,standard,76,1
31,4,standard,77,0
31,4,standard,78,1
31,4,standard,79,1
31,4,standard,80,1
31,4,standard,81,1
31,4,standard,82,1
31,4,standard,83,0
31,4,standard,84,1
31,4,standard,85,1
31,4,standard,86,0
31,4,standard,87,1
31,4,standard,88,0
31,4,standard,89,1
31,4,standard,90,1
31,4,standard,91,1
31,4,standard,92,1
31,4,standard,93,0
31,4,standard,94,1
31,4,standard,95,0
31,4,standard,96,1
31,4,standard,97,0
31,4,standard,98,1
31,4,standard,99,1
31,4,standard,100,1
31,4,hard,1,0
31,4,hard,2,0
31,4,hard,3,0
31,4,hard,4,0
31,4,hard,5,0
31,4,hard,6,0
31,4,hard,7,1
31,4,hard,8,1
31,4,hard,9,1
31,4,hard,10,1
31,4,hard,11,1
31,4,hard,12,1
31,4,hard,13,0
31,4,hard,14,0
31,4,hard,15,1
31,4,hard,16,1
31,4,hard,17,1
31,4,hard,18,0
31,4,hard,19,1
31,4,hard,20,0
31,4,hard,21,0
31,4,hard,22,0
31,4,hard,23,0
31,4,hard,24,0
31,4,hard,25,0
31,4,hard,26,0
31,4,hard,27,1
31,4,hard,28,0
31,4,hard,29,0
31,4,hard,30,1
31,4,hard,31,0
31,4,hard,32,0
31,4,hard,33,1
31,4,hard,34,0
31,4,hard,35,0
31,4,hard,36,1
31,4,hard,37,1
31,4,hard,38,1
31,4,hard,39,0
31,4,hard,40,0
31,4,hard,41,0
31,4,hard,42,0
31,4,hard,43,0
31,4,hard,44,0
31,4,hard,45,0
31,4,hard,46,0
31,4,hard,47,1
31,4,hard,48,0
31,4,hard,49,0
31,4,hard,50,0
31,4,hard,51,1
31,4,hard,52,1
31,4,hard,53,1
31,4,hard,54,0
31,4,hard,55,0
31,4,hard,56,1
31,4,hard,57,0
31,4,hard,58,0
31,4,hard,59,0
31,4,hard,60,0
31,4,hard,61,0
31,4,hard,62,0
31,4,hard,63,0
31,4,hard,64,1
31,4,hard,65,0
31,4,hard,66,0
31,4,hard,67,1
31,4,hard,68,0
31,4,hard,69,0
31,4,hard,70,1
31,4,hard,71,0
31,4,hard,72,1
31,4,hard,73,1
31,4,hard,74,0
31,4,hard,75,0
31,4,hard,76,0
31,4,hard,77,1
31,4,hard,78,1
31,4,hard,79,0
31,4,hard,80,0
31,4,hard,81,1
31,4,hard,82,1
31,4,hard,83,1
31,4,hard,84,1
31,4,hard,85,1
31,4,hard,86,1
31,4,hard,87,1
31,4,hard,88,1
31,4,hard,89,0
31,4,hard,90,0
31,4,hard,91,0
31,4,hard,92,0
31,4,hard,93,0
31,4,hard,94,0
31,4,hard,95,0
31,4,hard,96,0
31,4,hard,97,0
31,4,hard,98,0
31,4,hard,99,0
31,4,hard,100,1
31,5,standard,1,1
31,5,standard,2,1
31,5,standard,3,1
31,5,standard,4,1
31,5,standard,5,0
31,5,standard,6,1
31,5,standard,7,1
31,5,standard,8,1
31,5,standard,9,1
31,5,standard,10,1
31,5,standard,11,1
31,5,standard,12,1
31,5,standard,13,0
31,5,standard,14,1
31,5,standard,15,1
31,5,standard,16,1
31,5,standard,17,1
31,5,standard,18,0
31,5,standard,19,1
31,5,standard,20,1
31,5,standard,21,1
31,5,standard,22,1
31,5,standard,23,0
31,5,standard,24,1
31,5,standard,25,0
31,5,standard,26,0
31,5,standard,27,0
31,5,standard,28,1
31,5,standard,29,1
31,5,standard,30,1
31,5,standard,31,1
31,5,standard,32,1
31,5,standard,33,0
31,5,standard,34,1
31,5,standard,35,1
31,5,standard,36,1
31,5,standard,37,1
31,5,standard,38,1
31,5,standard,39,0
31,5,standard,40,1
31,5,standard,41,1
31,5,standard,42,1
31,5,standard,43,1
31,5,standard,44,1
31,5,standard,45,1
31,5,standard,46,1
31,5,standard,47,0
31,5,standard,48,1
31,5,standard,49,1
31,5,standard,50,1
31,5,standard,51,1
31,5,standard,52,1
31,5,standard,53,1
31,5,standard,54,1
31,5,standard,55,1
31,5,standard,56,1
31,5,standard,57,1
31,5,standard,58,1
31,5,standard,59,1
31,5,standard,60,1
31,5,standard,61,1
31,5,standard,62,1
31,5,standard,63,1
31,5,standard,64,0
31,5,standard,65,1
31,5,standard,66,0
31,5,standard,67,1
31,5,standard,68,0
31,5,standard,69,0
31,5,standard,70,1
31,5,standard,71,0
31,5,standard,72,1
31,5,standard,73,1
31,5,standard,74,1
31,5,standard,75,1
31,5,standard,76,1
31,5,standard,77,1
31,5,standard,78,0
31,5,standard,79,1
31,5,standard,80,1
31,5,standard,81,1
31,5,standard,82,1
31,5,standard,83,1
31,5,standard,84,1
31,5,standard,85,1
31,5,standard,86,1
31,5,standard,87,1
31,5,standard,88,0
31,5,standard,89,1
31,5,standard,90,1
31,5,standard,91,0
31,5,standard,92,1
31,5,standard,93,1
31,5,standard,94,1
31,5,standard,95,1
31,5,standard,96,1
31,5,standard,97,1
31,5,standard,98,1
31,5,standard,99,1
31,5,standard,100,1
31,5,hard,1,1
31,5,hard,2,0
31,5,hard,3,0
31,5,hard,4,0
31,5,hard,5,1
31,5,hard,6,0
31,5,hard,7,1
31,5,hard,8,0
31,5,hard,9,1
31,5,hard,10,0
31,5,hard,11,1
31,5,hard,12,0
31,5,hard,13,0
31,5,hard,14,1
31,5,hard,15,1
31,5,hard,16,0
31,5,hard,17,1
31,5,hard,18,0
31,5,hard,19,0
31,5,hard,20,1
31,5,hard,21,0
31,5,hard,22,0
31,5,hard,23,1
31,5,hard,24,0
31,5,hard,25,0
31,5,hard,26,0
31,5,hard,27,1
31,5,hard,28,1
31,5,hard,29,0
31,5,hard,30,1
31,5,hard,31,1
31,5,hard,32,0
31,5,hard,33,1
31,5,hard,34,0
31,5,hard,35,1
31,5,hard,36,0
31,5,hard,37,1
31,5,hard,38,0
31,5,hard,39,1
31,5,hard,40,1
31,5,hard,41,0
31,5,hard,42,0
31,5,hard,43,0
31,5,hard,44,1
31,5,hard,45,1
31,5,hard,46,1
31,5,hard,47,0
31,5,hard,48,0
31,5,hard,49,0
31,5,hard,50,0
31,5,hard,51,1
31,5,hard,52,0
31,5,hard,53,0
31,5,hard,54,0
31,5,hard,55,1
31,5,hard,56,0
31,5,hard,57,0
31,5,hard,58,1
31,5,hard,59,1
31,5,hard,60,1
31,5,hard,61,0
31,5,hard,62,0
31,5,hard,63,0
31,5,hard,64,0
31,5,hard,65,0
31,5,hard,66,1
31,5,hard,67,1
31,5,hard,68,1
31,5,hard,69,0
31,5,hard,70,0
31,5,hard,71,1
31,5,hard,72,0
31,5,hard,73,1
31,5,hard,74,0
31,5,hard,75,1
31,5,hard,76,1
31,5,hard,77,0
31,5,hard,78,1
31,5,hard,79,0
31,5,hard,80,1
31,5,hard,81,1
31,5,hard,82,1
31,5,hard,83,0
31,5,hard,84,1
31,5,hard,85,1
31,5,hard,86,1
31,5,hard,87,1
31,5,hard,88,0
31,5,hard,89,1
31,5,hard,90,0
31,5,hard,91,0
31,5,hard,92,1
31,5,hard,93,1
31,5,hard,94,0
31,5,hard,95,1
31,5,hard,96,1
31,5,hard,97,1
31,5,hard,98,0
31,5,hard,99,1
31,5,hard,100,1
32,1,standard,1,1
32,1,standard,2,1
32,1,standard,3,1
32,1,standard,4,0
32,1,standard,5,1
32,1,standard,6,0
32,1,standard,7,1
32,1,standard,8,0
32,1,standard,9,1
32,1,standard,10,0
32,1,standard,11,0
32,1,standard,12,1
32,1,standard,13,0
32,1,standard,14,1
32,1,standard,15,1
32,1,standard,16,0
32,1,standard,17,1
32,1,standard,18,1
32,1,standard,19,1
32,1,standard,20,0
32,1,standard,21,0
32,1,standard,22,1
32,1,standard,23,0
32,1,standard,24,1
32,1,standard,25,1
32,1,standard,26,1
32,1,standard,27,1
32,1,standard,28,1
32,1,standard,29,1
32,1,standard,30,1
32,1,standard,31,1
32,1,standard,32,1
32,1,standard,33,1
32,1,standard,34,1
32,1,standard,35,1
32,1,standard,36,1
32,1,standard,37,1
32,1,standard,38,0
32,1,standard,39,1
32,1,standard,40,1
32,1,standard,41,0
32,1,standard,42,1
32,1,standard,43,1
32,1,standard,44,1
32,1,standard,45,0
32,1,standard,46,0
32,1,standard,47,0
32,1,standard,48,0
32,1,standard,49,0
32,1,standard,50,0
32,1,standard,51,0
32,1,standard,52,0
32,1,standard,53,1
32,1,standard,54,1
32,1,standard,55,0
32,1,standard,56,1
32,1,standard,57,0
32,1,standard,58,1
32,1,standard,59,1
32,1,standard,60,0
32,1,standard,61,1
32,1,standard,62,0
32,1,standard,63,0
32,1,standard,64,0
32,1,standard,65,0
32,1,standard,66,1
32,1,standard,67,1
32,1,standard,68,1
32,1,standard,69,0
32,1,standard,70,0
32,1,standard,71,1
32,1,standard,72,1
32,1,standard,73,0
32,1,standard,74,0
32,1,standard,75,0
32,1,standard,76,1
32,1,standard,77,0
32,1,standard,78,0
32,1,standard,79,0
32,1,standard,80,0
32,1,standard,81,0
32,1,standard,82,1
32,1,standard,83,1
32,1,standard,84,1
32,1,standard,85,0
32,1,standard,86,1
32,1,standard,87,1
32,1,standard,88,0
32,1,standard,89,1
32,1,standard,90,1
32,1,standard,91,1
32,1,standard,92,0
32,1,standard,93,1
32,1,standard,94,0
32,1,standard,95,1
32,1,standard,96,1
32,1,standard,97,0
32,1,standard,98,1
32,1,standard,99,1
32,1,standard,100,1
32,1,hard,1,1
32,1,hard,2,0
32,1,hard,3,0
32,1,hard,4,1
32,1,hard,5,0
32,1,hard,6,0
32,1,hard,7,0
32,1,hard,8,0
32,1,hard,9,0
32,1,hard,10,1
32,1,hard,11,0
32,1,hard,12,0
32,1,hard,13,0
32,1,hard,14,1
32,1,hard,15,1
32,1,hard,16,0
32,1,hard,17,1
32,1,hard,18,1
32,1,hard,19,0
32,1,hard,20,1
32,1,hard,21,1
32,1,hard,22,0
32,1,hard,23,1
32,1,hard,24,1
32,1,hard,25,1
32,1,hard,26,1
32,1,hard,27,1
32,1,hard,28,0
32,1,hard,29,1
32,1,hard,30,1
32,1,hard,31,1
32,1,hard,32,1
32,1,hard,33,0
32,1,hard,34,1
32,1,hard,35,1
32,1,hard,36,1
32,1,hard,37,1
32,1,hard,38,0
32,1,hard,39,0
32,1,hard,40,1
32,1,hard,41,1
32,1,hard,42,1
32,1,hard,43,1
32,1,hard,44,1
32,1,hard,45,1
32,1,hard,46,1
32,1,hard,47,1
32,1,hard,48,0
32,1,hard,49,1
32,1,hard,50,0
32,1,hard,51,0
32,1,hard,52,1
32,1,hard,53,1
32,1,hard,54,0
32,1,hard,55,1
32,1,hard,56,1
32,1,hard,57,1
32,1,hard,58,1
32,1,hard,59,0
32,1,hard,60,1
32,1,hard,61,0
32,1,hard,62,1
32,1,hard,63,0
32,1,hard,64,1
32,1,hard,65,0
32,1,hard,66,0
32,1,hard,67,0
32,1,hard,68,0
32,1,hard,69,0
32,1,hard,70,0
32,1,hard,71,0
32,1,hard,72,1
32,1,hard,73,0
32,1,hard,74,1
32,1,hard,75,0
32,1,hard,76,1
32,1,hard,77,1
32,1,hard,78,1
32,1,hard,79,1
32,1,hard,80,1
32,1,hard,81,1
32,1,hard,82,0
32,1,hard,83,1
32,1,hard,84,1
32,1,hard,85,1
32,1,hard,86,1
32,1,hard,87,0
32,1,hard,88,0
32,1,hard,89,0
32,1,hard,90,0
32,1,hard,91,0
32,1,hard,92,0
32,1,hard,93,0
32,1,hard,94,0
32,1,hard,95,0
32,1,hard,96,0
32,1,hard,97,1
32,1,hard,98,1
32,1,hard,99,0
32,1,hard,100,1
32,2,standard,1,0
32,2,standard,2,1
32,2,standard,3,0
32,2,standard,4,1
32,2,standard,5,0
32,2,standard,6,1
32,2,standard,7,1
32,2,standard,8,1
32,2,standard,9,1
32,2,standard,10,1
32,2,standard,11,0
32,2,standard,12,0
32,2,standard,13,1
32,2,standard,14,1
32,2,standard,15,1
32,2,standard,16,1
32,2,standard,17,1
32,2,standard,18,1
32,2,standard,19,1
32,2,standard,20,1
32,2,standard,21,1
32,2,standard,22,0
32,2,standard,23,1
32,2,standard,24,1
32,2,standard,25,0
32,2,standard,26,0
32,2,standard,27,1
32,2,standard,28,0
32,2,standard,29,0
32,2,standard,30,1
32,2,standard,31,1
32,2,standard,32,1
32,2,standard,33,1
32,2,standard,34,1
32,2,standard,35,1
32,2,standard,36,1
32,2,standard,37,1
32,2,standard,38,1
32,2,standard,39,0
32,2,standard,40,1
32,2,standard,41,1
32,2,standard,42,0
32,2,standard,43,1
32,2,standard,44,1
32,2,standard,45,1
32,2,standard,46,1
32,2,standard,47,0
32,2,standard,48,1
32,2,standard,49,1
32,2,standard,50,0
32,2,standard,51,0
32,2,standard,52,0
32,2,standard,53,0
32,2,standard,54,1
32,2,standard,55,0
32,2,standard,56,1
32,2,standard,57,1
32,2,standard,58,0
32,2,standard,59,0
32,2,standard,60,1
32,2,standard,61,1
32,2,standard,62,0
32,2,standard,63,0
32,2,standard,64,1
32,2,standard,65,0
32,2,standard,66,1
32,2,standard,67,0
32,2,standard,68,1
32,2,standard,69,1
32,2,standard,70,1
32,2,standard,71,1
32,2,standard,72,1
32,2,standard,73,1
32,2,standard,74,1
32,2,standard,75,1
32,2,standard,76,1
32,2,standard,77,1
32,2,standard,78,0
32,2,standard,79,0
32,2,standard,80,1
32,2,standard,81,1
32,2,standard,82,0
32,2,standard,83,0
32,2,standard,84,1
32,2,standard,85,0
32,2,standard,86,1
32,2,standard,87,1
32,2,standard,88,0
32,2,standard,89,1
32,2,standard,90,0
32,2,standard,91,1
32,2,standard,92,0
32,2,standard,93,1
32,2,standard,94,1
32,2,standard,95,1
32,2,standard,96,0
32,2,standard,97,1
32,2,standard,98,1
32,2,standard,99,1
32,2,standard,100,0
32,2,hard,1,0
32,2,hard,2,0
32,2,hard,3,0
32,2,hard,4,0
32,2,hard,5,0
32,2,hard,6,0
32,2,hard,7,0
32,2,hard,8,0
32,2,hard,9,0
32,2,hard,10,1
32,2,hard,11,1
32,2,hard,12,1
32,2,hard,13,0
32,2,hard,14,1
32,2,hard,15,0
32,2,hard,16,1
32,2,hard,17,1
32,2,hard,18,0
32,2,hard,19,1
32,2,hard,20,1
32,2,hard,21,0
32,2,hard,22,1
32,2,hard,23,0
32,2,hard,24,0
32,2,hard,25,0
32,2,hard,26,0
32,2,hard,27,0
32,2,hard,28,0
32,2,hard,29,0
32,2,hard,30,1
32,2,hard,31,1
32,2,hard,32,0
32,2,hard,33,1
32,2,hard,34,0
32,2,hard,35,1
32,2,hard,36,0
32,2,hard,37,0
32,2,hard,38,0
32,2,hard,39,1
32,2,hard,40,1
32,2,hard,41,0
32,2,hard,42,1
32,2,hard,43,1
32,2,hard,44,0
32,2,hard,45,0
32,2,hard,46,1
32,2,hard,47,1
32,2,hard,48,1
32,2,hard,49,0
32,2,hard,50,1
32,2,hard,51,0
32,2,hard,52,1
32,2,hard,53,0
32,2,hard,54,0
32,2,hard,55,0
32,2,hard,56,0
32,2,hard,57,0
32,2,hard,58,1
32,2,hard,59,0
32,2,hard,60,0
32,2,hard,61,0
32,2,hard,62,0
32,2,hard,63,0
32,2,hard,64,0
32,2,hard,65,1
32,2,hard,66,0
32,2,hard,67,0
32,2,hard,68,1
32,2,hard,69,0
32,2,hard,70,0
32,2,hard,71,0
32,2,hard,72,0
32,2,hard,73,1
32,2,hard,74,0
32,2,hard,75,0
32,2,hard,76,0
32,2,hard,77,0
32,2,hard,78,0
32,2,hard,79,1
32,2,hard,80,0
32,2,hard,81,0
32,2,hard,82,0
32,2,hard,83,1
32,2,hard,84,0
32,2,hard,85,1
32,2,hard,86,0
32,2,hard,87,1
32,2,hard,88,0
32,2,hard,89,1
32,2,hard,90,0
32,2,hard,91,0
32,2,hard,92,0
32,2,hard,93,1
32,2,hard,94,1
32,2,hard,95,1
32,2,hard,96,0
32,2,hard,97,1
32,2,hard,98,1
32,2,hard,99,1
32,2,hard,100,1
32,3,standard,1,0
32,3,standard,2,0
32,3,standard,3,0
32,3,standard,4,1
32,3,standard,5,0
32,3,standard,6,1
32,3,standard,7,1
32,3,standard,8,1
32,3,standard,9,1
32,3,standard,10,1
32,3,standard,11,0
32,3,standard,12,0
32,3,standard,13,0
32,3,standard,14,1
32,3,standard,15,1
32,3,standard,16,0
32,3,standard,17,1
32,3,standard,18,0
32,3,standard,19,0
32,3,standard,20,0
32,3,standard,21,1
32,3,standard,22,1
32,3,standard,23,1
32,3,standard,24,1
32,3,standard,25,0
32,3,standard,26,1
32,3,standard,27,1
32,3,standard,28,1
32,3,standard,29,1
32,3,standard,30,1
32,3,standard,31,0
32,3,standard,32,1
32,3,standard,33,0
32,3,standard,34,0
32,3,standard,35,0
32,3,standard,36,0
32,3,standard,37,0
32,3,standard,38,1
32,3,standard,39,1
32,3,standard,40,0
32,3,standard,41,1
32,3,standard,42,0
32,3,standard,43,0
32,3,standard,44,1
32,3,standard,45,0
32,3,standard,46,0
32,3,standard,47,0
32,3,standard,48,0
32,3,standard,49,0
32,3,standard,50,1
32,3,standard,51,1
32,3,standard,52,1
32,3,standard,53,1
32,3,standard,54,0
32,3,standard,55,1
32,3,standard,56,0
32,3,standard,57,0
32,3,standard,58,0
32,3,standard,59,0
32,3,standard,60,0
32,3,standard,61,0
32,3,standard,62,0
32,3,standard,63,1
32,3,standard,64,1
32,3,standard,65,0
32,3,standard,66,1
32,3,standard,67,0
32,3,standard,68,1
32,3,standard,69,1
32,3,standard,70,0
32,3,standard,71,0
32,3,standard,72,0
32,3,standard,73,1
32,3,standard,74,0
32,3,standard,75,0
32,3,standard,76,1
32,3,standard,77,0
32,3,standard,78,0
32,3,standard,79,0
32,3,standard,80,1
32,3,standard,81,0
32,3,standard,82,1
32,3,standard,83,0
32,3,standard,84,0
32,3,standard,85,1
32,3,standard,86,1
32,3,standard,87,0
32,3,standard,88,0
32,3,standard,89,0
32,3,standard,90,0
32,3,standard,91,0
32,3,standard,92,1
32,3,standard,93,0
32,3,standard,94,0
32,3,standard,95,1
32,3,standard,96,0
32,3,standard,97,0
32,3,standard,98,0
32,3,standard,99,0
32,3,standard,100,1
32,3,hard,1,1
32,3,hard,2,1
32,3,hard,3,0
32,3,hard,4,0
32,3,hard,5,1
32,3,hard,6,1
32,3,hard,7,0
32,3,hard,8,1
32,3,hard,9,0
32,3,hard,10,1
32,3,hard,11,0
32,3,hard,12,1
32,3,hard,13,1
32,3,hard,14,0
32,3,hard,15,1
32,3,hard,16,1
32,3,hard,17,0
32,3,hard,18,0
32,3,hard,19,0
32,3,hard,20,0
32,3,hard,21,0
32,3,hard,22,0
32,3,hard,23,1
32,3,hard,24,0
32,3,hard,25,0
32,3,hard,26,0
32,3,hard,27,0
32,3,hard,28,0
32,3,hard,29,1
32,3,hard,30,1
32,3,hard,31,0
32,3,hard,32,0
32,3,hard,33,1
32,3,hard,34,0
32,3,hard,35,1
32,3,hard,36,0
32,3,hard,37,1
32,3,hard,38,1
32,3,hard,39,0
32,3,hard,40,0
32,3,hard,41,0
32,3,hard,42,0
32,3,hard,43,0
32,3,hard,44,0
32,3,hard,45,0
32,3,hard,46,0
32,3,hard,47,0
32,3,hard,48,1
32,3,hard,49,0
32,3,hard,50,0
32,3,hard,51,1
32,3,hard,52,0
32,3,hard,53,1
32,3,hard,54,0
32,3,hard,55,0
32,3,hard,56,0
32,3,hard,57,0
32,3,hard,58,0
32,3,hard,59,0
32,3,hard,60,0
32,3,hard,61,0
32,3,hard,62,0
32,3,hard,63,0
32,3,hard,64,1
32,3,hard,65,0
32,3,hard,66,1
32,3,hard,67,0
32,3,hard,68,0
32,3,hard,69,1
32,3,hard,70,0
32,3,hard,71,0
32,3,hard,72,0
32,3,hard,73,0
32,3,hard,74,0
32,3,hard,75,0
32,3,hard,76,1
32,3,hard,77,1
32,3,hard,78,0
32,3,hard,79,1
32,3,hard,80,0
32,3,hard,81,0
32,3,hard,82,0
32,3,hard,83,1
32,3,hard,84,1
32,3,hard,85,1
32,3,hard,86,1
32,3,hard,87,1
32,3,hard,88,0
32,3,hard,89,0
32,3,hard,90,1
32,3,hard,91,0
32,3,hard,92,1
32,3,hard,93,0
32,3,hard,94,0
32,3,hard,95,0
32,3,hard,96,0
32,3,hard,97,0
32,3,hard,98,1
32,3,hard,99,0
32,3,hard,100,0
32,4,standard,1,0
32,4,standard,2,0
32,4,standard,3,1
32,4,standard,4,0
32,4,standard,5,0
32,4,standard,6,1
32,4,standard,7,1
32,4,standard,8,1
32,4,standard,9,1
32,4,standard,10,0
32,4,standard,11,1
32,4,standard,12,1
32,4,standard,13,1
32,4,standard,14,1
32,4,standard,15,0
32,4,standard,16,0
32,4,standard,17,0
32,4,standard,18,1
32,4,standard,19,1
32,4,standard,20,1
32,4,standard,21,1
32,4,standard,22,1
32,4,standard,23,1
32,4,standard,24,1
32,4,standard,25,0
32,4,standard,26,1
32,4,standard,27,1
32,4,standard,28,0
32,4,standard,29,0
32,4,standard,30,1
32,4,standard,31,1
32,4,standard,32,1
32,4,standard,33,1
32,4,standard,34,1
32,4,standard,35,1
32,4,standard,36,0
32,4,standard,37,1
32,4,standard,38,1
32,4,standard,39,1
32,4,standard,40,1
32,4,standard,41,1
32,4,standard,42,1
32,4,standard,43,0
32,4,standard,44,0
32,4,standard,45,1
32,4,standard,46,0
32,4,standard,47,1
32,4,standard,48,1
32,4,standard,49,1
32,4,standard,50,1
32,4,standard,51,1
32,4,standard,52,1
32,4,standard,53,1
32,4,standard,54,1
32,4,standard,55,1
32,4,standard,56,1
32,4,standard,57,1
32,4,standard,58,1
32,4,standard,59,1
32,4,standard,60,1
32,4,standard,61,1
32,4,standard,62,1
32,4,standard,63,1
32,4,standard,64,1
32,4,standard,65,0
32,4,standard,66,1
32,4,standard,67,1
32,4,standard,68,0
32,4,standard,69,0
32,4,standard,70,1
32,4,standard,71,1
32,4,standard,72,1
32,4,standard,73,1
32,4,standard,74,0
32,4,standard,75,1
32,4,standard,76,1
32,4,standard,77,1
32,4,standard,78,1
32,4,standard,79,1
32,4,standard,80,1
32,4,standard,81,1
32,4,standard,82,1
32,4,standard,83,1
32,4,standard,84,1
32,4,standard,85,1
32,4,standard,86,1
32,4,standard,87,0
32,4,standard,88,1
32,4,standard,89,1
32,4,standard,90,1
32,4,standard,91,1
32,4,standard,92,1
32,4,standard,93,1
32,4,standard,94,1
32,4,standard,95,1
32,4,standard,96,1
32,4,standard,97,1
32,4,standard,98,1
32,4,standard,99,0
32,4,standard,100,0
32,4,hard,1,1
32,4,hard,2,0
32,4,hard,3,0
32,4,hard,4,1
32,4,hard,5,0
32,4,hard,6,1
32,4,hard,7,0
32,4,hard,8,0
32,4,hard,9,0
32,4,hard,10,1
32,4,hard,11,1
32,4,hard,12,0
32,4,hard,13,1
32,4,hard,14,1
32,4,hard,15,0
32,4,hard,16,0
32,4,hard,17,1
32,4,hard,18,1
32,4,hard,19,0
32,4,hard,20,0
32,4,hard,21,0
32,4,hard,22,1
32,4,hard,23,1
32,4,hard,24,0
32,4,hard,25,1
32,4,hard,26,0
32,4,hard,27,0
32,4,hard,28,0
32,4,hard,29,0
32,4,hard,30,0
32,4,hard,31,1
32,4,hard,32,0
32,4,hard,33,0
32,4,hard,34,0
32,4,hard,35,0
32,4,hard,36,0
32,4,hard,37,1
32,4,hard,38,1
32,4,hard,39,1
32,4,hard,40,1
32,4,hard,41,0
32,4,hard,42,0
32,4,hard,43,1
32,4,hard,44,1
32,4,hard,45,0
32,4,hard,46,1
32,4,hard,47,1
32,4,hard,48,1
32,4,hard,49,0
32,4,hard,50,1
32,4,hard,51,1
32,4,hard,52,1
32,4,hard,53,0
32,4,hard,54,0
32,4,hard,55,1
32,4,hard,56,0
32,4,hard,57,0
32,4,hard,58,1
32,4,hard,59,0
32,4,hard,60,1
32,4,hard,61,0
32,4,hard,62,1
32,4,hard,63,1
32,4,hard,64,0
32,4,hard,65,0
32,4,hard,66,1
32,4,hard,67,1
32,4,hard,68,0
32,4,hard,69,0
32,4,hard,70,1
32,4,hard,71,1
32,4,hard,72,1
32,4,hard,73,0
32,4,hard,74,1
32,4,hard,75,0
32,4,hard,76,1
32,4,hard,77,0
32,4,hard,78,1
32,4,hard,79,1
32,4,hard,80,0
32,4,hard,81,0
32,4,hard,82,1
32,4,hard,83,0
32,4,hard,84,1
32,4,hard,85,0
32,4,hard,86,1
32,4,hard,87,1
32,4,hard,88,0
32,4,hard,89,1
32,4,hard,90,0
32,4,hard,91,0
32,4,hard,92,1
32,4,hard,93,0
32,4,hard,94,0
32,4,hard,95,1
32,4,hard,96,1
32,4,hard,97,1
32,4,hard,98,1
32,4,hard,99,0
32,4,hard,100,1
32,5,standard,1,0
32,5,standard,2,0
32,5,standard,3,1
32,5,standard,4,0
32,5,standard,5,1
32,5,standard,6,1
32,5,standard,7,0
32,5,standard,8,0
32,5,standard,9,1
32,5,standard,10,0
32,5,standard,11,0
32,5,standard,12,1
32,5,standard,13,0
32,5,standard,14,1
32,5,standard,15,1
32,5,standard,16,0
32,5,standard,17,1
32,5,standard,18,0
32,5,standard,19,0
32,5,standard,20,0
32,5,standard,21,1
32,5,standard,22,0
32,5,standard,23,1
32,5,standard,24,0
32,5,standard,25,0
32,5,standard,26,0
32,5,standard,27,1
32,5,standard,28,1
32,5,standard,29,0
32,5,standard,30,1
32,5,standard,31,1
32,5,standard,32,0
32,5,standard,33,1
32,5,standard,34,1
32,5,standard,35,0
32,5,standard,36,1
32,5,standard,37,0
32,5,standard,38,1
32,5,standard,39,1
32,5,standard,40,0
32,5,standard,41,0
32,5,standard,42,1
32,5,standard,43,0
32,5,standard,44,0
32,5,standard,45,1
32,5,standard,46,1
32,5,standard,47,1
32,5,standard,48,1
32,5,standard,49,1
32,5,standard,50,1
32,5,standard,51,0
32,5,standard,52,1
32,5,standard,53,1
32,5,standard,54,1
32,5,standard,55,0
32,5,standard,56,1
32,5,standard,57,1
32,5,standard,58,0
32,5,standard,59,1
32,5,standard,60,1
32,5,standard,61,0
32,5,standard,62,1
32,5,standard,63,1
32,5,standard,64,0
32,5,standard,65,0
32,5,standard,66,0
32,5,standard,67,1
32,5,standard,68,0
32,5,standard,69,1
32,5,standard,70,1
32,5,standard,71,1
32,5,standard,72,1
32,5,standard,73,0
32,5,standard,74,0
32,5,standard,75,1
32,5,standard,76,1
32,5,standard,77,0
32,5,standard,78,1
32,5,standard,79,1
32,5,standard,80,0
32,5,standard,81,1
32,5,standard,82,1
32,5,standard,83,1
32,5,standard,84,1
32,5,standard,85,0
32,5,standard,86,1
32,5,standard,87,1
32,5,standard,88,1
32,5,standard,89,1
32,5,standard,90,1
32,5,standard,91,1
32,5,standard,92,1
32,5,standard,93,1
32,5,standard,94,1
32,5,standard,95,0
32,5,standard,96,0
32,5,standard,97,1
32,5,standard,98,1
32,5,standard,99,1
32,5,standard,100,0
32,5,hard,1,0
32,5,hard,2,1
32,5,hard,3,0
32,5,hard,4,0
32,5,hard,5,0
32,5,hard,6,1
32,5,hard,7,1
32,5,hard,8,0
32,5,hard,9,0
32,5,hard,10,0
32,5,hard,11,0
32,5,hard,12,1
32,5,hard,13,0
32,5,hard,14,1
32,5,hard,15,0
32,5,hard,16,1
32,5,hard,17,1
32,5,hard,18,0
32,5,hard,19,1
32,5,hard,20,0
32,5,hard,21,1
32,5,hard,22,0
32,5,hard,23,1
32,5,hard,24,0
32,5,hard,25,0
32,5,hard,26,0
32,5,hard,27,0
32,5,hard,28,0
32,5,hard,29,0
32,5,hard,30,1
32,5,hard,31,1
32,5,hard,32,0
32,5,hard,33,0
32,5,hard,34,0
32,5,hard,35,1
32,5,hard,36,1
32,5,hard,37,0
32,5,hard,38,0
32,5,hard,39,1
32,5,hard,40,1
32,5,hard,41,1
32,5,hard,42,0
32,5,hard,43,0
32,5,hard,44,1
32,5,hard,45,0
32,5,hard,46,1
32,5,hard,47,0
32,5,hard,48,0
32,5,hard,49,0
32,5,hard,50,0
32,5,hard,51,0
32,5,hard,52,0
32,5,hard,53,0
32,5,hard,54,0
32,5,hard,55,1
32,5,hard,56,0
32,5,hard,57,1
32,5,hard,58,0
32,5,hard,59,0
32,5,hard,60,0
32,5,hard,61,1
32,5,hard,62,1
32,5,hard,63,0
32,5,hard,64,1
32,5,hard,65,0
32,5,hard,66,0
32,5,hard,67,1
32,5,hard,68,0
32,5,hard,69,1
32,5,hard,70,0
32,5,hard,71,1
32,5,hard,72,1
32,5,hard,73,0
32,5,hard,74,0
32,5,hard,75,0
32,5,hard,76,0
32,5,hard,77,0
32,5,hard,78,1
32,5,hard,79,1
32,5,hard,80,0
32,5,hard,81,1
32,5,hard,82,0
32,5,hard,83,0
32,5,hard,84,1
32,5,hard,85,0
32,5,hard,86,1
32,5,hard,87,0
32,5,hard,88,0
32,5,hard,89,1
32,5,hard,90,0
32,5,hard,91,0
32,5,hard,92,1
32,5,hard,93,1
32,5,hard,94,0
32,5,hard,95,0
32,5,hard,96,0
32,5,hard,97,0
32,5,hard,98,0
32,5,hard,99,0
32,5,hard,100,0
33,1,standard,1,1
33,1,standard,2,1
33,1,standard,3,0
33,1,standard,4,1
33,1,standard,5,0
33,1,standard,6,1
33,1,standard,7,1
33,1,standard,8,1
33,1,standard,9,0
33,1,standard,10,1
33,1,standard,11,0
33,1,standard,12,1
33,1,standard,13,0
33,1,standard,14,1
33,1,standard,15,0
33,1,standard,16,0
33,1,standard,17,0
33,1,standard,18,0
33,1,standard,19,0
33,1,standard,20,1
33,1,standard,21,0
33,1,standard,22,0
33,1,standard,23,0
33,1,standard,24,0
33,1,standard,25,0
33,1,standard,26,1
33,1,standard,27,0
33,1,standard,28,0
33,1,standard,29,0
33,1,standard,30,1
33,1,standard,31,1
33,1,standard,32,0
33,1,standard,33,1
33,1,standard,34,1
33,1,standard,35,0
33,1,standard,36,1
33,1,standard,37,0
33,1,standard,38,0
33,1,standard,39,0
33,1,standard,40,0
33,1,standard,41,0
33,1,standard,42,1
33,1,standard,43,1
33,1,standard,44,0
33,1,standard,45,1
33,1,standard,46,1
33,1,standard,47,1
33,1,standard,48,0
33,1,standard,49,1
33,1,standard,50,1
33,1,standard,51,1
33,1,standard,52,1
33,1,standard,53,1
33,1,standard,54,0
33,1,standard,55,1
33,1,standard,56,1
33,1,standard,57,0
33,1,standard,58,1
33,1,standard,59,0
33,1,standard,60,1
33,1,standard,61,1
33,1,standard,62,0
33,1,standard,63,1
33,1,standard,64,1
33,1,standard,65,1
33,1,standard,66,1
33,1,standard,67,0
33,1,standard,68,1
33,1,standard,69,1
33,1,standard,70,0
33,1,standard,71,0
33,1,standard,72,0
33,1,standard,73,1
33,1,standard,74,0
33,1,standard,75,1
33,1,standard,76,0
33,1,standard,77,1
33,1,standard,78,0
33,1,standard,79,0
33,1,standard,80,1
33,1,standard,81,0
33,1,standard,82,1
33,1,standard,83,0
33,1,standard,84,1
33,1,standard,85,1
33,1,standard,86,1
33,1,standard,87,1
33,1,standard,88,0
33,1,standard,89,1
33,1,standard,90,1
33,1,standard,91,1
33,1,standard,92,0
33,1,standard,93,1
33,1,standard,94,0
33,1,standard,95,0
33,1,standard,96,0
33,1,standard,97,0
33,1,standard,98,0
33,1,standard,99,1
33,1,standard,100,1
33,1,hard,1,0
33,1,hard,2,0
33,1,hard,3,1
33,1,hard,4,0
33,1,hard,5,1
33,1,hard,6,1
33,1,hard,7,0
33,1,hard,8,1
33,1,hard,9,0
33,1,hard,10,0
33,1,hard,11,0
33,1,hard,12,1
33,1,hard,13,1
33,1,hard,14,0
33,1,hard,15,1
33,1,hard,16,0
33,1,hard,17,0
33,1,hard,18,0
33,1,hard,19,0
33,1,hard,20,0
33,1,hard,21,0
33,1,hard,22,0
33,1,hard,23,1
33,1,hard,24,0
33,1,hard,25,0
33,1,hard,26,0
33,1,hard,27,0
33,1,hard,28,1
33,1,hard,29,1
33,1,hard,30,1
33,1,hard,31,1
33,1,hard,32,1
33,1,hard,33,0
33,1,hard,34,1
33,1,hard,35,1
33,1,hard,36,0
33,1,hard,37,0
33,1,hard,38,0
33,1,hard,39,1
33,1,hard,40,0
33,1,hard,41,0
33,1,hard,42,0
33,1,hard,43,0
33,1,hard,44,0
33,1,hard,45,1
33,1,hard,46,1
33,1,hard,47,0
33,1,hard,48,1
33,1,hard,49,0
33,1,hard,50,0
33,1,hard,51,1
33,1,hard,52,0
33,1,hard,53,0
33,1,hard,54,0
33,1,hard,55,0
33,1,hard,56,0
33,1,hard,57,0
33,1,hard,58,0
33,1,hard,59,0
33,1,hard,60,0
33,1,hard,61,1
33,1,hard,62,1
33,1,hard,63,1
33,1,hard,64,0
33,1,hard,65,1
33,1,hard,66,1
33,1,hard,67,0
33,1,hard,68,0
33,1,hard,69,0
33,1,hard,70,0
33,1,hard,71,0
33,1,hard,72,0
33,1,hard,73,0
33,1,hard,74,1
33,1,hard,75,1
33,1,hard,76,1
33,1,hard,77,1
33,1,hard,78,1
33,1,hard,79,1
33,1,hard,80,0
33,1,hard,81,1
33,1,hard,82,1
33,1,hard,83,0
33,1,hard,84,1
33,1,hard,85,1
33,1,hard,86,0
33,1,hard,87,0
33,1,hard,88,0
33,1,hard,89,0
33,1,hard,90,1
33,1,hard,91,0
33,1,hard,92,0
33,1,hard,93,1
33,1,hard,94,0
33,1,hard,95,1
33,1,hard,96,0
33,1,hard,97,1
33,1,hard,98,0
33,1,hard,99,0
33,1,hard,100,0
33,2,standard,1,0
33,2,standard,2,0
33,2,standard,3,1
33,2,standard,4,0
33,2,standard,5,1
33,2,standard,6,1
33,2,standard,7,1
33,2,standard,8,1
33,2,standard,9,1
33,2,standard,10,0
33,2,standard,11,0
33,2,standard,12,0
33,2,standard,13,0
33,2,standard,14,1
33,2,standard,15,0
33,2,standard,16,0
33,2,standard,17,0
33,2,standard,18,0
33,2,standard,19,1
33,2,standard,20,1
33,2,standard,21,0
33,2,standard,22,0
33,2,standard,23,0
33,2,standard,24,0
33,2,standard,25,0
33,2,standard,26,0
33,2,standard,27,1
33,2,standard,28,1
33,2,standard,29,0
33,2,standard,30,0
33,2,standard,31,0
33,2,standard,32,0
33,2,standard,33,1
33,2,standard,34,1
33,2,standard,35,0
33,2,standard,36,0
33,2,standard,37,1
33,2,standard,38,1
33,2,standard,39,1
33,2,standard,40,0
33,2,standard,41,1
33,2,standard,42,0
33,2,standard,43,1
33,2,standard,44,0
33,2,standard,45,0
33,2,standard,46,0
33,2,standard,47,1
33,2,standard,48,1
33,2,standard,49,0
33,2,standard,50,1
33,2,standard,51,0
33,2,standard,52,1
33,2,standard,53,1
33,2,standard,54,0
33,2,standard,55,0
33,2,standard,56,0
33,2,standard,57,1
33,2,standard,58,1
33,2,standard,59,1
33,2,standard,60,1
33,2,standard,61,1
33,2,standard,62,0
33,2,standard,63,1
33,2,standard,64,0
33,2,standard,65,0
33,2,standard,66,0
33,2,standard,67,1
33,2,standard,68,1
33,2,standard,69,0
33,2,standard,70,0
33,2,standard,71,1
33,2,standard,72,1
33,2,standard,73,1
33,2,standard,74,1
33,2,standard,75,1
33,2,standard,76,1
33,2,standard,77,0
33,2,standard,78,0
33,2,standard,79,1
33,2,standard,80,1
33,2,standard,81,1
33,2,standard,82,0
33,2,standard,83,1
33,2,standard,84,1
33,2,standard,85,0
33,2,standard,86,1
33,2,standard,87,0
33,2,standard,88,0
33,2,standard,89,0
33,2,standard,90,1
33,2,standard,91,1
33,2,standard,92,0
33,2,standard,93,1
33,2,standard,94,1
33,2,standard,95,1
33,2,standard,96,0
33,2,standard,97,1
33,2,standard,98,1
33,2,standard,99,0
33,2,standard,100,1
33,2,hard,1,1
33,2,hard,2,0
33,2,hard,3,0
33,2,hard,4,0
33,2,hard,5,0
33,2,hard,6,0
33,2,hard,7,0
33,2,hard,8,0
33,2,hard,9,0
33,2,hard,10,0
33,2,hard,11,1
33,2,hard,12,0
33,2,hard,13,0
33,2,hard,14,0
33,2,hard,15,0
33,2,hard,16,0
33,2,hard,17,0
33,2,hard,18,0
33,2,hard,19,1
33,2,hard,20,1
33,2,hard,21,1
33,2,hard,22,0
33,2,hard,23,0
33,2,hard,24,0
33,2,hard,25,0
33,2,hard,26,0
33,2,hard,27,0
33,2,hard,28,0
33,2,hard,29,1
33,2,hard,30,1
33,2,hard,31,1
33,2,hard,32,0
33,2,hard,33,0
33,2,hard,34,1
33,2,hard,35,0
33,2,hard,36,0
33,2,hard,37,0
33,2,hard,38,0
33,2,hard,39,0
33,2,hard,40,0
33,2,hard,41,1
33,2,hard,42,1
33,2,hard,43,1
33,2,hard,44,0
33,2,hard,45,0
33,2,hard,46,0
33,2,hard,47,0
33,2,hard,48,0
33,2,hard,49,1
33,2,hard,50,1
33,2,hard,51,0
33,2,hard,52,1
33,2,hard,53,0
33,2,hard,54,1
33,2,hard,55,1
33,2,hard,56,1
33,2,hard,57,0
33,2,hard,58,1
33,2,hard,59,1
33,2,hard,60,0
33,2,hard,61,1
33,2,hard,62,0
33,2,hard,63,0
33,2,hard,64,1
33,2,hard,65,1
33,2,hard,66,0
33,2,hard,67,1
33,2,hard,68,0
33,2,hard,69,1
33,2,hard,70,0
33,2,hard,71,1
33,2,hard,72,0
33,2,hard,73,0
33,2,hard,74,0
33,2,hard,75,0
33,2,hard,76,0
33,2,hard,77,0
33,2,hard,78,0
33,2,hard,79,1
33,2,hard,80,1
33,2,hard,81,0
33,2,hard,82,1
33,2,hard,83,0
33,2,hard,84,0
33,2,hard,85,0
33,2,hard,86,1
33,2,hard,87,1
33,2,hard,88,0
33,2,hard,89,0
33,2,hard,90,0
33,2,hard,91,0
33,2,hard,92,1
33,2,hard,93,0
33,2,hard,94,0
33,2,hard,95,0
33,2,hard,96,0
33,2,hard,97,0
33,2,hard,98,1
33,2,hard,99,0
33,2,hard,100,0
33,3,standard,1,1
33,3,standard,2,1
33,3,standard,3,1
33,3,standard,4,1
33,3,standard,5,1
33,3,standard,6,0
33,3,standard,7,0
33,3,standard,8,1
33,3,standard,9,1
33,3,standard,10,0
33,3,standard,11,1
33,3,standard,12,1
33,3,standard,13,0
33,3,standard,14,1
33,3,standard,15,0
33,3,standard,16,1
33,3,standard,17,1
33,3,standard,18,0
33,3,standard,19,0
33,3,standard,20,1
33,3,standard,21,0
33,3,standard,22,0
33,3,standard,23,1
33,3,standard,24,0
33,3,standard,25,0
33,3,standard,26,0
33,3,standard,27,0
33,3,standard,28,1
33,3,standard,29,0
33,3,standard,30,0
33,3,standard,31,0
33,3,standard,32,0
33,3,standard,33,1
33,3,standard,34,0
33,3,standard,35,0
33,3,standard,36,1
33,3,standard,37,0
33,3,standard,38,1
33,3,standard,39,1
33,3,standard,40,0
33,3,standard,41,0
33,3,standard,42,0
33,3,standard,43,1
33,3,standard,44,0
33,3,standard,45,1
33,3,standard,46,1
33,3,standard,47,1
33,3,standard,48,0
33,3,standard,49,0
33,3,standard,50,0
33,3,standard,51,1
33,3,standard,52,1
33,3,standard,53,0
33,3,standard,54,0
33,3,standard,55,1
33,3,standard,56,0
33,3,standard,57,1
33,3,standard,58,1
33,3,standard,59,0
33,3,standard,60,0
33,3,standard,61,0
33,3,standard,62,1
33,3,standard,63,1
33,3,standard,64,1
33,3,standard,65,1
33,3,standard,66,1
33,3,standard,67,0
33,3,standard,68,1
33,3,standard,69,0
33,3,standard,70,1
33,3,standard,71,0
33,3,standard,72,0
33,3,standard,73,1
33,3,standard,74,0
33,3,standard,75,0
33,3,standard,76,0
33,3,standard,77,1
33,3,standard,78,0
33,3,standard,79,0
33,3,standard,80,1
33,3,standard,81,0
33,3,standard,82,0
33,3,standard,83,1
33,3,standard,84,0
33,3,standard,85,0
33,3,standard,86,1
33,3,standard,87,1
33,3,standard,88,0
33,3,standard,89,1
33,3,standard,90,0
33,3,standard,91,0
33,3,standard,92,1
33,3,standard,93,1
33,3,standard,94,0
33,3,standard,95,0
33,3,standard,96,1
33,3,standard,97,0
33,3,standard,98,0
33,3,standard,99,1
33,3,standard,100,0
33,3,hard,1,0
33,3,hard,2,0
33,3,hard,3,0
33,3,hard,4,1
33,3,hard,5,0
33,3,hard,6,1
33,3,hard,7,0
33,3,hard,8,0
33,3,hard,9,0
33,3,hard,10,0
33,3,hard,11,0
33,3,hard,12,0
33,3,hard,13,0
33,3,hard,14,1
33,3,hard,15,1
33,3,hard,16,0
33,3,hard,17,0
33,3,hard,18,1
33,3,hard,19,0
33,3,hard,20,1
33,3,hard,21,0
33,3,hard,22,1
33,3,hard,23,1
33,3,hard,24,0
33,3,hard,25,0
33,3,hard,26,1
33,3,hard,27,0
33,3,hard,28,1
33,3,hard,29,0
33,3,hard,30,1
33,3,hard,31,0
33,3,hard,32,0
33,3,hard,33,1
33,3,hard,34,1
33,3,hard,35,1
33,3,hard,36,0
33,3,hard,37,0
33,3,hard,38,0
33,3,hard,39,1
33,3,hard,40,1
33,3,hard,41,1
33,3,hard,42,1
33,3,hard,43,1
33,3,hard,44,1
33,3,hard,45,1
33,3,hard,46,1
33,3,hard,47,0
33,3,hard,48,1
33,3,hard,49,1
33,3,hard,50,0
33,3,hard,51,0
33,3,hard,52,0
33,3,hard,53,0
33,3,hard,54,1
33,3,hard,55,1
33,3,hard,56,0
33,3,hard,57,1
33,3,hard,58,0
33,3,hard,59,0
33,3,hard,60,0
33,3,hard,61,1
33,3,hard,62,1
33,3,hard,63,1
33,3,hard,64,1
33,3,hard,65,1
33,3,hard,66,0
33,3,hard,67,0
33,3,hard,68,0
33,3,hard,69,1
33,3,hard,70,1
33,3,hard,71,0
33,3,hard,72,0
33,3,hard,73,1
33,3,hard,74,1
33,3,hard,75,1
33,3,hard,76,1
33,3,hard,77,1
33,3,hard,78,1
33,3,hard,79,0
33,3,hard,80,1
33,3,hard,81,0
33,3,hard,82,0
33,3,hard,83,1
33,3,hard,84,0
33,3,hard,85,1
33,3,hard,86,1
33,3,hard,87,0
33,3,hard,88,1
33,3,hard,89,1
33,3,hard,90,1
33,3,hard,91,0
33,3,hard,92,0
33,3,hard,93,1
33,3,hard,94,0
33,3,hard,95,0
33,3,hard,96,0
33,3,hard,97,1
33,3,hard,98,1
33,3,hard,99,0
33,3,hard,100,0
33,4,standard,1,1
33,4,standard,2,1
33,4,standard,3,1
33,4,standard,4,1
33,4,standard,5,1
33,4,standard,6,1
33,4,standard,7,1
33,4,standard,8,1
33,4,standard,9,1
33,4,standard,10,1
33,4,standard,11,0
33,4,standard,12,1
33,4,standard,13,1
33,4,standard,14,0
33,4,standard,15,1
33,4,standard,16,0
33,4,standard,17,0
33,4,standard,18,0
33,4,standard,19,1
33,4,standard,20,0
33,4,standard,21,0
33,4,standard,22,1
33,4,standard,23,0
33,4,standard,24,1
33,4,standard,25,1
33,4,standard,26,0
33,4,standard,27,1
33,4,standard,28,0
33,4,standard,29,1
33,4,standard,30,0
33,4,standard,31,1
33,4,standard,32,1
33,4,standard,33,0
33,4,standard,34,0
33,4,standard,35,0
33,4,standard,36,1
33,4,standard,37,1
33,4,standard,38,1
33,4,standard,39,1
33,4,standard,40,1
33,4,standard,41,1
33,4,standard,42,1
33,4,standard,43,0
33,4,standard,44,1
33,4,standard,45,1
33,4,standard,46,0
33,4,standard,47,1
33,4,standard,48,1
33,4,standard,49,0
33,4,standard,50,1
33,4,standard,51,1
33,4,standard,52,1
33,4,standard,53,1
33,4,standard,54,1
33,4,standard,55,1
33,4,standard,56,0
33,4,standard,57,1
33,4,standard,58,0
33,4,standard,59,0
33,4,standard,60,0
33,4,standard,61,0
33,4,standard,62,0
33,4,standard,63,0
33,4,standard,64,1
33,4,standard,65,1
33,4,standard,66,1
33,4,standard,67,0
33,4,standard,68,1
33,4,standard,69,0
33,4,standard,70,1
33,4,standard,71,0
33,4,standard,72,1
33,4,standard,73,1
33,4,standard,74,1
33,4,standard,75,0
33,4,standard,76,1
33,4,standard,77,1
33,4,standard,78,1
33,4,standard,79,0
33,4,standard,80,0
33,4,standard,81,0
33,4,standard,82,1
33,4,standard,83,0
33,4,standard,84,0
33,4,standard,85,0
33,4,standard,86,0
33,4,standard,87,1
33,4,standard,88,1
33,4,standard,89,0
33,4,standard,90,1
33,4,standard,91,1
33,4,standard,92,1
33,4,standard,93,0
33,4,standard,94,1
33,4,standard,95,1
33,4,standard,96,1
33,4,standard,97,1
33,4,standard,98,1
33,4,standard,99,0
33,4,standard,100,1
33,4,hard,1,0
33,4,hard,2,0
33,4,hard,3,1
33,4,hard,4,0
33,4,hard,5,0
33,4,hard,6,1
33,4,hard,7,1
33,4,hard,8,1
33,4,hard,9,1
33,4,hard,10,1
33,4,hard,11,0
33,4,hard,12,0
33,4,hard,13,1
33,4,hard,14,1
33,4,hard,15,0
33,4,hard,16,0
33,4,hard,17,0
33,4,hard,18,0
33,4,hard,19,1
33,4,hard,20,1
33,4,hard,21,1
33,4,hard,22,0
33,4,hard,23,0
33,4,hard,24,1
33,4,hard,25,1
33,4,hard,26,1
33,4,hard,27,1
33,4,hard,28,0
33,4,hard,29,1
33,4,hard,30,0
33,4,hard,31,1
33,4,hard,32,0
33,4,hard,33,0
33,4,hard,34,1
33,4,hard,35,1
33,4,hard,36,0
33,4,hard,37,0
33,4,hard,38,0
33,4,hard,39,1
33,4,hard,40,0
33,4,hard,41,0
33,4,hard,42,0
33,4,hard,43,1
33,4,hard,44,0
33,4,hard,45,0
33,4,hard,46,0
33,4,hard,47,0
33,4,hard,48,0
33,4,hard,49,1
33,4,hard,50,1
33,4,hard,51,1
33,4,hard,52,0
33,4,hard,53,0
33,4,hard,54,0
33,4,hard,55,1
33,4,hard,56,0
33,4,hard,57,1
33,4,hard,58,0
33,4,hard,59,1
33,4,hard,60,1
33,4,hard,61,1
33,4,hard,62,0
33,4,hard,63,1
33,4,hard,64,1
33,4,hard,65,0
33,4,hard,66,0
33,4,hard,67,1
33,4,hard,68,1
33,4,hard,69,0
33,4,hard,70,0
33,4,hard,71,0
33,4,hard,72,0
33,4,hard,73,1
33,4,hard,74,1
33,4,hard,75,0
33,4,hard,76,1
33,4,hard,77,1
33,4,hard,78,0
33,4,hard,79,1
33,4,hard,80,1
33,4,hard,81,0
33,4,hard,82,0
33,4,hard,83,1
33,4,hard,84,1
33,4,hard,85,1
33,4,hard,86,1
33,4,hard,87,0
33,4,hard,88,1
33,4,hard,89,0
33,4,hard,90,0
33,4,hard,91,0
33,4,hard,92,1
33,4,hard,93,1
33,4,hard,94,0
33,4,hard,95,0
33,4,hard,96,1
33,4,hard,97,1
33,4,hard,98,0
33,4,hard,99,0
33,4,hard,100,1
33,5,standard,1,0
33,5,standard,2,1
33,5,standard,3,1
33,5,standard,4,1
33,5,standard,5,1
33,5,standard,6,0
33,5,standard,7,0
33,5,standard,8,1
33,5,standard,9,1
33,5,standard,10,0
33,5,standard,11,0
33,5,standard,12,0
33,5,standard,13,1
33,5,standard,14,1
33,5,standard,15,1
33,5,standard,16,1
33,5,standard,17,1
33,5,standard,18,1
33,5,standard,19,1
33,5,standard,20,1
33,5,standard,21,1
33,5,standard,22,1
33,5,standard,23,1
33,5,standard,24,0
33,5,standard,25,1
33,5,standard,26,0
33,5,standard,27,1
33,5,standard,28,0
33,5,standard,29,1
33,5,standard,30,1
33,5,standard,31,0
33,5,standard,32,0
33,5,standard,33,1
33,5,standard,34,1
33,5,standard,35,1
33,5,standard,36,1
33,5,standard,37,1
33,5,standard,38,1
33,5,standard,39,1
33,5,standard,40,1
33,5,standard,41,0
33,5,standard,42,1
33,5,standard,43,0
33,5,standard,44,1
33,5,standard,45,1
33,5,standard,46,0
33,5,standard,47,1
33,5,standard,48,1
33,5,standard,49,1
33,5,standard,50,1
33,5,standard,51,1
33,5,standard,52,0
33,5,standard,53,0
33,5,standard,54,1
33,5,standard,55,0
33,5,standard,56,1
33,5,standard,57,1
33,5,standard,58,1
33,5,standard,59,0
33,5,standard,60,1
33,5,standard,61,0
33,5,standard,62,1
33,5,standard,63,1
33,5,standard,64,1
33,5,standard,65,0
33,5,standard,66,1
33,5,standard,67,1
33,5,standard,68,1
33,5,standard,69,1
33,5,standard,70,1
33,5,standard,71,1
33,5,standard,72,1
33,5,standard,73,1
33,5,standard,74,0
33,5,standard,75,1
33,5,standard,76,0
33,5,standard,77,1
33,5,standard,78,1
33,5,standard,79,1
33,5,standard,80,0
33,5,standard,81,1
33,5,standard,82,1
33,5,standard,83,1
33,5,standard,84,1
33,5,standard,85,0
33,5,standard,86,1
33,5,standard,87,1
33,5,standard,88,0
33,5,standard,89,0
33,5,standard,90,1
33,5,standard,91,1
33,5,standard,92,1
33,5,standard,93,1
33,5,standard,94,1
33,5,standard,95,0
33,5,standard,96,1
33,5,standard,97,1
33,5,standard,98,1
33,5,standard,99,1
33,5,standard,100,1
33,5,hard,1,1
33,5,hard,2,0
33,5,hard,3,0
33,5,hard,4,1
33,5,hard,5,0
33,5,hard,6,0
33,5,hard,7,1
33,5,hard,8,0
33,5,hard,9,1
33,5,hard,10,0
33,5,hard,11,1
33,5,hard,12,1
33,5,hard,13,0
33,5,hard,14,1
33,5,hard,15,1
33,5,hard,16,0
33,5,hard,17,1
33,5,hard,18,0
33,5,hard,19,0
33,5,hard,20,0
33,5,hard,21,0
33,5,hard,22,0
33,5,hard,23,1
33,5,hard,24,0
33,5,hard,25,0
33,5,hard,26,0
33,5,hard,27,0
33,5,hard,28,0
33,5,hard,29,1
33,5,hard,30,0
33,5,hard,31,0
33,5,hard,32,1
33,5,hard,33,0
33,5,hard,34,0
33,5,hard,35,1
33,5,hard,36,0
33,5,hard,37,0
33,5,hard,38,1
33,5,hard,39,0
33,5,hard,40,1
33,5,hard,41,0
33,5,hard,42,1
33,5,hard,43,0
33,5,hard,44,0
33,5,hard,45,0
33,5,hard,46,0
33,5,hard,47,0
33,5,hard,48,0
33,5,hard,49,0
33,5,hard,50,1
33,5,hard,51,1
33,5,hard,52,1
33,5,hard,53,1
33,5,hard,54,0
33,5,hard,55,0
33,5,hard,56,1
33,5,hard,57,1
33,5,hard,58,0
33,5,hard,59,0
33,5,hard,60,0
33,5,hard,61,1
33,5,hard,62,0
33,5,hard,63,0
33,5,hard,64,0
33,5,hard,65,0
33,5,hard,66,0
33,5,hard,67,0
33,5,hard,68,1
33,5,hard,69,1
33,5,hard,70,0
33,5,hard,71,1
33,5,hard,72,0
33,5,hard,73,0
33,5,hard,74,1
33,5,hard,75,0
33,5,hard,76,0
33,5,hard,77,0
33,5,hard,78,0
33,5,hard,79,1
33,5,hard,80,1
33,5,hard,81,1
33,5,hard,82,1
33,5,hard,83,0
33,5,hard,84,0
33,5,hard,85,1
33,5,hard,86,0
33,5,hard,87,1
33,5,hard,88,0
33,5,hard,89,1
33,5,hard,90,1
33,5,hard,91,1
33,5,hard,92,1
33,5,hard,93,0
33,5,hard,94,1
33,5,hard,95,0
33,5,hard,96,0
33,5,hard,97,0
33,5,hard,98,0
33,5,hard,99,0
33,5,hard,100,0
34,1,standard,1,1
34,1,standard,2,1
34,1,standard,3,1
34,1,standard,4,1
34,1,standard,5,1
34,1,standard,6,1
34,1,standard,7,1
34,1,standard,8,0
34,1,standard,9,1
34,1,standard,10,0
34,1,standard,11,1
34,1,standard,12,1
34,1,standard,13,0
34,1,standard,14,0
34,1,standard,15,1
34,1,standard,16,1
34,1,standard,17,1
34,1,standard,18,1
34,1,standard,19,1
34,1,standard,20,1
34,1,standard,21,1
34,1,standard,22,1
34,1,standard,23,1
34,1,standard,24,1
34,1,standard,25,1
34,1,standard,26,1
34,1,standard,27,1
34,1,standard,28,1
34,1,standard,29,1
34,1,standard,30,1
34,1,standard,31,1
34,1,standard,32,0
34,1,standard,33,1
34,1,standard,34,1
34,1,standard,35,1
34,1,standard,36,0
34,1,standard,37,1
34,1,standard,38,1
34,1,standard,39,1
34,1,standard,40,0
34,1,standard,41,1
34,1,standard,42,1
34,1,standard,43,1
34,1,standard,44,1
34,1,standard,45,1
34,1,standard,46,1
34,1,standard,47,1
34,1,standard,48,1
34,1,standard,49,1
34,1,standard,50,1
34,1,standard,51,1
34,1,standard,52,1
34,1,standard,53,1
34,1,standard,54,1
34,1,standard,55,1
34,1,standard,56,1
34,1,standard,57,1
34,1,standard,58,1
34,1,standard,59,1
34,1,standard,60,1
34,1,standard,61,1
34,1,standard,62,1
34,1,standard,63,1
34,1,standard,64,1
34,1,standard,65,1
34,1,standard,66,1
34,1,standard,67,1
34,1,standard,68,1
34,1,standard,69,1
34,1,standard,70,1
34,1,standard,71,0
34,1,standard,72,1
34,1,standard,73,0
34,1,standard,74,1
34,1,standard,75,1
34,1,standard,76,1
34,1,standard,77,1
34,1,standard,78,1
34,1,standard,79,1
34,1,standard,80,0
34,1,standard,81,1
34,1,standard,82,1
34,1,standard,83,1
34,1,standard,84,1
34,1,standard,85,1
34,1,standard,86,1
34,1,standard,87,0
34,1,standard,88,1
34,1,standard,89,1
34,1,standard,90,1
34,1,standard,91,1
34,1,standard,92,1
34,1,standard,93,0
34,1,standard,94,1
34,1,standard,95,1
34,1,standard,96,1
34,1,standard,97,1
34,1,standard,98,0
34,1,standard,99,1
34,1,standard,100,1
34,1,hard,1,1
34,1,hard,2,1
34,1,hard,3,1
34,1,hard,4,1
34,1,hard,5,1
34,1,hard,6,0
34,1,hard,7,1
34,1,hard,8,1
34,1,hard,9,0
34,1,hard,10,1
34,1,hard,11,1
34,1,hard,12,1
34,1,hard,13,1
34,1,hard,14,1
34,1,hard,15,1
34,1,hard,16,1
34,1,hard,17,1
34,1,hard,18,1
34,1,hard,19,1
34,1,hard,20,1
34,1,hard,21,1
34,1,hard,22,1
34,1,hard,23,1
34,1,hard,24,1
34,1,hard,25,0
34,1,hard,26,0
34,1,hard,27,1
34,1,hard,28,1
34,1,hard,29,1
34,1,hard,30,1
34,1,hard,31,1
34,1,hard,32,1
34,1,hard,33,1
34,1,hard,34,0
34,1,hard,35,1
34,1,hard,36,1
34,1,hard,37,0
34,1,hard,38,1
34,1,hard,39,1
34,1,hard,40,1
34,1,hard,41,1
34,1,hard,42,0
34,1,hard,43,1
34,1,hard,44,1
34,1,hard,45,1
34,1,hard,46,1
34,1,hard,47,0
34,1,hard,48,1
34,1,hard,49,0
34,1,hard,50,1
34,1,hard,51,0
34,1,hard,52,1
34,1,hard,53,1
34,1,hard,54,1
34,1,hard,55,1
34,1,hard,56,1
34,1,hard,57,0
34,1,hard,58,1
34,1,hard,59,1
34,1,hard,60,0
34,1,hard,61,1
34,1,hard,62,1
34,1,hard,63,1
34,1,hard,64,0
34,1,hard,65,0
34,1,hard,66,1
34,1,hard,67,0
34,1,hard,68,1
34,1,hard,69,1
34,1,hard,70,1
34,1,hard,71,1
34,1,hard,72,1
34,1,hard,73,1
34,1,hard,74,0
34,1,hard,75,1
34,1,hard,76,1
34,1,hard,77,1
34,1,hard,78,1
34,1,hard,79,1
34,1,hard,80,1
34,1,hard,81,1
34,1,hard,82,1
34,1,hard,83,1
34,1,hard,84,0
34,1,hard,85,1
34,1,hard,86,1
34,1,hard,87,1
34,1,hard,88,1
34,1,hard,89,1
34,1,hard,90,1
34,1,hard,91,1
34,1,hard,92,1
34,1,hard,93,1
34,1,hard,94,1
34,1,hard,95,1
34,1,hard,96,1
34,1,hard,97,1
34,1,hard,98,1
34,1,hard,99,1
34,1,hard,100,1
34,2,standard,1,1
34,2,standard,2,1
34,2,standard,3,1
34,2,standard,4,0
34,2,standard,5,1
34,2,standard,6,1
34,2,standard,7,1
34,2,standard,8,0
34,2,standard,9,1
34,2,standard,10,1
34,2,standard,11,1
34,2,standard,12,1
34,2,standard,13,1
34,2,standard,14,1
34,2,standard,15,1
34,2,standard,16,1
34,2,standard,17,0
34,2,standard,18,1
34,2,standard,19,1
34,2,standard,20,1
34,2,standard,21,1
34,2,standard,22,0
34,2,standard,23,1
34,2,standard,24,1
34,2,standard,25,1
34,2,standard,26,1
34,2,standard,27,1
34,2,standard,28,1
34,2,standard,29,0
34,2,standard,30,1
34,2,standard,31,1
34,2,standard,32,1
34,2,standard,33,1
34,2,standard,34,1
34,2,standard,35,1
34,2,standard,36,1
34,2,standard,37,1
34,2,standard,38,1
34,2,standard,39,1
34,2,standard,40,1
34,2,standard,41,1
34,2,standard,42,1
34,2,standard,43,0
34,2,standard,44,1
34,2,standard,45,1
34,2,standard,46,1
34,2,standard,47,0
34,2,standard,48,0
34,2,standard,49,1
34,2,standard,50,1
34,2,standard,51,0
34,2,standard,52,1
34,2,standard,53,1
34,2,standard,54,1
34,2,standard,55,1
34,2,standard,56,1
34,2,standard,57,1
34,2,standard,58,0
34,2,standard,59,1
34,2,standard,60,1
34,2,standard,61,1
34,2,standard,62,1
34,2,standard,63,1
34,2,standard,64,1
34,2,standard,65,1
34,2,standard,66,0
34,2,standard,67,1
34,2,standard,68,0
34,2,standard,69,1
34,2,standard,70,1
34,2,standard,71,1
34,2,standard,72,1
34,2,standard,73,1
34,2,standard,74,1
34,2,standard,75,1
34,2,standard,76,1
34,2,standard,77,1
34,2,standard,78,1
34,2,standard,79,1
34,2,standard,80,1
34,2,standard,81,1
34,2,standard,82,1
34,2,standard,83,1
34,2,standard,84,1
34,2,standard,85,1
34,2,standard,86,1
34,2,standard,87,1
34,2,standard,88,1
34,2,standard,89,1
34,2,standard,90,1
34,2,standard,91,1
34,2,standard,92,1
34,2,standard,93,1
34,2,standard,94,1
34,2,standard,95,0
34,2,standard,96,1
34,2,standard,97,1
34,2,standard,98,0
34,2,standard,99,1
34,2,standard,100,1
34,2,hard,1,0
34,2,hard,2,1
34,2,hard,3,1
34,2,hard,4,1
34,2,hard,5,1
34,2,hard,6,1
34,2,hard,7,1
34,2,hard,8,1
34,2,hard,9,1
34,2,hard,10,1
34,2,hard,11,1
34,2,hard,12,1
34,2,hard,13,1
34,2,hard,14,1
34,2,hard,15,1
34,2,hard,16,1
34,2,hard,17,0
34,2,hard,18,1
34,2,hard,19,1
34,2,hard,20,1
34,2,hard,21,1
34,2,hard,22,0
34,2,hard,23,1
34,2,hard,24,1
34,2,hard,25,1
34,2,hard,26,1
34,2,hard,27,1
34,2,hard,28,1
34,2,hard,29,0
34,2,hard,30,1
34,2,hard,31,1
34,2,hard,32,1
34,2,hard,33,1
34,2,hard,34,1
34,2,hard,35,1
34,2,hard,36,1
34,2,hard,37,1
34,2,hard,38,0
34,2,hard,39,0
34,2,hard,40,1
34,2,hard,41,1
34,2,hard,42,1
34,2,hard,43,1
34,2,hard,44,1
34,2,hard,45,1
34,2,hard,46,1
34,2,hard,47,1
34,2,hard,48,1
34,2,hard,49,1
34,2,hard,50,1
34,2,hard,51,1
34,2,hard,52,0
34,2,hard,53,0
34,2,hard,54,1
34,2,hard,55,1
34,2,hard,56,1
34,2,hard,57,1
34,2,hard,58,1
34,2,hard,59,1
34,2,hard,60,1
34,2,hard,61,1
34,2,hard,62,1
34,2,hard,63,1
34,2,hard,64,1
34,2,hard,65,1
34,2,hard,66,1
34,2,hard,67,1
34,2,hard,68,1
34,2,hard,69,1
34,2,hard,70,1
34,2,hard,71,1
34,2,hard,72,1
34,2,hard,73,1
34,2,hard,74,1
34,2,hard,75,1
34,2,hard,76,1
34,2,hard,77,1
34,2,hard,78,1
34,2,hard,79,1
34,2,hard,80,1
34,2,hard,81,0
34,2,hard,82,1
34,2,hard,83,1
34,2,hard,84,1
34,2,hard,85,1
34,2,hard,86,1
34,2,hard,87,1
34,2,hard,88,1
34,2,hard,89,1
34,2,hard,90,1
34,2,hard,91,1
34,2,hard,92,1
34,2,hard,93,1
34,2,hard,94,1
34,2,hard,95,1
34,2,hard,96,1
34,2,hard,97,1
34,2,hard,98,1
34,2,hard,99,1
34,2,hard,100,1
34,3,standard,1,1
34,3,standard,2,1
34,3,standard,3,1
34,3,standard,4,1
34,3,standard,5,1
34,3,standard,6,1
34,3,standard,7,1
34,3,standard,8,1
34,3,standard,9,1
34,3,standard,10,1
34,3,standard,11,1
34,3,standard,12,1
34,3,standard,13,1
34,3,standard,14,1
34,3,standard,15,1
34,3,standard,16,1
34,3,standard,17,1
34,3,standard,18,0
34,3,standard,19,1
34,3,standard,20,1
34,3,standard,21,1
34,3,standard,22,0
34,3,standard,23,1
34,3,standard,24,1
34,3,standard,25,1
34,3,standard,26,0
34,3,standard,27,1
34,3,standard,28,1
34,3,standard,29,1
34,3,standard,30,1
34,3,standard,31,0
34,3,standard,32,1
34,3,standard,33,1
34,3,standard,34,1
34,3,standard,35,1
34,3,standard,36,1
34,3,standard,37,1
34,3,standard,38,0
34,3,standard,39,1
34,3,standard,40,1
34,3,standard,41,1
34,3,standard,42,1
34,3,standard,43,1
34,3,standard,44,0
34,3,standard,45,1
34,3,standard,46,0
34,3,standard,47,1
34,3,standard,48,0
34,3,standard,49,1
34,3,standard,50,1
34,3,standard,51,1
34,3,standard,52,1
34,3,standard,53,1
34,3,standard,54,1
34,3,standard,55,1
34,3,standard,56,0
34,3,standard,57,1
34,3,standard,58,0
34,3,standard,59,1
34,3,standard,60,1
34,3,standard,61,1
34,3,standard,62,1
34,3,standard,63,0
34,3,standard,64,0
34,3,standard,65,0
34,3,standard,66,0
34,3,standard,67,1
34,3,standard,68,0
34,3,standard,69,1
34,3,standard,70,1
34,3,standard,71,1
34,3,standard,72,1
34,3,standard,73,1
34,3,standard,74,1
34,3,standard,75,1
34,3,standard,76,0
34,3,standard,77,1
34,3,standard,78,1
34,3,standard,79,1
34,3,standard,80,1
34,3,standard,81,1
34,3,standard,82,1
34,3,standard,83,1
34,3,standard,84,1
34,3,standard,85,1
34,3,standard,86,0
34,3,standard,87,1
34,3,standard,88,1
34,3,standard,89,1
34,3,standard,90,0
34,3,standard,91,1
34,3,standard,92,1
34,3,standard,93,0
34,3,standard,94,1
34,3,standard,95,1
34,3,standard,96,1
34,3,standard,97,1
34,3,standard,98,1
34,3,standard,99,1
34,3,standard,100,1
34,3,hard,1,1
34,3,hard,2,0
34,3,hard,3,1
34,3,hard,4,1
34,3,hard,5,1
34,3,hard,6,1
34,3,hard,7,1
34,3,hard,8,1
34,3,hard,9,1
34,3,hard,10,1
34,3,hard,11,1
34,3,hard,12,1
34,3,hard,13,1
34,3,hard,14,1
34,3,hard,15,1
34,3,hard,16,1
34,3,hard,17,1
34,3,hard,18,0
34,3,hard,19,0
34,3,hard,20,1
34,3,hard,21,1
34,3,hard,22,1
34,3,hard,23,1
34,3,hard,24,1
34,3,hard,25,1
34,3,hard,26,1
34,3,hard,27,1
34,3,hard,28,1
34,3,hard,29,1
34,3,hard,30,1
34,3,hard,31,1
34,3,hard,32,1
34,3,hard,33,1
34,3,hard,34,1
34,3,hard,35,1
34,3,hard,36,1
34,3,hard,37,1
34,3,hard,38,1
34,3,hard,39,0
34,3,hard,40,1
34,3,hard,41,1
34,3,hard,42,1
34,3,hard,43,1
34,3,hard,44,1
34,3,hard,45,1
34,3,hard,46,1
34,3,hard,47,1
34,3,hard,48,1
34,3,hard,49,1
34,3,hard,50,0
34,3,hard,51,1
34,3,hard,52,1
34,3,hard,53,1
34,3,hard,54,1
34,3,hard,55,1
34,3,hard,56,1
34,3,hard,57,1
34,3,hard,58,1
34,3,hard,59,0
34,3,hard,60,1
34,3,hard,61,0
34,3,hard,62,1
34,3,hard,63,1
34,3,hard,64,1
34,3,hard,65,1
34,3,hard,66,1
34,3,hard,67,1
34,3,hard,68,1
34,3,hard,69,1
34,3,hard,70,0
34,3,hard,71,1
34,3,hard,72,1
34,3,hard,73,0
34,3,hard,74,1
34,3,hard,75,1
34,3,hard,76,0
34,3,hard,77,1
34,3,hard,78,0
34,3,hard,79,1
34,3,hard,80,1
34,3,hard,81,1
34,3,hard,82,1
34,3,hard,83,1
34,3,hard,84,0
34,3,hard,85,1
34,3,hard,86,1
34,3,hard,87,1
34,3,hard,88,1
34,3,hard,89,1
34,3,hard,90,1
34,3,hard,91,1
34,3,hard,92,1
34,3,hard,93,1
34,3,hard,94,1
34,3,hard,95,1
34,3,hard,96,1
34,3,hard,97,1
34,3,hard,98,1
34,3,hard,99,1
34,3,hard,100,1
34,4,standard,1,1
34,4,standard,2,1
34,4,standard,3,1
34,4,standard,4,0
34,4,standard,5,0
34,4,standard,6,1
34,4,standard,7,1
34,4,standard,8,1
34,4,standard,9,0
34,4,standard,10,1
34,4,standard,11,1
34,4,standard,12,1
34,4,standard,13,0
34,4,standard,14,1
34,4,standard,15,1
34,4,standard,16,1
34,4,standard,17,0
34,4,standard,18,0
34,4,standard,19,1
34,4,standard,20,1
34,4,standard,21,1
34,4,standard,22,1
34,4,standard,23,0
34,4,standard,24,1
34,4,standard,25,1
34,4,standard,26,1
34,4,standard,27,1
34,4,standard,28,1
34,4,standard,29,1
34,4,standard,30,1
34,4,standard,31,1
34,4,standard,32,1
34,4,standard,33,1
34,4,standard,34,1
34,4,standard,35,1
34,4,standard,36,1
34,4,standard,37,1
34,4,standard,38,1
34,4,standard,39,1
34,4,standard,40,1
34,4,standard,41,1
34,4,standard,42,1
34,4,standard,43,1
34,4,standard,44,0
34,4,standard,45,1
34,4,standard,46,1
34,4,standard,47,1
34,4,standard,48,1
34,4,standard,49,1
34,4,standard,50,0
34,4,standard,51,1
34,4,standard,52,1
34,4,standard,53,1
34,4,standard,54,1
34,4,standard,55,1
34,4,standard,56,1
34,4,standard,57,1
34,4,standard,58,1
34,4,standard,59,1
34,4,standard,60,1
34,4,standard,61,1
34,4,standard,62,1
34,4,standard,63,1
34,4,standard,64,1
34,4,standard,65,1
34,4,standard,66,1
34,4,standard,67,1
34,4,standard,68,0
34,4,standard,69,1
34,4,standard,70,1
34,4,standard,71,1
34,4,standard,72,1
34,4,standard,73,1
34,4,standard,74,1
34,4,standard,75,1
34,4,standard,76,1
34,4,standard,77,1
34,4,standard,78,1
34,4,standard,79,0
34,4,standard,80,1
34,4,standard,81,1
34,4,standard,82,1
34,4,standard,83,1
34,4,standard,84,1
34,4,standard,85,1
34,4,standard,86,1
34,4,standard,87,1
34,4,standard,88,1
34,4,standard,89,1
34,4,standard,90,0
34,4,standard,91,1
34,4,standard,92,1
34,4,standard,93,1
34,4,standard,94,1
34,4,standard,95,1
34,4,standard,96,1
34,4,standard,97,1
34,4,standard,98,1
34,4,standard,99,1
34,4,standard,100,1
34,4,hard,1,0
34,4,hard,2,0
34,4,hard,3,0
34,4,hard,4,0
34,4,hard,5,1
34,4,hard,6,1
34,4,hard,7,1
34,4,hard,8,1
34,4,hard,9,1
34,4,hard,10,0
34,4,hard,11,1
34,4,hard,12,1
34,4,hard,13,1
34,4,hard,14,1
34,4,hard,15,1
34,4,hard,16,1
34,4,hard,17,0
34,4,hard,18,1
34,4,hard,19,0
34,4,hard,20,1
34,4,hard,21,1
34,4,hard,22,0
34,4,hard,23,1
34,4,hard,24,1
34,4,hard,25,1
34,4,hard,26,0
34,4,hard,27,1
34,4,hard,28,0
34,4,hard,29,0
34,4,hard,30,1
34,4,hard,31,1
34,4,hard,32,1
34,4,hard,33,1
34,4,hard,34,1
34,4,hard,35,1
34,4,hard,36,0
34,4,hard,37,0
34,4,hard,38,0
34,4,hard,39,1
34,4,hard,40,0
34,4,hard,41,1
34,4,hard,42,1
34,4,hard,43,1
34,4,hard,44,1
34,4,hard,45,1
34,4,hard,46,0
34,4,hard,47,1
34,4,hard,48,0
34,4,hard,49,1
34,4,hard,50,0
34,4,hard,51,1
34,4,hard,52,0
34,4,hard,53,1
34,4,hard,54,1
34,4,hard,55,1
34,4,hard,56,1
34,4,hard,57,1
34,4,hard,58,1
34,4,hard,59,0
34,4,hard,60,0
34,4,hard,61,1
34,4,hard,62,1
34,4,hard,63,1
34,4,hard,64,0
34,4,hard,65,1
34,4,hard,66,1
34,4,hard,67,0
34,4,hard,68,1
34,4,hard,69,1
34,4,hard,70,1
34,4,hard,71,1
34,4,hard,72,0
34,4,hard,73,1
34,4,hard,74,1
34,4,hard,75,1
34,4,hard,76,1
34,4,hard,77,0
34,4,hard,78,0
34,4,hard,79,1
34,4,hard,80,0
34,4,hard,81,1
34,4,hard,82,1
34,4,hard,83,0
34,4,hard,84,1
34,4,hard,85,1
34,4,hard,86,1
34,4,hard,87,1
34,4,hard,88,1
34,4,hard,89,0
34,4,hard,90,0
34,4,hard,91,1
34,4,hard,92,1
34,4,hard,93,1
34,4,hard,94,0
34,4,hard,95,1
34,4,hard,96,1
34,4,hard,97,1
34,4,hard,98,1
34,4,hard,99,0
34,4,hard,100,0
34,5,standard,1,1
34,5,standard,2,0
34,5,standard,3,0
34,5,standard,4,1
34,5,standard,5,1
34,5,standard,6,1
34,5,standard,7,1
34,5,standard,8,1
34,5,standard,9,0
34,5,standard,10,1
34,5,standard,11,1
34,5,standard,12,0
34,5,standard,13,1
34,5,standard,14,1
34,5,standard,15,0
34,5,standard,16,1
34,5,standard,17,1
34,5,standard,18,0
34,5,standard,19,1
34,5,standard,20,0
34,5,standard,21,1
34,5,standard,22,1
34,5,standard,23,1
34,5,standard,24,1
34,5,standard,25,0
34,5,standard,26,1
34,5,standard,27,1
34,5,standard,28,1
34,5,standard,29,0
34,5,standard,30,1
34,5,standard,31,1
34,5,standard,32,0
34,5,standard,33,1
34,5,standard,34,1
34,5,standard,35,1
34,5,standard,36,1
34,5,standard,37,1
34,5,standard,38,1
34,5,standard,39,1
34,5,standard,40,1
34,5,standard,41,1
34,5,standard,42,1
34,5,standard,43,1
34,5,standard,44,1
34,5,standard,45,1
34,5,standard,46,1
34,5,standard,47,1
34,5,standard,48,1
34,5,standard,49,1
34,5,standard,50,0
34,5,standard,51,0
34,5,standard,52,0
34,5,standard,53,1
34,5,standard,54,1
34,5,standard,55,1
34,5,standard,56,1
34,5,standard,57,1
34,5,standard,58,0
34,5,standard,59,0
34,5,standard,60,0
34,5,standard,61,1
34,5,standard,62,1
34,5,standard,63,1
34,5,standard,64,1
34,5,standard,65,1
34,5,standard,66,1
34,5,standard,67,0
34,5,standard,68,1
34,5,standard,69,1
34,5,standard,70,1
34,5,standard,71,1
34,5,standard,72,1
34,5,standard,73,1
34,5,standard,74,1
34,5,standard,75,1
34,5,standard,76,0
34,5,standard,77,1
34,5,standard,78,1
34,5,standard,79,1
34,5,standard,80,1
34,5,standard,81,1
34,5,standard,82,1
34,5,standard,83,1
34,5,standard,84,1
34,5,standard,85,1
34,5,standard,86,1
34,5,standard,87,1
34,5,standard,88,1
34,5,standard,89,1
34,5,standard,90,1
34,5,standard,91,1
34,5,standard,92,0
34,5,standard,93,1
34,5,standard,94,1
34,5,standard,95,0
34,5,standard,96,0
34,5,standard,97,1
34,5,standard,98,1
34,5,standard,99,1
34,5,standard,100,0
34,5,hard,1,0
34,5,hard,2,1
34,5,hard,3,1
34,5,hard,4,1
34,5,hard,5,0
34,5,hard,6,1
34,5,hard,7,1
34,5,hard,8,1
34,5,hard,9,1
34,5,hard,10,0
34,5,hard,11,1
34,5,hard,12,1
34,5,hard,13,1
34,5,hard,14,0
34,5,hard,15,1
34,5,hard,16,1
34,5,hard,17,1
34,5,hard,18,1
34,5,hard,19,1
34,5,hard,20,0
34,5,hard,21,1
34,5,hard,22,1
34,5,hard,23,1
34,5,hard,24,1
34,5,hard,25,1
34,5,hard,26,0
34,5,hard,27,1
34,5,hard,28,1
34,5,hard,29,0
34,5,hard,30,1
34,5,hard,31,1
34,5,hard,32,1
34,5,hard,33,1
34,5,hard,34,0
34,5,hard,35,1
34,5,hard,36,1
34,5,hard,37,1
34,5,hard,38,1
34,5,hard,39,1
34,5,hard,40,1
34,5,hard,41,1
34,5,hard,42,1
34,5,hard,43,1
34,5,hard,44,1
34,5,hard,45,0
34,5,hard,46,1
34,5,hard,47,0
34,5,hard,48,1
34,5,hard,49,1
34,5,hard,50,1
34,5,hard,51,1
34,5,hard,52,1
34,5,hard,53,0
34,5,hard,54,1
34,5,hard,55,1
34,5,hard,56,1
34,5,hard,57,1
34,5,hard,58,1
34,5,hard,59,1
34,5,hard,60,1
34,5,hard,61,1
34,5,hard,62,1
34,5,hard,63,1
34,5,hard,64,1
34,5,hard,65,0
34,5,hard,66,1
34,5,hard,67,1
34,5,hard,68,1
34,5,hard,69,1
34,5,hard,70,1
34,5,hard,71,1
34,5,hard,72,1
34,5,hard,73,1
34,5,hard,74,1
34,5,hard,75,1
34,5,hard,76,1
34,5,hard,77,1
34,5,hard,78,1
34,5,hard,79,1
34,5,hard,80,1
34,5,hard,81,1
34,5,hard,82,0
34,5,hard,83,0
34,5,hard,84,1
34,5,hard,85,1
34,5,hard,86,1
34,5,hard,87,1
34,5,hard,88,0
34,5,hard,89,0
34,5,hard,90,1
34,5,hard,91,1
34,5,hard,92,1
34,5,hard,93,1
34,5,hard,94,0
34,5,hard,95,1
34,5,hard,96,1
34,5,hard,97,1
34,5,hard,98,1
34,5,hard,99,1
34,5,hard,100,1
35,1,standard,1,0
35,1,standard,2,1
35,1,standard,3,1
35,1,standard,4,1
35,1,standard,5,1
35,1,standard,6,0
35,1,standard,7,1
35,1,standard,8,0
35,1,standard,9,0
35,1,standard,10,1
35,1,standard,11,0
35,1,standard,12,1
35,1,standard,13,1
35,1,standard,14,0
35,1,standard,15,1
35,1,standard,16,1
35,1,standard,17,1
35,1,standard,18,1
35,1,standard,19,1
35,1,standard,20,1
35,1,standard,21,1
35,1,standard,22,0
35,1,standard,23,0
35,1,standard,24,0
35,1,standard,25,1
35,1,standard,26,1
35,1,standard,27,1
35,1,standard,28,1
35,1,standard,29,0
35,1,standard,30,1
35,1,standard,31,0
35,1,standard,32,0
35,1,standard,33,0
35,1,standard,34,1
35,1,standard,35,0
35,1,standard,36,1
35,1,standard,37,1
35,1,standard,38,1
35,1,standard,39,1
35,1,standard,40,1
35,1,standard,41,0
35,1,standard,42,1
35,1,standard,43,0
35,1,standard,44,0
35,1,standard,45,1
35,1,standard,46,1
35,1,standard,47,0
35,1,standard,48,0
35,1,standard,49,1
35,1,standard,50,1
35,1,standard,51,0
35,1,standard,52,0
35,1,standard,53,0
35,1,standard,54,1
35,1,standard,55,0
35,1,standard,56,0
35,1,standard,57,1
35,1,standard,58,0
35,1,standard,59,1
35,1,standard,60,1
35,1,standard,61,0
35,1,standard,62,0
35,1,standard,63,1
35,1,standard,64,1
35,1,standard,65,0
35,1,standard,66,0
35,1,standard,67,0
35,1,standard,68,0
35,1,standard,69,1
35,1,standard,70,1
35,1,standard,71,1
35,1,standard,72,1
35,1,standard,73,1
35,1,standard,74,1
35,1,standard,75,0
35,1,standard,76,1
35,1,standard,77,0
35,1,standard,78,1
35,1,standard,79,1
35,1,standard,80,1
35,1,standard,81,0
35,1,standard,82,1
35,1,standard,83,0
35,1,standard,84,1
35,1,standard,85,1
35,1,standard,86,1
35,1,standard,87,1
35,1,standard,88,1
35,1,standard,89,1
35,1,standard,90,0
35,1,standard,91,0
35,1,standard,92,1
35,1,standard,93,1
35,1,standard,94,1
35,1,standard,95,0
35,1,standard,96,1
35,1,standard,97,0
35,1,standard,98,0
35,1,standard,99,1
35,1,standard,100,1
35,1,hard,1,0
35,1,hard,2,0
35,1,hard,3,1
35,1,hard,4,1
35,1,hard,5,1
35,1,hard,6,0
35,1,hard,7,0
35,1,hard,8,0
35,1,hard,9,0
35,1,hard,10,1
35,1,hard,11,1
35,1,hard,12,1
35,1,hard,13,1
35,1,hard,14,0
35,1,hard,15,0
35,1,hard,16,0
35,1,hard,17,1
35,1,hard,18,1
35,1,hard,19,1
35,1,hard,20,0
35,1,hard,21,0
35,1,hard,22,0
35,1,hard,23,1
35,1,hard,24,0
35,1,hard,25,1
35,1,hard,26,1
35,1,hard,27,0
35,1,hard,28,0
35,1,hard,29,0
35,1,hard,30,0
35,1,hard,31,0
35,1,hard,32,0
35,1,hard,33,1
35,1,hard,34,1
35,1,hard,35,0
35,1,hard,36,1
35,1,hard,37,1
35,1,hard,38,0
35,1,hard,39,0
35,1,hard,40,1
35,1,hard,41,0
35,1,hard,42,1
35,1,hard,43,0
35,1,hard,44,0
35,1,hard,45,1
35,1,hard,46,0
35,1,hard,47,1
35,1,hard,48,1
35,1,hard,49,1
35,1,hard,50,1
35,1,hard,51,1
35,1,hard,52,1
35,1,hard,53,1
35,1,hard,54,1
35,1,hard,55,0
35,1,hard,56,1
35,1,hard,57,1
35,1,hard,58,0
35,1,hard,59,0
35,1,hard,60,0
35,1,hard,61,0
35,1,hard,62,0
35,1,hard,63,1
35,1,hard,64,0
35,1,hard,65,0
35,1,hard,66,1
35,1,hard,67,0
35,1,hard,68,0
35,1,hard,69,1
35,1,hard,70,0
35,1,hard,71,1
35,1,hard,72,0
35,1,hard,73,0
35,1,hard,74,1
35,1,hard,75,0
35,1,hard,76,1
35,1,hard,77,0
35,1,hard,78,0
35,1,hard,79,1
35,1,hard,80,0
35,1,hard,81,0
35,1,hard,82,0
35,1,hard,83,0
35,1,hard,84,0
35,1,hard,85,1
35,1,hard,86,1
35,1,hard,87,0
35,1,hard,88,0
35,1,hard,89,0
35,1,hard,90,0
35,1,hard,91,0
35,1,hard,92,1
35,1,hard,93,0
35,1,hard,94,0
35,1,hard,95,0
35,1,hard,96,0
35,1,hard,97,1
35,1,hard,98,0
35,1,hard,99,1
35,1,hard,100,0
35,2,standard,1,0
35,2,standard,2,1
35,2,standard,3,0
35,2,standard,4,1
35,2,standard,5,0
35,2,standard,6,0
35,2,standard,7,0
35,2,standard,8,0
35,2,standard,9,1
35,2,standard,10,1
35,2,standard,11,0
35,2,standard,12,0
35,2,standard,13,1
35,2,standard,14,1
35,2,standard,15,1
35,2,standard,16,1
35,2,standard,17,1
35,2,standard,18,1
35,2,standard,19,1
35,2,standard,20,1
35,2,standard,21,1
35,2,standard,22,1
35,2,standard,23,0
35,2,standard,24,1
35,2,standard,25,0
35,2,standard,26,0
35,2,standard,27,1
35,2,standard,28,1
35,2,standard,29,0
35,2,standard,30,1
35,2,standard,31,0
35,2,standard,32,1
35,2,standard,33,1
35,2,standard,34,0
35,2,standard,35,0
35,2,standard,36,1
35,2,standard,37,1
35,2,standard,38,0
35,2,standard,39,1
35,2,standard,40,0
35,2,standard,41,1
35,2,standard,42,0
35,2,standard,43,1
35,2,standard,44,0
35,2,standard,45,1
35,2,standard,46,1
35,2,standard,47,0
35,2,standard,48,1
35,2,standard,49,0
35,2,standard,50,0
35,2,standard,51,0
35,2,standard,52,1
35,2,standard,53,1
35,2,standard,54,1
35,2,standard,55,1
35,2,standard,56,1
35,2,standard,57,1
35,2,standard,58,1
35,2,standard,59,1
35,2,standard,60,1
35,2,standard,61,1
35,2,standard,62,1
35,2,standard,63,1
35,2,standard,64,1
35,2,standard,65,1
35,2,standard,66,1
35,2,standard,67,1
35,2,standard,68,0
35,2,standard,69,1
35,2,standard,70,0
35,2,standard,71,0
35,2,standard,72,1
35,2,standard,73,1
35,2,standard,74,1
35,2,standard,75,1
35,2,standard,76,1
35,2,standard,77,1
35,2,standard,78,0
35,2,standard,79,1
35,2,standard,80,0
35,2,standard,81,0
35,2,standard,82,1
35,2,standard,83,0
35,2,standard,84,0
35,2,standard,85,0
35,2,standard,86,0
35,2,standard,87,1
35,2,standard,88,1
35,2,standard,89,0
35,2,standard,90,0
35,2,standard,91,0
35,2,standard,92,1
35,2,standard,93,0
35,2,standard,94,1
35,2,standard,95,0
35,2,standard,96,0
35,2,standard,97,1
35,2,standard,98,1
35,2,standard,99,1
35,2,standard,100,1
35,2,hard,1,0
35,2,hard,2,0
35,2,hard,3,1
35,2,hard,4,1
35,2,hard,5,0
35,2,hard,6,1
35,2,hard,7,1
35,2,hard,8,0
35,2,hard,9,1
35,2,hard,10,0
35,2,hard,11,0
35,2,hard,12,1
35,2,hard,13,1
35,2,hard,14,0
35,2,hard,15,0
35,2,hard,16,0
35,2,hard,17,1
35,2,hard,18,1
35,2,hard,19,1
35,2,hard,20,1
35,2,hard,21,1
35,2,hard,22,1
35,2,hard,23,1
35,2,hard,24,1
35,2,hard,25,1
35,2,hard,26,0
35,2,hard,27,1
35,2,hard,28,1
35,2,hard,29,1
35,2,hard,30,1
35,2,hard,31,1
35,2,hard,32,0
35,2,hard,33,0
35,2,hard,34,0
35,2,hard,35,1
35,2,hard,36,0
35,2,hard,37,0
35,2,hard,38,0
35,2,hard,39,1
35,2,hard,40,0
35,2,hard,41,1
35,2,hard,42,1
35,2,hard,43,1
35,2,hard,44,0
35,2,hard,45,1
35,2,hard,46,1
35,2,hard,47,1
35,2,hard,48,0
35,2,hard,49,0
35,2,hard,50,1
35,2,hard,51,1
35,2,hard,52,1
35,2,hard,53,0
35,2,hard,54,1
35,2,hard,55,1
35,2,hard,56,0
35,2,hard,57,1
35,2,hard,58,0
35,2,hard,59,0
35,2,hard,60,0
35,2,hard,61,0
35,2,hard,62,1
35,2,hard,63,0
35,2,hard,64,0
35,2,hard,65,1
35,2,hard,66,1
35,2,hard,67,1
35,2,hard,68,0
35,2,hard,69,1
35,2,hard,70,1
35,2,hard,71,1
35,2,hard,72,1
35,2,hard,73,0
35,2,hard,74,1
35,2,hard,75,0
35,2,hard,76,0
35,2,hard,77,1
35,2,hard,78,1
35,2,hard,79,0
35,2,hard,80,0
35,2,hard,81,1
35,2,hard,82,1
35,2,hard,83,0
35,2,hard,84,1
35,2,hard,85,1
35,2,hard,86,1
35,2,hard,87,1
35,2,hard,88,0
35,2,hard,89,1
35,2,hard,90,0
35,2,hard,91,0
35,2,hard,92,0
35,2,hard,93,1
35,2,hard,94,0
35,2,hard,95,0
35,2,hard,96,0
35,2,hard,97,0
35,2,hard,98,0
35,2,hard,99,1
35,2,hard,100,0
35,3,standard,1,1
35,3,standard,2,0
35,3,standard,3,1
35,3,standard,4,1
35,3,standard,5,1
35,3,standard,6,0
35,3,standard,7,1
35,3,standard,8,1
35,3,standard,9,0
35,3,standard,10,1
35,3,standard,11,1
35,3,standard,12,0
35,3,standard,13,1
35,3,standard,14,1
35,3,standard,15,0
35,3,standard,16,1
35,3,standard,17,0
35,3,standard,18,1
35,3,standard,19,1
35,3,standard,20,1
35,3,standard,21,1
35,3,standard,22,0
35,3,standard,23,1
35,3,standard,24,1
35,3,standard,25,0
35,3,standard,26,1
35,3,standard,27,1
35,3,standard,28,1
35,3,standard,29,1
35,3,standard,30,1
35,3,standard,31,1
35,3,standard,32,0
35,3,standard,33,1
35,3,standard,34,0
35,3,standard,35,1
35,3,standard,36,1
35,3,standard,37,1
35,3,standard,38,1
35,3,standard,39,1
35,3,standard,40,0
35,3,standard,41,1
35,3,standard,42,1
35,3,standard,43,1
35,3,standard,44,1
35,3,standard,45,1
35,3,standard,46,1
35,3,standard,47,1
35,3,standard,48,1
35,3,standard,49,1
35,3,standard,50,1
35,3,standard,51,1
35,3,standard,52,1
35,3,standard,53,1
35,3,standard,54,0
35,3,standard,55,1
35,3,standard,56,1
35,3,standard,57,1
35,3,standard,58,1
35,3,standard,59,1
35,3,standard,60,0
35,3,standard,61,1
35,3,standard,62,1
35,3,standard,63,1
35,3,standard,64,1
35,3,standard,65,1
35,3,standard,66,1
35,3,standard,67,1
35,3,standard,68,1
35,3,standard,69,1
35,3,standard,70,0
35,3,standard,71,1
35,3,standard,72,0
35,3,standard,73,1
35,3,standard,74,1
35,3,standard,75,1
35,3,standard,76,0
35,3,standard,77,1
35,3,standard,78,0
35,3,standard,79,1
35,3,standard,80,1
35,3,standard,81,1
35,3,standard,82,1
35,3,standard,83,1
35,3,standard,84,0
35,3,standard,85,0
35,3,standard,86,1
35,3,standard,87,1
35,3,standard,88,1
35,3,standard,89,1
35,3,standard,90,1
35,3,standard,91,0
35,3,standard,92,0
35,3,standard,93,1
35,3,standard,94,0
35,3,standard,95,1
35,3,standard,96,0
35,3,standard,97,0
35,3,standard,98,0
35,3,standard,99,0
35,3,standard,100,1
35,3,hard,1,0
35,3,hard,2,1
35,3,hard,3,0
35,3,hard,4,0
35,3,hard,5,1
35,3,hard,6,1
35,3,hard,7,1
35,3,hard,8,1
35,3,hard,9,0
35,3,hard,10,0
35,3,hard,11,1
35,3,hard,12,0
35,3,hard,13,1
35,3,hard,14,1
35,3,hard,15,1
35,3,hard,16,0
35,3,hard,17,0
35,3,hard,18,0
35,3,hard,19,1
35,3,hard,20,1
35,3,hard,21,1
35,3,hard,22,1
35,3,hard,23,0
35,3,hard,24,0
35,3,hard,25,1
35,3,hard,26,0
35,3,hard,27,1
35,3,hard,28,0
35,3,hard,29,1
35,3,hard,30,1
35,3,hard,31,1
35,3,hard,32,1
35,3,hard,33,0
35,3,hard,34,1
35,3,hard,35,1
35,3,hard,36,1
35,3,hard,37,1
35,3,hard,38,0
35,3,hard,39,1
35,3,hard,40,0
35,3,hard,41,0
35,3,hard,42,1
35,3,hard,43,1
35,3,hard,44,1
35,3,hard,45,0
35,3,hard,46,0
35,3,hard,47,0
35,3,hard,48,1
35,3,hard,49,1
35,3,hard,50,1
35,3,hard,51,1
35,3,hard,52,0
35,3,hard,53,1
35,3,hard,54,0
35,3,hard,55,1
35,3,hard,56,1
35,3,hard,57,1
35,3,hard,58,1
35,3,hard,59,1
35,3,hard,60,1
35,3,hard,61,1
35,3,hard,62,0
35,3,hard,63,1
35,3,hard,64,1
35,3,hard,65,1
35,3,hard,66,0
35,3,hard,67,1
35,3,hard,68,1
35,3,hard,69,1
35,3,hard,70,1
35,3,hard,71,1
35,3,hard,72,1
35,3,hard,73,1
35,3,hard,74,1
35,3,hard,75,0
35,3,hard,76,1
35,3,hard,77,1
35,3,hard,78,0
35,3,hard,79,1
35,3,hard,80,1
35,3,hard,81,0
35,3,hard,82,1
35,3,hard,83,1
35,3,hard,84,1
35,3,hard,85,0
35,3,hard,86,1
35,3,hard,87,1
35,3,hard,88,1
35,3,hard,89,1
35,3,hard,90,0
35,3,hard,91,1
35,3,hard,92,0
35,3,hard,93,1
35,3,hard,94,1
35,3,hard,95,1
35,3,hard,96,1
35,3,hard,97,0
35,3,hard,98,1
35,3,hard,99,1
35,3,hard,100,1
35,4,standard,1,1
35,4,standard,2,1
35,4,standard,3,0
35,4,standard,4,1
35,4,standard,5,0
35,4,standard,6,1
35,4,standard,7,1
35,4,standard,8,0
35,4,standard,9,1
35,4,standard,10,0
35,4,standard,11,1
35,4,standard,12,0
35,4,standard,13,0
35,4,standard,14,1
35,4,standard,15,1
35,4,standard,16,1
35,4,standard,17,1
35,4,standard,18,0
35,4,standard,19,0
35,4,standard,20,0
35,4,standard,21,1
35,4,standard,22,0
35,4,standard,23,1
35,4,standard,24,1
35,4,standard,25,1
35,4,standard,26,1
35,4,standard,27,0
35,4,standard,28,1
35,4,standard,29,1
35,4,standard,30,1
35,4,standard,31,1
35,4,standard,32,0
35,4,standard,33,1
35,4,standard,34,1
35,4,standard,35,0
35,4,standard,36,1
35,4,standard,37,1
35,4,standard,38,0
35,4,standard,39,1
35,4,standard,40,0
35,4,standard,41,1
35,4,standard,42,0
35,4,standard,43,0
35,4,standard,44,1
35,4,standard,45,0
35,4,standard,46,0
35,4,standard,47,1
35,4,standard,48,1
35,4,standard,49,0
35,4,standard,50,0
35,4,standard,51,1
35,4,standard,52,1
35,4,standard,53,0
35,4,standard,54,1
35,4,standard,55,1
35,4,standard,56,1
35,4,standard,57,1
35,4,standard,58,1
35,4,standard,59,0
35,4,standard,60,0
35,4,standard,61,1
35,4,standard,62,0
35,4,standard,63,0
35,4,standard,64,1
35,4,standard,65,1
35,4,standard,66,1
35,4,standard,67,1
35,4,standard,68,0
35,4,standard,69,1
35,4,standard,70,0
35,4,standard,71,0
35,4,standard,72,1
35,4,standard,73,1
35,4,standard,74,0
35,4,standard,75,0
35,4,standard,76,0
35,4,standard,77,1
35,4,standard,78,1
35,4,standard,79,1
35,4,standard,80,0
35,4,standard,81,1
35,4,standard,82,1
35,4,standard,83,0
35,4,standard,84,0
35,4,standard,85,1
35,4,standard,86,1
35,4,standard,87,0
35,4,standard,88,0
35,4,standard,89,1
35,4,standard,90,1
35,4,standard,91,1
35,4,standard,92,1
35,4,standard,93,1
35,4,standard,94,0
35,4,standard,95,0
35,4,standard,96,0
35,4,standard,97,0
35,4,standard,98,1
35,4,standard,99,0
35,4,standard,100,0
35,4,hard,1,0
35,4,hard,2,1
35,4,hard,3,1
35,4,hard,4,0
35,4,hard,5,0
35,4,hard,6,1
35,4,hard,7,0
35,4,hard,8,1
35,4,hard,9,0
35,4,hard,10,1
35,4,hard,11,1
35,4,hard,12,1
35,4,hard,13,0
35,4,hard,14,1
35,4,hard,15,1
35,4,hard,16,0
35,4,hard,17,1
35,4,hard,18,1
35,4,hard,19,0
35,4,hard,20,0
35,4,hard,21,0
35,4,hard,22,1
35,4,hard,23,0
35,4,hard,24,1
35,4,hard,25,1
35,4,hard,26,0
35,4,hard,27,0
35,4,hard,28,0
35,4,hard,29,0
35,4,hard,30,0
35,4,hard,31,1
35,4,hard,32,1
35,4,hard,33,0
35,4,hard,34,1
35,4,hard,35,0
35,4,hard,36,1
35,4,hard,37,0
35,4,hard,38,1
35,4,hard,39,0
35,4,hard,40,0
35,4,hard,41,0
35,4,hard,42,0
35,4,hard,43,1
35,4,hard,44,0
35,4,hard,45,1
35,4,hard,46,0
35,4,hard,47,0
35,4,hard,48,0
35,4,hard,49,1
35,4,hard,50,0
35,4,hard,51,0
35,4,hard,52,1
35,4,hard,53,1
35,4,hard,54,1
35,4,hard,55,1
35,4,hard,56,1
35,4,hard,57,0
35,4,hard,58,0
35,4,hard,59,1
35,4,hard,60,0
35,4,hard,61,0
35,4,hard,62,0
35,4,hard,63,0
35,4,hard,64,0
35,4,hard,65,1
35,4,hard,66,1
35,4,hard,67,0
35,4,hard,68,1
35,4,hard,69,1
35,4,hard,70,0
35,4,hard,71,0
35,4,hard,72,0
35,4,hard,73,0
35,4,hard,74,1
35,4,hard,75,1
35,4,hard,76,0
35,4,hard,77,1
35,4,hard,78,1
35,4,hard,79,0
35,4,hard,80,0
35,4,hard,81,1
35,4,hard,82,0
35,4,hard,83,1
35,4,hard,84,1
35,4,hard,85,1
35,4,hard,86,0
35,4,hard,87,0
35,4,hard,88,1
35,4,hard,89,0
35,4,hard,90,0
35,4,hard,91,0
35,4,hard,92,0
35,4,hard,93,0
35,4,hard,94,1
35,4,hard,95,0
35,4,hard,96,0
35,4,hard,97,0
35,4,hard,98,0
35,4,hard,99,0
35,4,hard,100,1
35,5,standard,1,1
35,5,standard,2,0
35,5,standard,3,1
35,5,standard,4,1
35,5,standard,5,0
35,5,standard,6,1
35,5,standard,7,1
35,5,standard,8,0
35,5,standard,9,0
35,5,standard,10,1
35,5,standard,11,0
35,5,standard,12,1
35,5,standard,13,1
35,5,standard,14,0
35,5,standard,15,1
35,5,standard,16,1
35,5,standard,17,0
35,5,standard,18,1
35,5,standard,19,0
35,5,standard,20,0
35,5,standard,21,1
35,5,standard,22,0
35,5,standard,23,1
35,5,standard,24,1
35,5,standard,25,0
35,5,standard,26,0
35,5,standard,27,1
35,5,standard,28,0
35,5,standard,29,0
35,5,standard,30,1
35,5,standard,31,0
35,5,standard,32,1
35,5,standard,33,1
35,5,standard,34,1
35,5,standard,35,1
35,5,standard,36,0
35,5,standard,37,0
35,5,standard,38,0
35,5,standard,39,0
35,5,standard,40,0
35,5,standard,41,1
35,5,standard,42,1
35,5,standard,43,1
35,5,standard,44,0
35,5,standard,45,0
35,5,standard,46,1
35,5,standard,47,1
35,5,standard,48,0
35,5,standard,49,1
35,5,standard,50,1
35,5,standard,51,1
35,5,standard,52,1
35,5,standard,53,0
35,5,standard,54,0
35,5,standard,55,0
35,5,standard,56,0
35,5,standard,57,0
35,5,standard,58,1
35,5,standard,59,0
35,5,standard,60,0
35,5,standard,61,1
35,5,standard,62,0
35,5,standard,63,1
35,5,standard,64,1
35,5,standard,65,1
35,5,standard,66,1
35,5,standard,67,1
35,5,standard,68,1
35,5,standard,69,0
35,5,standard,70,1
35,5,standard,71,1
35,5,standard,72,0
35,5,standard,73,1
35,5,standard,74,1
35,5,standard,75,0
35,5,standard,76,1
35,5,standard,77,0
35,5,standard,78,0
35,5,standard,79,1
35,5,standard,80,1
35,5,standard,81,0
35,5,standard,82,0
35,5,standard,83,1
35,5,standard,84,1
35,5,standard,85,0
35,5,standard,86,0
35,5,standard,87,0
35,5,standard,88,1
35,5,standard,89,1
35,5,standard,90,1
35,5,standard,91,0
35,5,standard,92,0
35,5,standard,93,1
35,5,standard,94,0
35,5,standard,95,1
35,5,standard,96,0
35,5,standard,97,0
35,5,standard,98,0
35,5,standard,99,0
35,5,standard,100,1
35,5,hard,1,1
35,5,hard,2,0
35,5,hard,3,0
35,5,hard,4,1
35,5,hard,5,0
35,5,hard,6,0
35,5,hard,7,1
35,5,hard,8,0
35,5,hard,9,0
35,5,hard,10,1
35,5,hard,11,0
35,5,hard,12,1
35,5,hard,13,1
35,5,hard,14,0
35,5,hard,15,0
35,5,hard,16,0
35,5,hard,17,1
35,5,hard,18,1
35,5,hard,19,1
35,5,hard,20,1
35,5,hard,21,1
35,5,hard,22,1
35,5,hard,23,1
35,5,hard,24,0
35,5,hard,25,1
35,5,hard,26,0
35,5,hard,27,1
35,5,hard,28,0
35,5,hard,29,1
35,5,hard,30,0
35,5,hard,31,0
35,5,hard,32,0
35,5,hard,33,0
35,5,hard,34,1
35,5,hard,35,1
35,5,hard,36,1
35,5,hard,37,0
35,5,hard,38,0
35,5,hard,39,0
35,5,hard,40,0
35,5,hard,41,1
35,5,hard,42,0
35,5,hard,43,1
35,5,hard,44,1
35,5,hard,45,1
35,5,hard,46,1
35,5,hard,47,1
35,5,hard,48,0
35,5,hard,49,0
35,5,hard,50,1
35,5,hard,51,0
35,5,hard,52,1
35,5,hard,53,0
35,5,hard,54,0
35,5,hard,55,1
35,5,hard,56,0
35,5,hard,57,1
35,5,hard,58,1
35,5,hard,59,1
35,5,hard,60,1
35,5,hard,61,1
35,5,hard,62,1
35,5,hard,63,1
35,5,hard,64,1
35,5,hard,65,0
35,5,hard,66,0
35,5,hard,67,0
35,5,hard,68,1
35,5,hard,69,1
35,5,hard,70,1
35,5,hard,71,0
35,5,hard,72,1
35,5,hard,73,0
35,5,hard,74,1
35,5,hard,75,0
35,5,hard,76,0
35,5,hard,77,0
35,5,hard,78,0
35,5,hard,79,1
35,5,hard,80,1
35,5,hard,81,0
35,5,hard,82,1
35,5,hard,83,0
35,5,hard,84,0
35,5,hard,85,0
35,5,hard,86,0
35,5,hard,87,1
35,5,hard,88,1
35,5,hard,89,0
35,5,hard,90,1
35,5,hard,91,1
35,5,hard,92,0
35,5,hard,93,1
35,5,hard,94,1
35,5,hard,95,0
35,5,hard,96,0
35,5,hard,97,1
35,5,hard,98,0
35,5,hard,99,1
35,5,hard,100,0
36,1,standard,1,1
36,1,standard,2,0
36,1,standard,3,0
36,1,standard,4,0
36,1,standard,5,0
36,1,standard,6,0
36,1,standard,7,1
36,1,standard,8,1
36,1,standard,9,1
36,1,standard,10,1
36,1,standard,11,0
36,1,standard,12,1
36,1,standard,13,1
36,1,standard,14,1
36,1,standard,15,1
36,1,standard,16,0
36,1,standard,17,0
36,1,standard,18,0
36,1,standard,19,1
36,1,standard,20,1
36,1,standard,21,0
36,1,standard,22,1
36,1,standard,23,0
36,1,standard,24,1
36,1,standard,25,1
36,1,standard,26,1
36,1,standard,27,0
36,1,standard,28,0
36,1,standard,29,1
36,1,standard,30,1
36,1,standard,31,1
36,1,standard,32,0
36,1,standard,33,0
36,1,standard,34,0
36,1,standard,35,1
36,1,standard,36,1
36,1,standard,37,0
36,1,standard,38,1
36,1,standard,39,1
36,1,standard,40,0
36,1,standard,41,0
36,1,standard,42,0
36,1,standard,43,1
36,1,standard,44,1
36,1,standard,45,1
36,1,standard,46,0
36,1,standard,47,1
36,1,standard,48,0
36,1,standard,49,0
36,1,standard,50,1
36,1,standard,51,1
36,1,standard,52,0
36,1,standard,53,0
36,1,standard,54,0
36,1,standard,55,0
36,1,standard,56,0
36,1,standard,57,0
36,1,standard,58,0
36,1,standard,59,0
36,1,standard,60,0
36,1,standard,61,1
36,1,standard,62,1
36,1,standard,63,1
36,1,standard,64,1
36,1,standard,65,1
36,1,standard,66,0
36,1,standard,67,0
36,1,standard,68,0
36,1,standard,69,1
36,1,standard,70,1
36,1,standard,71,0
36,1,standard,72,0
36,1,standard,73,1
36,1,standard,74,0
36,1,standard,75,1
36,1,standard,76,0
36,1,standard,77,0
36,1,standard,78,0
36,1,standard,79,1
36,1,standard,80,1
36,1,standard,81,1
36,1,standard,82,1
36,1,standard,83,1
36,1,standard,84,1
36,1,standard,85,1
36,1,standard,86,0
36,1,standard,87,1
36,1,standard,88,1
36,1,standard,89,0
36,1,standard,90,0
36,1,standard,91,1
36,1,standard,92,0
36,1,standard,93,1
36,1,standard,94,0
36,1,standard,95,1
36,1,standard,96,1
36,1,standard,97,0
36,1,standard,98,1
36,1,standard,99,1
36,1,standard,100,0
36,1,hard,1,0
36,1,hard,2,0
36,1,hard,3,0
36,1,hard,4,1
36,1,hard,5,0
36,1,hard,6,0
36,1,hard,7,1
36,1,hard,8,1
36,1,hard,9,0
36,1,hard,10,0
36,1,hard,11,1
36,1,hard,12,1
36,1,hard,13,1
36,1,hard,14,0
36,1,hard,15,0
36,1,hard,16,1
36,1,hard,17,1
36,1,hard,18,0
36,1,hard,19,0
36,1,hard,20,1
36,1,hard,21,0
36,1,hard,22,0
36,1,hard,23,0
36,1,hard,24,0
36,1,hard,25,1
36,1,hard,26,0
36,1,hard,27,1
36,1,hard,28,1
36,1,hard,29,1
36,1,hard,30,0
36,1,hard,31,1
36,1,hard,32,1
36,1,hard,33,0
36,1,hard,34,1
36,1,hard,35,1
36,1,hard,36,0
36,1,hard,37,1
36,1,hard,38,1
36,1,hard,39,1
36,1,hard,40,0
36,1,hard,41,1
36,1,hard,42,0
36,1,hard,43,1
36,1,hard,44,0
36,1,hard,45,0
36,1,hard,46,1
36,1,hard,47,0
36,1,hard,48,1
36,1,hard,49,0
36,1,hard,50,0
36,1,hard,51,0
36,1,hard,52,1
36,1,hard,53,1
36,1,hard,54,1
36,1,hard,55,1
36,1,hard,56,0
36,1,hard,57,0
36,1,hard,58,0
36,1,hard,59,1
36,1,hard,60,1
36,1,hard,61,0
36,1,hard,62,1
36,1,hard,63,1
36,1,hard,64,1
36,1,hard,65,0
36,1,hard,66,1
36,1,hard,67,0
36,1,hard,68,0
36,1,hard,69,0
36,1,hard,70,0
36,1,hard,71,1
36,1,hard,72,0
36,1,hard,73,1
36,1,hard,74,1
36,1,hard,75,1
36,1,hard,76,1
36,1,hard,77,0
36,1,hard,78,1
36,1,hard,79,0
36,1,hard,80,0
36,1,hard,81,0
36,1,hard,82,0
36,1,hard,83,1
36,1,hard,84,0
36,1,hard,85,1
36,1,hard,86,1
36,1,hard,87,1
36,1,hard,88,1
36,1,hard,89,1
36,1,hard,90,1
36,1,hard,91,1
36,1,hard,92,0
36,1,hard,93,0
36,1,hard,94,0
36,1,hard,95,1
36,1,hard,96,0
36,1,hard,97,1
36,1,hard,98,0
36,1,hard,99,0
36,1,hard,100,1
36,2,standard,1,1
36,2,standard,2,0
36,2,standard,3,0
36,2,standard,4,0
36,2,standard,5,1
36,2,standard,6,0
36,2,standard,7,1
36,2,standard,8,1
36,2,standard,9,1
36,2,standard,10,0
36,2,standard,11,0
36,2,standard,12,1
36,2,standard,13,0
36,2,standard,14,1
36,2,standard,15,1
36,2,standard,16,1
36,2,standard,17,0
36,2,standard,18,1
36,2,standard,19,1
36,2,standard,20,1
36,2,standard,21,1
36,2,standard,22,1
36,2,standard,23,1
36,2,standard,24,1
36,2,standard,25,0
36,2,standard,26,0
36,2,standard,27,1
36,2,standard,28,1
36,2,standard,29,0
36,2,standard,30,0
36,2,standard,31,1
36,2,standard,32,1
36,2,standard,33,1
36,2,standard,34,1
36,2,standard,35,1
36,2,standard,36,1
36,2,standard,37,1
36,2,standard,38,0
36,2,standard,39,1
36,2,standard,40,1
36,2,standard,41,1
36,2,standard,42,1
36,2,standard,43,0
36,2,standard,44,1
36,2,standard,45,1
36,2,standard,46,0
36,2,standard,47,1
36,2,standard,48,1
36,2,standard,49,0
36,2,standard,50,0
36,2,standard,51,0
36,2,standard,52,1
36,2,standard,53,1
36,2,standard,54,1
36,2,standard,55,1
36,2,standard,56,0
36,2,standard,57,0
36,2,standard,58,1
36,2,standard,59,1
36,2,standard,60,1
36,2,standard,61,0
36,2,standard,62,1
36,2,standard,63,1
36,2,standard,64,0
36,2,standard,65,1
36,2,standard,66,1
36,2,standard,67,0
36,2,standard,68,0
36,2,standard,69,1
36,2,standard,70,1
36,2,standard,71,1
36,2,standard,72,1
36,2,standard,73,1
36,2,standard,74,0
36,2,standard,75,1
36,2,standard,76,1
36,2,standard,77,1
36,2,standard,78,0
36,2,standard,79,1
36,2,standard,80,1
36,2,standard,81,1
36,2,standard,82,1
36,2,standard,83,1
36,2,standard,84,1
36,2,standard,85,0
36,2,standard,86,1
36,2,standard,87,1
36,2,standard,88,1
36,2,standard,89,1
36,2,standard,90,1
36,2,standard,91,0
36,2,standard,92,1
36,2,standard,93,0
36,2,standard,94,0
36,2,standard,95,1
36,2,standard,96,1
36,2,standard,97,1
36,2,standard,98,1
36,2,standard,99,1
36,2,standard,100,1
36,2,hard,1,0
36,2,hard,2,0
36,2,hard,3,0
36,2,hard,4,1
36,2,hard,5,1
36,2,hard,6,1
36,2,hard,7,0
36,2,hard,8,1
36,2,hard,9,1
36,2,hard,10,1
36,2,hard,11,1
36,2,hard,12,1
36,2,hard,13,1
36,2,hard,14,0
36,2,hard,15,0
36,2,hard,16,0
36,2,hard,17,0
36,2,hard,18,1
36,2,hard,19,1
36,2,hard,20,1
36,2,hard,21,1
36,2,hard,22,1
36,2,hard,23,0
36,2,hard,24,1
36,2,hard,25,1
36,2,hard,26,0
36,2,hard,27,1
36,2,hard,28,0
36,2,hard,29,0
36,2,hard,30,0
36,2,hard,31,1
36,2,hard,32,1
36,2,hard,33,1
36,2,hard,34,0
36,2,hard,35,1
36,2,hard,36,0
36,2,hard,37,0
36,2,hard,38,0
36,2,hard,39,1
36,2,hard,40,1
36,2,hard,41,0
36,2,hard,42,1
36,2,hard,43,0
36,2,hard,44,1
36,2,hard,45,1
36,2,hard,46,0
36,2,hard,47,1
36,2,hard,48,1
36,2,hard,49,1
36,2,hard,50,0
36,2,hard,51,0
36,2,hard,52,1
36,2,hard,53,1
36,2,hard,54,1
36,2,hard,55,1
36,2,hard,56,0
36,2,hard,57,1
36,2,hard,58,0
36,2,hard,59,0
36,2,hard,60,0
36,2,hard,61,0
36,2,hard,62,1
36,2,hard,63,1
36,2,hard,64,1
36,2,hard,65,1
36,2,hard,66,0
36,2,hard,67,0
36,2,hard,68,1
36,2,hard,69,1
36,2,hard,70,1
36,2,hard,71,0
36,2,hard,72,1
36,2,hard,73,0
36,2,hard,74,0
36,2,hard,75,0
36,2,hard,76,0
36,2,hard,77,0
36,2,hard,78,1
36,2,hard,79,0
36,2,hard,80,0
36,2,hard,81,0
36,2,hard,82,1
36,2,hard,83,0
36,2,hard,84,1
36,2,hard,85,0
36,2,hard,86,1
36,2,hard,87,0
36,2,hard,88,1
36,2,hard,89,1
36,2,hard,90,1
36,2,hard,91,0
36,2,hard,92,1
36,2,hard,93,1
36,2,hard,94,1
36,2,hard,95,0
36,2,hard,96,0
36,2,hard,97,1
36,2,hard,98,0
36,2,hard,99,0
36,2,hard,100,1
36,3,standard,1,0
36,3,standard,2,1
36,3,standard,3,1
36,3,standard,4,0
36,3,standard,5,0
36,3,standard,6,0
36,3,standard,7,0
36,3,standard,8,1
36,3,standard,9,0
36,3,standard,10,0
36,3,standard,11,1
36,3,standard,12,0
36,3,standard,13,0
36,3,standard,14,0
36,3,standard,15,1
36,3,standard,16,1
36,3,standard,17,0
36,3,standard,18,1
36,3,standard,19,0
36,3,standard,20,1
36,3,standard,21,0
36,3,standard,22,1
36,3,standard,23,0
36,3,standard,24,1
36,3,standard,25,0
36,3,standard,26,1
36,3,standard,27,1
36,3,standard,28,1
36,3,standard,29,1
36,3,standard,30,1
36,3,standard,31,1
36,3,standard,32,1
36,3,standard,33,1
36,3,standard,34,1
36,3,standard,35,1
36,3,standard,36,0
36,3,standard,37,1
36,3,standard,38,1
36,3,standard,39,1
36,3,standard,40,1
36,3,standard,41,1
36,3,standard,42,1
36,3,standard,43,0
36,3,standard,44,1
36,3,standard,45,1
36,3,standard,46,1
36,3,standard,47,0
36,3,standard,48,0
36,3,standard,49,0
36,3,standard,50,0
36,3,standard,51,0
36,3,standard,52,1
36,3,standard,53,1
36,3,standard,54,0
36,3,standard,55,1
36,3,standard,56,0
36,3,standard,57,1
36,3,standard,58,1
36,3,standard,59,0
36,3,standard,60,1
36,3,standard,61,1
36,3,standard,62,1
36,3,standard,63,0
36,3,standard,64,0
36,3,standard,65,1
36,3,standard,66,1
36,3,standard,67,0
36,3,standard,68,1
36,3,standard,69,0
36,3,standard,70,1
36,3,standard,71,1
36,3,standard,72,1
36,3,standard,73,1
36,3,standard,74,1
36,3,standard,75,0
36,3,standard,76,0
36,3,standard,77,1
36,3,standard,78,1
36,3,standard,79,0
36,3,standard,80,0
36,3,standard,81,1
36,3,standard,82,1
36,3,standard,83,1
36,3,standard,84,1
36,3,standard,85,1
36,3,standard,86,0
36,3,standard,87,0
36,3,standard,88,1
36,3,standard,89,0
36,3,standard,90,1
36,3,standard,91,1
36,3,standard,92,0
36,3,standard,93,0
36,3,standard,94,0
36,3,standard,95,1
36,3,standard,96,0
36,3,standard,97,1
36,3,standard,98,1
36,3,standard,99,0
36,3,standard,100,1
36,3,hard,1,0
36,3,hard,2,0
36,3,hard,3,1
36,3,hard,4,1
36,3,hard,5,1
36,3,hard,6,1
36,3,hard,7,0
36,3,hard,8,1
36,3,hard,9,1
36,3,hard,10,1
36,3,hard,11,0
36,3,hard,12,1
36,3,hard,13,0
36,3,hard,14,1
36,3,hard,15,1
36,3,hard,16,0
36,3,hard,17,1
36,3,hard,18,1
36,3,hard,19,0
36,3,hard,20,1
36,3,hard,21,0
36,3,hard,22,0
36,3,hard,23,0
36,3,hard,24,1
36,3,hard,25,1
36,3,hard,26,0
36,3,hard,27,1
36,3,hard,28,1
36,3,hard,29,1
36,3,hard,30,0
36,3,hard,31,0
36,3,hard,32,1
36,3,hard,33,0
36,3,hard,34,1
36,3,hard,35,0
36,3,hard,36,0
36,3,hard,37,1
36,3,hard,38,0
36,3,hard,39,1
36,3,hard,40,0
36,3,hard,41,0
36,3,hard,42,0
36,3,hard,43,0
36,3,hard,44,0
36,3,hard,45,0
36,3,hard,46,1
36,3,hard,47,0
36,3,hard,48,0
36,3,hard,49,1
36,3,hard,50,0
36,3,hard,51,1
36,3,hard,52,0
36,3,hard,53,0
36,3,hard,54,1
36,3,hard,55,0
36,3,hard,56,0
36,3,hard,57,1
36,3,hard,58,0
36,3,hard,59,1
36,3,hard,60,0
36,3,hard,61,1
36,3,hard,62,0
36,3,hard,63,1
36,3,hard,64,0
36,3,hard,65,1
36,3,hard,66,0
36,3,hard,67,0
36,3,hard,68,0
36,3,hard,69,1
36,3,hard,70,1
36,3,hard,71,1
36,3,hard,72,0
36,3,hard,73,1
36,3,hard,74,0
36,3,hard,75,0
36,3,hard,76,0
36,3,hard,77,0
36,3,hard,78,1
36,3,hard,79,0
36,3,hard,80,1
36,3,hard,81,0
36,3,hard,82,1
36,3,hard,83,1
36,3,hard,84,0
36,3,hard,85,1
36,3,hard,86,1
36,3,hard,87,0
36,3,hard,88,0
36,3,hard,89,0
36,3,hard,90,0
36,3,hard,91,1
36,3,hard,92,1
36,3,hard,93,1
36,3,hard,94,0
36,3,hard,95,1
36,3,hard,96,1
36,3,hard,97,0
36,3,hard,98,1
36,3,hard,99,1
36,3,hard,100,0
36,4,standard,1,1
36,4,standard,2,1
36,4,standard,3,0
36,4,standard,4,1
36,4,standard,5,0
36,4,standard,6,1
36,4,standard,7,1
36,4,standard,8,1
36,4,standard,9,0
36,4,standard,10,0
36,4,standard,11,0
36,4,standard,12,0
36,4,standard,13,0
36,4,standard,14,0
36,4,standard,15,0
36,4,standard,16,1
36,4,standard,17,1
36,4,standard,18,0
36,4,standard,19,0
36,4,standard,20,1
36,4,standard,21,1
36,4,standard,22,0
36,4,standard,23,0
36,4,standard,24,1
36,4,standard,25,1
36,4,standard,26,0
36,4,standard,27,1
36,4,standard,28,1
36,4,standard,29,1
36,4,standard,30,1
36,4,standard,31,1
36,4,standard,32,1
36,4,standard,33,1
36,4,standard,34,1
36,4,standard,35,0
36,4,standard,36,0
36,4,standard,37,1
36,4,standard,38,0
36,4,standard,39,0
36,4,standard,40,1
36,4,standard,41,1
36,4,standard,42,1
36,4,standard,43,1
36,4,standard,44,1
36,4,standard,45,0
36,4,standard,46,1
36,4,standard,47,0
36,4,standard,48,1
36,4,standard,49,0
36,4,standard,50,1
36,4,standard,51,1
36,4,standard,52,1
36,4,standard,53,0
36,4,standard,54,1
36,4,standard,55,1
36,4,standard,56,1
36,4,standard,57,1
36,4,standard,58,0
36,4,standard,59,1
36,4,standard,60,1
36,4,standard,61,1
36,4,standard,62,1
36,4,standard,63,0
36,4,standard,64,0
36,4,standard,65,1
36,4,standard,66,1
36,4,standard,67,1
36,4,standard,68,1
36,4,standard,69,0
36,4,standard,70,1
36,4,standard,71,0
36,4,standard,72,1
36,4,standard,73,0
36,4,standard,74,0
36,4,standard,75,0
36,4,standard,76,1
36,4,standard,77,0
36,4,standard,78,0
36,4,standard,79,1
36,4,standard,80,0
36,4,standard,81,1
36,4,standard,82,1
36,4,standard,83,0
36,4,standard,84,1
36,4,standard,85,0
36,4,standard,86,1
36,4,standard,87,1
36,4,standard,88,1
36,4,standard,89,1
36,4,standard,90,1
36,4,standard,91,1
36,4,standard,92,1
36,4,standard,93,1
36,4,standard,94,0
36,4,standard,95,1
36,4,standard,96,0
36,4,standard,97,1
36,4,standard,98,1
36,4,standard,99,1
36,4,standard,100,0
36,4,hard,1,0
36,4,hard,2,1
36,4,hard,3,0
36,4,hard,4,0
36,4,hard,5,1
36,4,hard,6,0
36,4,hard,7,1
36,4,hard,8,0
36,4,hard,9,1
36,4,hard,10,0
36,4,hard,11,0
36,4,hard,12,1
36,4,hard,13,1
36,4,hard,14,0
36,4,hard,15,1
36,4,hard,16,1
36,4,hard,17,1
36,4,hard,18,0
36,4,hard,19,0
36,4,hard,20,1
36,4,hard,21,0
36,4,hard,22,1
36,4,hard,23,1
36,4,hard,24,0
36,4,hard,25,0
36,4,hard,26,0
36,4,hard,27,0
36,4,hard,28,0
36,4,hard,29,1
36,4,hard,30,0
36,4,hard,31,0
36,4,hard,32,0
36,4,hard,33,1
36,4,hard,34,1
36,4,hard,35,0
36,4,hard,36,0
36,4,hard,37,0
36,4,hard,38,0
36,4,hard,39,1
36,4,hard,40,1
36,4,hard,41,1
36,4,hard,42,1
36,4,hard,43,1
36,4,hard,44,0
36,4,hard,45,0
36,4,hard,46,0
36,4,hard,47,0
36,4,hard,48,0
36,4,hard,49,1
36,4,hard,50,0
36,4,hard,51,1
36,4,hard,52,0
36,4,hard,53,1
36,4,hard,54,1
36,4,hard,55,0
36,4,hard,56,0
36,4,hard,57,1
36,4,hard,58,0
36,4,hard,59,0
36,4,hard,60,0
36,4,hard,61,1
36,4,hard,62,0
36,4,hard,63,0
36,4,hard,64,0
36,4,hard,65,0
36,4,hard,66,0
36,4,hard,67,0
36,4,hard,68,1
36,4,hard,69,1
36,4,hard,70,0
36,4,hard,71,0
36,4,hard,72,1
36,4,hard,73,1
36,4,hard,74,1
36,4,hard,75,0
36,4,hard,76,0
36,4,hard,77,1
36,4,hard,78,0
36,4,hard,79,1
36,4,hard,80,0
36,4,hard,81,1
36,4,hard,82,1
36,4,hard,83,1
36,4,hard,84,0
36,4,hard,85,0
36,4,hard,86,0
36,4,hard,87,0
36,4,hard,88,0
36,4,hard,89,1
36,4,hard,90,0
36,4,hard,91,1
36,4,hard,92,0
36,4,hard,93,0
36,4,hard,94,0
36,4,hard,95,1
36,4,hard,96,0
36,4,hard,97,1
36,4,hard,98,1
36,4,hard,99,1
36,4,hard,100,1
36,5,standard,1,0
36,5,standard,2,1
36,5,standard,3,0
36,5,standard,4,1
36,5,standard,5,0
36,5,standard,6,1
36,5,standard,7,0
36,5,standard,8,1
36,5,standard,9,1
36,5,standard,10,0
36,5,standard,11,1
36,5,standard,12,1
36,5,standard,13,1
36,5,standard,14,0
36,5,standard,15,0
36,5,standard,16,0
36,5,standard,17,1
36,5,standard,18,1
36,5,standard,19,0
36,5,standard,20,0
36,5,standard,21,1
36,5,standard,22,0
36,5,standard,23,0
36,5,standard,24,1
36,5,standard,25,1
36,5,standard,26,1
36,5,standard,27,1
36,5,standard,28,1
36,5,standard,29,1
36,5,standard,30,1
36,5,standard,31,0
36,5,standard,32,1
36,5,standard,33,0
36,5,standard,34,1
36,5,standard,35,1
36,5,standard,36,1
36,5,standard,37,0
36,5,standard,38,1
36,5,standard,39,0
36,5,standard,40,0
36,5,standard,41,1
36,5,standard,42,0
36,5,standard,43,0
36,5,standard,44,0
36,5,standard,45,1
36,5,standard,46,1
36,5,standard,47,1
36,5,standard,48,1
36,5,standard,49,0
36,5,standard,50,0
36,5,standard,51,1
36,5,standard,52,0
36,5,standard,53,1
36,5,standard,54,1
36,5,standard,55,0
36,5,standard,56,1
36,5,standard,57,1
36,5,standard,58,1
36,5,standard,59,0
36,5,standard,60,1
36,5,standard,61,0
36,5,standard,62,0
36,5,standard,63,1
36,5,standard,64,0
36,5,standard,65,1
36,5,standard,66,1
36,5,standard,67,1
36,5,standard,68,0
36,5,standard,69,1
36,5,standard,70,0
36,5,standard,71,1
36,5,standard,72,1
36,5,standard,73,0
36,5,standard,74,1
36,5,standard,75,1
36,5,standard,76,1
36,5,standard,77,1
36,5,standard,78,0
36,5,standard,79,1
36,5,standard,80,1
36,5,standard,81,0
36,5,standard,82,1
36,5,standard,83,1
36,5,standard,84,1
36,5,standard,85,0
36,5,standard,86,1
36,5,standard,87,1
36,5,standard,88,1
36,5,standard,89,1
36,5,standard,90,0
36,5,standard,91,1
36,5,standard,92,0
36,5,standard,93,0
36,5,standard,94,1
36,5,standard,95,1
36,5,standard,96,1
36,5,standard,97,0
36,5,standard,98,1
36,5,standard,99,0
36,5,standard,100,0
36,5,hard,1,0
36,5,hard,2,0
36,5,hard,3,0
36,5,hard,4,0
36,5,hard,5,1
36,5,hard,6,0
36,5,hard,7,1
36,5,hard,8,0
36,5,hard,9,0
36,5,hard,10,0
36,5,hard,11,0
36,5,hard,12,1
36,5,hard,13,0
36,5,hard,14,1
36,5,hard,15,0
36,5,hard,16,0
36,5,hard,17,1
36,5,hard,18,1
36,5,hard,19,1
36,5,hard,20,0
36,5,hard,21,0
36,5,hard,22,1
36,5,hard,23,1
36,5,hard,24,1
36,5,hard,25,0
36,5,hard,26,1
36,5,hard,27,1
36,5,hard,28,0
36,5,hard,29,1
36,5,hard,30,1
36,5,hard,31,1
36,5,hard,32,0
36,5,hard,33,0
36,5,hard,34,0
36,5,hard,35,1
36,5,hard,36,1
36,5,hard,37,1
36,5,hard,38,1
36,5,hard,39,1
36,5,hard,40,0
36,5,hard,41,0
36,5,hard,42,0
36,5,hard,43,1
36,5,hard,44,1
36,5,hard,45,0
36,5,hard,46,0
36,5,hard,47,1
36,5,hard,48,0
36,5,hard,49,1
36,5,hard,50,0
36,5,hard,51,1
36,5,hard,52,0
36,5,hard,53,0
36,5,hard,54,1
36,5,hard,55,0
36,5,hard,56,0
36,5,hard,57,1
36,5,hard,58,1
36,5,hard,59,1
36,5,hard,60,0
36,5,hard,61,0
36,5,hard,62,1
36,5,hard,63,1
36,5,hard,64,1
36,5,hard,65,1
36,5,hard,66,0
36,5,hard,67,0
36,5,hard,68,0
36,5,hard,69,0
36,5,hard,70,0
36,5,hard,71,0
36,5,hard,72,0
36,5,hard,73,1
36,5,hard,74,0
36,5,hard,75,1
36,5,hard,76,0
36,5,hard,77,0
36,5,hard,78,0
36,5,hard,79,1
36,5,hard,80,1
36,5,hard,81,1
36,5,hard,82,0
36,5,hard,83,1
36,5,hard,84,1
36,5,hard,85,1
36,5,hard,86,0
36,5,hard,87,1
36,5,hard,88,0
36,5,hard,89,0
36,5,hard,90,0
36,5,hard,91,0
36,5,hard,92,1
36,5,hard,93,0
36,5,hard,94,1
36,5,hard,95,1
36,5,hard,96,0
36,5,hard,97,0
36,5,hard,98,1
36,5,hard,99,0
36,5,hard,100,1
37,1,standard,1,0
37,1,standard,2,1
37,1,standard,3,1
37,1,standard,4,1
37,1,standard,5,1
37,1,standard,6,1
37,1,standard,7,1
37,1,standard,8,0
37,1,standard,9,1
37,1,standard,10,0
37,1,standard,11,1
37,1,standard,12,1
37,1,standard,13,1
37,1,standard,14,1
37,1,standard,15,1
37,1,standard,16,1
37,1,standard,17,1
37,1,standard,18,1
37,1,standard,19,1
37,1,standard,20,1
37,1,standard,21,0
37,1,standard,22,1
37,1,standard,23,1
37,1,standard,24,0
37,1,standard,25,0
37,1,standard,26,1
37,1,standard,27,0
37,1,standard,28,1
37,1,standard,29,1
37,1,standard,30,0
37,1,standard,31,1
37,1,standard,32,1
37,1,standard,33,0
37,1,standard,34,0
37,1,standard,35,1
37,1,standard,36,1
37,1,standard,37,1
37,1,standard,38,1
37,1,standard,39,0
37,1,standard,40,1
37,1,standard,41,0
37,1,standard,42,0
37,1,standard,43,0
37,1,standard,44,1
37,1,standard,45,0
37,1,standard,46,1
37,1,standard,47,0
37,1,standard,48,1
37,1,standard,49,0
37,1,standard,50,1
37,1,standard,51,1
37,1,standard,52,0
37,1,standard,53,1
37,1,standard,54,0
37,1,standard,55,1
37,1,standard,56,0
37,1,standard,57,1
37,1,standard,58,0
37,1,standard,59,1
37,1,standard,60,0
37,1,standard,61,1
37,1,standard,62,0
37,1,standard,63,1
37,1,standard,64,1
37,1,standard,65,0
37,1,standard,66,1
37,1,standard,67,0
37,1,standard,68,1
37,1,standard,69,1
37,1,standard,70,0
37,1,standard,71,1
37,1,standard,72,1
37,1,standard,73,1
37,1,standard,74,0
37,1,standard,75,1
37,1,standard,76,1
37,1,standard,77,0
37,1,standard,78,1
37,1,standard,79,0
37,1,standard,80,0
37,1,standard,81,0
37,1,standard,82,0
37,1,standard,83,1
37,1,standard,84,1
37,1,standard,85,1
37,1,standard,86,1
37,1,standard,87,1
37,1,standard,88,1
37,1,standard,89,1
37,1,standard,90,0
37,1,standard,91,1
37,1,standard,92,1
37,1,standard,93,0
37,1,standard,94,1
37,1,standard,95,1
37,1,standard,96,0
37,1,standard,97,0
37,1,standard,98,1
37,1,standard,99,1
37,1,standard,100,1
37,1,hard,1,0
37,1,hard,2,1
37,1,hard,3,1
37,1,hard,4,0
37,1,hard,5,1
37,1,hard,6,1
37,1,hard,7,0
37,1,hard,8,1
37,1,hard,9,0
37,1,hard,10,0
37,1,hard,11,1
37,1,hard,12,0
37,1,hard,13,1
37,1,hard,14,1
37,1,hard,15,1
37,1,hard,16,0
37,1,hard,17,0
37,1,hard,18,1
37,1,hard,19,1
37,1,hard,20,0
37,1,hard,21,1
37,1,hard,22,1
37,1,hard,23,0
37,1,hard,24,0
37,1,hard,25,1
37,1,hard,26,0
37,1,hard,27,0
37,1,hard,28,1
37,1,hard,29,0
37,1,hard,30,1
37,1,hard,31,1
37,1,hard,32,0
37,1,hard,33,0
37,1,hard,34,0
37,1,hard,35,1
37,1,hard,36,1
37,1,hard,37,1
37,1,hard,38,1
37,1,hard,39,1
37,1,hard,40,1
37,1,hard,41,0
37,1,hard,42,0
37,1,hard,43,0
37,1,hard,44,1
37,1,hard,45,0
37,1,hard,46,0
37,1,hard,47,0
37,1,hard,48,1
37,1,hard,49,1
37,1,hard,50,0
37,1,hard,51,1
37,1,hard,52,1
37,1,hard,53,0
37,1,hard,54,1
37,1,hard,55,1
37,1,hard,56,1
37,1,hard,57,0
37,1,hard,58,0
37,1,hard,59,1
37,1,hard,60,0
37,1,hard,61,1
37,1,hard,62,0
37,1,hard,63,1
37,1,hard,64,1
37,1,hard,65,0
37,1,hard,66,0
37,1,hard,67,0
37,1,hard,68,1
37,1,hard,69,1
37,1,hard,70,1
37,1,hard,71,0
37,1,hard,72,1
37,1,hard,73,1
37,1,hard,74,1
37,1,hard,75,1
37,1,hard,76,0
37,1,hard,77,0
37,1,hard,78,1
37,1,hard,79,0
37,1,hard,80,0
37,1,hard,81,0
37,1,hard,82,1
37,1,hard,83,0
37,1,hard,84,1
37,1,hard,85,1
37,1,hard,86,0
37,1,hard,87,0
37,1,hard,88,0
37,1,hard,89,1
37,1,hard,90,0
37,1,hard,91,1
37,1,hard,92,1
37,1,hard,93,1
37,1,hard,94,1
37,1,hard,95,1
37,1,hard,96,1
37,1,hard,97,1
37,1,hard,98,0
37,1,hard,99,1
37,1,hard,100,0
37,2,standard,1,1
37,2,standard,2,1
37,2,standard,3,1
37,2,standard,4,1
37,2,standard,5,1
37,2,standard,6,0
37,2,standard,7,1
37,2,standard,8,1
37,2,standard,9,1
37,2,standard,10,1
37,2,standard,11,0
37,2,standard,12,0
37,2,standard,13,1
37,2,standard,14,1
37,2,standard,15,1
37,2,standard,16,0
37,2,standard,17,0
37,2,standard,18,1
37,2,standard,19,0
37,2,standard,20,1
37,2,standard,21,0
37,2,standard,22,0
37,2,standard,23,0
37,2,standard,24,1
37,2,standard,25,0
37,2,standard,26,1
37,2,standard,27,0
37,2,standard,28,1
37,2,standard,29,1
37,2,standard,30,1
37,2,standard,31,1
37,2,standard,32,1
37,2,standard,33,1
37,2,standard,34,1
37,2,standard,35,1
37,2,standard,36,0
37,2,standard,37,1
37,2,standard,38,0
37,2,standard,39,0
37,2,standard,40,0
37,2,standard,41,1
37,2,standard,42,1
37,2,standard,43,1
37,2,standard,44,1
37,2,standard,45,1
37,2,standard,46,0
37,2,standard,47,1
37,2,standard,48,0
37,2,standard,49,1
37,2,standard,50,1
37,2,standard,51,1
37,2,standard,52,1
37,2,standard,53,1
37,2,standard,54,1
37,2,standard,55,0
37,2,standard,56,1
37,2,standard,57,0
37,2,standard,58,1
37,2,standard,59,1
37,2,standard,60,1
37,2,standard,61,1
37,2,standard,62,0
37,2,standard,63,0
37,2,standard,64,0
37,2,standard,65,1
37,2,standard,66,1
37,2,standard,67,1
37,2,standard,68,1
37,2,standard,69,1
37,2,standard,70,1
37,2,standard,71,1
37,2,standard,72,0
37,2,standard,73,0
37,2,standard,74,0
37,2,standard,75,0
37,2,standard,76,1
37,2,standard,77,1
37,2,standard,78,1
37,2,standard,79,0
37,2,standard,80,1
37,2,standard,81,1
37,2,standard,82,1
37,2,standard,83,0
37,2,standard,84,1
37,2,standard,85,1
37,2,standard,86,0
37,2,standard,87,1
37,2,standard,88,1
37,2,standard,89,1
37,2,standard,90,1
37,2,standard,91,1
37,2,standard,92,1
37,2,standard,93,0
37,2,standard,94,0
37,2,standard,95,1
37,2,standard,96,0
37,2,standard,97,1
37,2,standard,98,1
37,2,standard,99,1
37,2,standard,100,1
37,2,hard,1,0
37,2,hard,2,1
37,2,hard,3,1
37,2,hard,4,0
37,2,hard,5,1
37,2,hard,6,0
37,2,hard,7,0
37,2,hard,8,1
37,2,hard,9,0
37,2,hard,10,0
37,2,hard,11,1
37,2,hard,12,1
37,2,hard,13,0
37,2,hard,14,1
37,2,hard,15,1
37,2,hard,16,1
37,2,hard,17,1
37,2,hard,18,0
37,2,hard,19,1
37,2,hard,20,1
37,2,hard,21,1
37,2,hard,22,1
37,2,hard,23,1
37,2,hard,24,0
37,2,hard,25,1
37,2,hard,26,0
37,2,hard,27,0
37,2,hard,28,1
37,2,hard,29,0
37,2,hard,30,0
37,2,hard,31,1
37,2,hard,32,1
37,2,hard,33,1
37,2,hard,34,1
37,2,hard,35,1
37,2,hard,36,1
37,2,hard,37,1
37,2,hard,38,1
37,2,hard,39,1
37,2,hard,40,1
37,2,hard,41,0
37,2,hard,42,0
37,2,hard,43,1
37,2,hard,44,1
37,2,hard,45,0
37,2,hard,46,1
37,2,hard,47,0
37,2,hard,48,0
37,2,hard,49,1
37,2,hard,50,0
37,2,hard,51,1
37,2,hard,52,0
37,2,hard,53,1
37,2,hard,54,1
37,2,hard,55,0
37,2,hard,56,0
37,2,hard,57,0
37,2,hard,58,0
37,2,hard,59,0
37,2,hard,60,0
37,2,hard,61,1
37,2,hard,62,0
37,2,hard,63,0
37,2,hard,64,0
37,2,hard,65,0
37,2,hard,66,1
37,2,hard,67,0
37,2,hard,68,0
37,2,hard,69,0
37,2,hard,70,0
37,2,hard,71,1
37,2,hard,72,1
37,2,hard,73,1
37,2,hard,74,0
37,2,hard,75,1
37,2,hard,76,0
37,2,hard,77,1
37,2,hard,78,1
37,2,hard,79,0
37,2,hard,80,0
37,2,hard,81,1
37,2,hard,82,1
37,2,hard,83,1
37,2,hard,84,0
37,2,hard,85,0
37,2,hard,86,1
37,2,hard,87,1
37,2,hard,88,0
37,2,hard,89,0
37,2,hard,90,1
37,2,hard,91,0
37,2,hard,92,0
37,2,hard,93,1
37,2,hard,94,0
37,2,hard,95,1
37,2,hard,96,1
37,2,hard,97,0
37,2,hard,98,0
37,2,hard,99,0
37,2,hard,100,0
37,3,standard,1,1
37,3,standard,2,1
37,3,standard,3,0
37,3,standard,4,1
37,3,standard,5,1
37,3,standard,6,1
37,3,standard,7,1
37,3,standard,8,1
37,3,standard,9,1
37,3,standard,10,1
37,3,standard,11,1
37,3,standard,12,1
37,3,standard,13,0
37,3,standard,14,1
37,3,standard,15,1
37,3,standard,16,1
37,3,standard,17,1
37,3,standard,18,0
37,3,standard,19,0
37,3,standard,20,0
37,3,standard,21,1
37,3,standard,22,1
37,3,standard,23,1
37,3,standard,24,1
37,3,standard,25,1
37,3,standard,26,1
37,3,standard,27,0
37,3,standard,28,1
37,3,standard,29,0
37,3,standard,30,0
37,3,standard,31,1
37,3,standard,32,0
37,3,standard,33,1
37,3,standard,34,1
37,3,standard,35,0
37,3,standard,36,1
37,3,standard,37,0
37,3,standard,38,1
37,3,standard,39,0
37,3,standard,40,0
37,3,standard,41,0
37,3,standard,42,1
37,3,standard,43,1
37,3,standard,44,0
37,3,standard,45,0
37,3,standard,46,1
37,3,standard,47,1
37,3,standard,48,1
37,3,standard,49,1
37,3,standard,50,1
37,3,standard,51,0
37,3,standard,52,1
37,3,standard,53,0
37,3,standard,54,1
37,3,standard,55,1
37,3,standard,56,1
37,3,standard,57,1
37,3,standard,58,1
37,3,standard,59,0
37,3,standard,60,1
37,3,standard,61,1
37,3,standard,62,0
37,3,standard,63,1
37,3,standard,64,1
37,3,standard,65,1
37,3,standard,66,1
37,3,standard,67,0
37,3,standard,68,0
37,3,standard,69,0
37,3,standard,70,1
37,3,standard,71,1
37,3,standard,72,0
37,3,standard,73,1
37,3,standard,74,1
37,3,standard,75,0
37,3,standard,76,0
37,3,standard,77,0
37,3,standard,78,0
37,3,standard,79,1
37,3,standard,80,0
37,3,standard,81,0
37,3,standard,82,0
37,3,standard,83,0
37,3,standard,84,1
37,3,standard,85,0
37,3,standard,86,0
37,3,standard,87,1
37,3,standard,88,1
37,3,standard,89,0
37,3,standard,90,1
37,3,standard,91,0
37,3,standard,92,0
37,3,standard,93,1
37,3,standard,94,0
37,3,standard,95,1
37,3,standard,96,0
37,3,standard,97,0
37,3,standard,98,0
37,3,standard,99,0
37,3,standard,100,0
37,3,hard,1,1
37,3,hard,2,1
37,3,hard,3,0
37,3,hard,4,1
37,3,hard,5,0
37,3,hard,6,0
37,3,hard,7,1
37,3,hard,8,0
37,3,hard,9,0
37,3,hard,10,0
37,3,hard,11,1
37,3,hard,12,0
37,3,hard,13,0
37,3,hard,14,1
37,3,hard,15,0
37,3,hard,16,1
37,3,hard,17,0
37,3,hard,18,1
37,3,hard,19,1
37,3,hard,20,1
37,3,hard,21,1
37,3,hard,22,1
37,3,hard,23,1
37,3,hard,24,0
37,3,hard,25,1
37,3,hard,26,0
37,3,hard,27,1
37,3,hard,28,0
37,3,hard,29,0
37,3,hard,30,0
37,3,hard,31,0
37,3,hard,32,0
37,3,hard,33,0
37,3,hard,34,1
37,3,hard,35,0
37,3,hard,36,1
37,3,hard,37,0
37,3,hard,38,0
37,3,hard,39,0
37,3,hard,40,0
37,3,hard,41,0
37,3,hard,42,1
37,3,hard,43,1
37,3,hard,44,1
37,3,hard,45,0
37,3,hard,46,1
37,3,hard,47,0
37,3,hard,48,0
37,3,hard,49,1
37,3,hard,50,1
37,3,hard,51,0
37,3,hard,52,1
37,3,hard,53,1
37,3,hard,54,1
37,3,hard,55,1
37,3,hard,56,1
37,3,hard,57,1
37,3,hard,58,0
37,3,hard,59,0
37,3,hard,60,0
37,3,hard,61,0
37,3,hard,62,1
37,3,hard,63,1
37,3,hard,64,1
37,3,hard,65,0
37,3,hard,66,1
37,3,hard,67,1
37,3,hard,68,1
37,3,hard,69,0
37,3,hard,70,0
37,3,hard,71,0
37,3,hard,72,1
37,3,hard,73,0
37,3,hard,74,0
37,3,hard,75,0
37,3,hard,76,1
37,3,hard,77,0
37,3,hard,78,0
37,3,hard,79,0
37,3,hard,80,1
37,3,hard,81,0
37,3,hard,82,1
37,3,hard,83,1
37,3,hard,84,0
37,3,hard,85,1
37,3,hard,86,0
37,3,hard,87,1
37,3,hard,88,1
37,3,hard,89,1
37,3,hard,90,0
37,3,hard,91,1
37,3,hard,92,0
37,3,hard,93,1
37,3,hard,94,1
37,3,hard,95,1
37,3,hard,96,0
37,3,hard,97,0
37,3,hard,98,0
37,3,hard,99,1
37,3,hard,100,0
37,4,standard,1,0
37,4,standard,2,0
37,4,standard,3,0
37,4,standard,4,0
37,4,standard,5,0
37,4,standard,6,0
37,4,standard,7,1
37,4,standard,8,0
37,4,standard,9,0
37,4,standard,10,0
37,4,standard,11,0
37,4,standard,12,1
37,4,standard,13,1
37,4,standard,14,1
37,4,standard,15,1
37,4,standard,16,0
37,4,standard,17,1
37,4,standard,18,1
37,4,standard,19,1
37,4,standard,20,1
37,4,standard,21,1
37,4,standard,22,0
37,4,standard,23,1
37,4,standard,24,1
37,4,standard,25,0
37,4,standard,26,1
37,4,standard,27,1
37,4,standard,28,1
37,4,standard,29,0
37,4,standard,30,1
37,4,standard,31,1
37,4,standard,32,0
37,4,standard,33,1
37,4,standard,34,1
37,4,standard,35,1
37,4,standard,36,1
37,4,standard,37,1
37,4,standard,38,1
37,4,standard,39,1
37,4,standard,40,0
37,4,standard,41,0
37,4,standard,42,0
37,4,standard,43,0
37,4,standard,44,1
37,4,standard,45,0
37,4,standard,46,1
37,4,standard,47,1
37,4,standard,48,1
37,4,standard,49,1
37,4,standard,50,1
37,4,standard,51,0
37,4,standard,52,1
37,4,standard,53,0
37,4,standard,54,1
37,4,standard,55,0
37,4,standard,56,0
37,4,standard,57,1
37,4,standard,58,1
37,4,standard,59,1
37,4,standard,60,0
37,4,standard,61,1
37,4,standard,62,0
37,4,standard,63,0
37,4,standard,64,1
37,4,standard,65,1
37,4,standard,66,0
37,4,standard,67,1
37,4,standard,68,1
37,4,standard,69,0
37,4,standard,70,1
37,4,standard,71,1
37,4,standard,72,1
37,4,standard,73,1
37,4,standard,74,0
37,4,standard,75,1
37,4,standard,76,1
37,4,standard,77,1
37,4,standard,78,0
37,4,standard,79,1
37,4,standard,80,1
37,4,standard,81,1
37,4,standard,82,1
37,4,standard,83,0
37,4,standard,84,0
37,4,standard,85,1
37,4,standard,86,0
37,4,standard,87,1
37,4,standard,88,1
37,4,standard,89,1
37,4,standard,90,1
37,4,standard,91,1
37,4,standard,92,1
37,4,standard,93,1
37,4,standard,94,0
37,4,standard,95,0
37,4,standard,96,0
37,4,standard,97,1
37,4,standard,98,1
37,4,standard,99,0
37,4,standard,100,0
37,4,hard,1,0
37,4,hard,2,0
37,4,hard,3,1
37,4,hard,4,0
37,4,hard,5,0
37,4,hard,6,1
37,4,hard,7,0
37,4,hard,8,0
37,4,hard,9,1
37,4,hard,10,0
37,4,hard,11,0
37,4,hard,12,0
37,4,hard,13,0
37,4,hard,14,0
37,4,hard,15,0
37,4,hard,16,1
37,4,hard,17,1
37,4,hard,18,1
37,4,hard,19,1
37,4,hard,20,0
37,4,hard,21,0
37,4,hard,22,0
37,4,hard,23,0
37,4,hard,24,1
37,4,hard,25,0
37,4,hard,26,0
37,4,hard,27,1
37,4,hard,28,1
37,4,hard,29,1
37,4,hard,30,1
37,4,hard,31,0
37,4,hard,32,0
37,4,hard,33,1
37,4,hard,34,0
37,4,hard,35,0
37,4,hard,36,0
37,4,hard,37,1
37,4,hard,38,0
37,4,hard,39,1
37,4,hard,40,1
37,4,hard,41,0
37,4,hard,42,1
37,4,hard,43,0
37,4,hard,44,1
37,4,hard,45,0
37,4,hard,46,1
37,4,hard,47,1
37,4,hard,48,1
37,4,hard,49,1
37,4,hard,50,0
37,4,hard,51,1
37,4,hard,52,0
37,4,hard,53,1
37,4,hard,54,1
37,4,hard,55,1
37,4,hard,56,0
37,4,hard,57,0
37,4,hard,58,1
37,4,hard,59,1
37,4,hard,60,0
37,4,hard,61,1
37,4,hard,62,0
37,4,hard,63,0
37,4,hard,64,0
37,4,hard,65,0
37,4,hard,66,1
37,4,hard,67,1
37,4,hard,68,0
37,4,hard,69,0
37,4,hard,70,1
37,4,hard,71,0
37,4,hard,72,1
37,4,hard,73,1
37,4,hard,74,0
37,4,hard,75,1
37,4,hard,76,1
37,4,hard,77,1
37,4,hard,78,1
37,4,hard,79,0
37,4,hard,80,1
37,4,hard,81,0
37,4,hard,82,1
37,4,hard,83,1
37,4,hard,84,1
37,4,hard,85,1
37,4,hard,86,1
37,4,hard,87,0
37,4,hard,88,0
37,4,hard,89,0
37,4,hard,90,1
37,4,hard,91,1
37,4,hard,92,1
37,4,hard,93,0
37,4,hard,94,0
37,4,hard,95,1
37,4,hard,96,1
37,4,hard,97,1
37,4,hard,98,1
37,4,hard,99,1
37,4,hard,100,1
37,5,standard,1,0
37,5,standard,2,1
37,5,standard,3,1
37,5,standard,4,0
37,5,standard,5,1
37,5,standard,6,0
37,5,standard,7,0
37,5,standard,8,0
37,5,standard,9,1
37,5,standard,10,0
37,5,standard,11,1
37,5,standard,12,0
37,5,standard,13,1
37,5,standard,14,1
37,5,standard,15,0
37,5,standard,16,1
37,5,standard,17,1
37,5,standard,18,1
37,5,standard,19,0
37,5,standard,20,1
37,5,standard,21,0
37,5,standard,22,1
37,5,standard,23,1
37,5,standard,24,0
37,5,standard,25,0
37,5,standard,26,0
37,5,standard,27,1
37,5,standard,28,1
37,5,standard,29,1
37,5,standard,30,1
37,5,standard,31,1
37,5,standard,32,0
37,5,standard,33,1
37,5,standard,34,1
37,5,standard,35,1
37,5,standard,36,1
37,5,standard,37,1
37,5,standard,38,1
37,5,standard,39,1
37,5,standard,40,1
37,5,standard,41,1
37,5,standard,42,1
37,5,standard,43,1
37,5,standard,44,1
37,5,standard,45,1
37,5,standard,46,1
37,5,standard,47,0
37,5,standard,48,0
37,5,standard,49,0
37,5,standard,50,0
37,5,standard,51,1
37,5,standard,52,0
37,5,standard,53,1
37,5,standard,54,0
37,5,standard,55,1
37,5,standard,56,0
37,5,standard,57,0
37,5,standard,58,0
37,5,standard,59,0
37,5,standard,60,1
37,5,standard,61,0
37,5,standard,62,0
37,5,standard,63,1
37,5,standard,64,0
37,5,standard,65,1
37,5,standard,66,1
37,5,standard,67,0
37,5,standard,68,0
37,5,standard,69,1
37,5,standard,70,1
37,5,standard,71,0
37,5,standard,72,1
37,5,standard,73,1
37,5,standard,74,1
37,5,standard,75,0
37,5,standard,76,1
37,5,standard,77,0
37,5,standard,78,0
37,5,standard,79,0
37,5,standard,80,0
37,5,standard,81,0
37,5,standard,82,0
37,5,standard,83,0
37,5,standard,84,0
37,5,standard,85,1
37,5,standard,86,1
37,5,standard,87,0
37,5,standard,88,0
37,5,standard,89,1
37,5,standard,90,0
37,5,standard,91,1
37,5,standard,92,1
37,5,standard,93,0
37,5,standard,94,1
37,5,standard,95,0
37,5,standard,96,1
37,5,standard,97,0
37,5,standard,98,0
37,5,standard,99,1
37,5,standard,100,0
37,5,hard,1,0
37,5,hard,2,0
37,5,hard,3,0
37,5,hard,4,1
37,5,hard,5,0
37,5,hard,6,1
37,5,hard,7,0
37,5,hard,8,1
37,5,hard,9,1
37,5,hard,10,0
37,5,hard,11,1
37,5,hard,12,0
37,5,hard,13,1
37,5,hard,14,1
37,5,hard,15,0
37,5,hard,16,0
37,5,hard,17,1
37,5,hard,18,1
37,5,hard,19,0
37,5,hard,20,0
37,5,hard,21,1
37,5,hard,22,0
37,5,hard,23,1
37,5,hard,24,1
37,5,hard,25,1
37,5,hard,26,0
37,5,hard,27,1
37,5,hard,28,1
37,5,hard,29,1
37,5,hard,30,1
37,5,hard,31,1
37,5,hard,32,1
37,5,hard,33,1
37,5,hard,34,0
37,5,hard,35,1
37,5,hard,36,0
37,5,hard,37,1
37,5,hard,38,0
37,5,hard,39,0
37,5,hard,40,1
37,5,hard,41,0
37,5,hard,42,1
37,5,hard,43,1
37,5,hard,44,1
37,5,hard,45,0
37,5,hard,46,0
37,5,hard,47,1
37,5,hard,48,1
37,5,hard,49,0
37,5,hard,50,0
37,5,hard,51,0
37,5,hard,52,0
37,5,hard,53,0
37,5,hard,54,1
37,5,hard,55,1
37,5,hard,56,0
37,5,hard,57,1
37,5,hard,58,0
37,5,hard,59,1
37,5,hard,60,1
37,5,hard,61,0
37,5,hard,62,0
37,5,hard,63,1
37,5,hard,64,1
37,5,hard,65,1
37,5,hard,66,1
37,5,hard,67,0
37,5,hard,68,1
37,5,hard,69,0
37,5,hard,70,0
37,5,hard,71,0
37,5,hard,72,1
37,5,hard,73,1
37,5,hard,74,1
37,5,hard,75,1
37,5,hard,76,0
37,5,hard,77,0
37,5,hard,78,1
37,5,hard,79,1
37,5,hard,80,0
37,5,hard,81,0
37,5,hard,82,1
37,5,hard,83,1
37,5,hard,84,1
37,5,hard,85,0
37,5,hard,86,1
37,5,hard,87,1
37,5,hard,88,1
37,5,hard,89,0
37,5,hard,90,0
37,5,hard,91,0
37,5,hard,92,0
37,5,hard,93,0
37,5,hard,94,1
37,5,hard,95,0
37,5,hard,96,1
37,5,hard,97,0
37,5,hard,98,1
37,5,hard,99,0
37,5,hard,100,1
38,1,standard,1,0
38,1,standard,2,0
38,1,standard,3,1
38,1,standard,4,1
38,1,standard,5,1
38,1,standard,6,0
38,1,standard,7,1
38,1,standard,8,0
38,1,standard,9,1
38,1,standard,10,0
38,1,standard,11,0
38,1,standard,12,0
38,1,standard,13,1
38,1,standard,14,1
38,1,standard,15,1
38,1,standard,16,0
38,1,standard,17,0
38,1,standard,18,0
38,1,standard,19,0
38,1,standard,20,1
38,1,standard,21,1
38,1,standard,22,0
38,1,standard,23,1
38,1,standard,24,0
38,1,standard,25,1
38,1,standard,26,0
38,1,standard,27,0
38,1,standard,28,1
38,1,standard,29,1
38,1,standard,30,1
38,1,standard,31,0
38,1,standard,32,0
38,1,standard,33,1
38,1,standard,34,1
38,1,standard,35,1
38,1,standard,36,1
38,1,standard,37,0
38,1,standard,38,1
38,1,standard,39,1
38,1,standard,40,1
38,1,standard,41,1
38,1,standard,42,1
38,1,standard,43,1
38,1,standard,44,0
38,1,standard,45,1
38,1,standard,46,1
38,1,standard,47,0
38,1,standard,48,1
38,1,standard,49,0
38,1,standard,50,0
38,1,standard,51,1
38,1,standard,52,0
38,1,standard,53,1
38,1,standard,54,0
38,1,standard,55,1
38,1,standard,56,1
38,1,standard,57,1
38,1,standard,58,0
38,1,standard,59,1
38,1,standard,60,1
38,1,standard,61,1
38,1,standard,62,1
38,1,standard,63,1
38,1,standard,64,0
38,1,standard,65,1
38,1,standard,66,1
38,1,standard,67,1
38,1,standard,68,1
38,1,standard,69,1
38,1,standard,70,1
38,1,standard,71,1
38,1,standard,72,1
38,1,standard,73,1
38,1,standard,74,1
38,1,standard,75,0
38,1,standard,76,1
38,1,standard,77,0
38,1,standard,78,1
38,1,standard,79,1
38,1,standard,80,0
38,1,standard,81,1
38,1,standard,82,0
38,1,standard,83,1
38,1,standard,84,1
38,1,standard,85,1
38,1,standard,86,1
38,1,standard,87,1
38,1,standard,88,1
38,1,standard,89,1
38,1,standard,90,0
38,1,standard,91,0
38,1,standard,92,0
38,1,standard,93,1
38,1,standard,94,0
38,1,standard,95,1
38,1,standard,96,0
38,1,standard,97,0
38,1,standard,98,0
38,1,standard,99,1
38,1,standard,100,1
38,1,hard,1,0
38,1,hard,2,0
38,1,hard,3,1
38,1,hard,4,0
38,1,hard,5,1
38,1,hard,6,1
38,1,hard,7,0
38,1,hard,8,0
38,1,hard,9,1
38,1,hard,10,1
38,1,hard,11,1
38,1,hard,12,1
38,1,hard,13,1
38,1,hard,14,0
38,1,hard,15,1
38,1,hard,16,1
38,1,hard,17,0
38,1,hard,18,1
38,1,hard,19,0
38,1,hard,20,1
38,1,hard,21,1
38,1,hard,22,0
38,1,hard,23,1
38,1,hard,24,1
38,1,hard,25,1
38,1,hard,26,0
38,1,hard,27,1
38,1,hard,28,1
38,1,hard,29,0
38,1,hard,30,1
38,1,hard,31,0
38,1,hard,32,1
38,1,hard,33,0
38,1,hard,34,0
38,1,hard,35,1
38,1,hard,36,1
38,1,hard,37,1
38,1,hard,38,1
38,1,hard,39,0
38,1,hard,40,0
38,1,hard,41,0
38,1,hard,42,0
38,1,hard,43,0
38,1,hard,44,1
38,1,hard,45,0
38,1,hard,46,1
38,1,hard,47,0
38,1,hard,48,1
38,1,hard,49,1
38,1,hard,50,0
38,1,hard,51,1
38,1,hard,52,1
38,1,hard,53,0
38,1,hard,54,1
38,1,hard,55,1
38,1,hard,56,0
38,1,hard,57,1
38,1,hard,58,1
38,1,hard,59,0
38,1,hard,60,1
38,1,hard,61,1
38,1,hard,62,0
38,1,hard,63,1
38,1,hard,64,1
38,1,hard,65,1
38,1,hard,66,0
38,1,hard,67,1
38,1,hard,68,0
38,1,hard,69,1
38,1,hard,70,1
38,1,hard,71,1
38,1,hard,72,0
38,1,hard,73,1
38,1,hard,74,1
38,1,hard,75,0
38,1,hard,76,1
38,1,hard,77,0
38,1,hard,78,1
38,1,hard,79,1
38,1,hard,80,0
38,1,hard,81,0
38,1,hard,82,1
38,1,hard,83,1
38,1,hard,84,1
38,1,hard,85,1
38,1,hard,86,1
38,1,hard,87,0
38,1,hard,88,0
38,1,hard,89,1
38,1,hard,90,1
38,1,hard,91,1
38,1,hard,92,1
38,1,hard,93,1
38,1,hard,94,1
38,1,hard,95,1
38,1,hard,96,1
38,1,hard,97,1
38,1,hard,98,0
38,1,hard,99,0
38,1,hard,100,1
38,2,standard,1,0
38,2,standard,2,1
38,2,standard,3,1
38,2,standard,4,1
38,2,standard,5,0
38,2,standard,6,1
38,2,standard,7,0
38,2,standard,8,1
38,2,standard,9,1
38,2,standard,10,1
38,2,standard,11,1
38,2,standard,12,1
38,2,standard,13,1
38,2,standard,14,1
38,2,standard,15,1
38,2,standard,16,0
38,2,standard,17,1
38,2,standard,18,0
38,2,standard,19,0
38,2,standard,20,1
38,2,standard,21,1
38,2,standard,22,1
38,2,standard,23,0
38,2,standard,24,0
38,2,standard,25,1
38,2,standard,26,1
38,2,standard,27,1
38,2,standard,28,1
38,2,standard,29,1
38,2,standard,30,0
38,2,standard,31,1
38,2,standard,32,1
38,2,standard,33,1
38,2,standard,34,0
38,2,standard,35,1
38,2,standard,36,0
38,2,standard,37,1
38,2,standard,38,1
38,2,standard,39,1
38,2,standard,40,0
38,2,standard,41,1
38,2,standard,42,1
38,2,standard,43,1
38,2,standard,44,0
38,2,standard,45,0
38,2,standard,46,0
38,2,standard,47,1
38,2,standard,48,0
38,2,standard,49,1
38,2,standard,50,1
38,2,standard,51,0
38,2,standard,52,1
38,2,standard,53,1
38,2,standard,54,0
38,2,standard,55,0
38,2,standard,56,1
38,2,standard,57,1
38,2,standard,58,1
38,2,standard,59,1
38,2,standard,60,1
38,2,standard,61,1
38,2,standard,62,1
38,2,standard,63,0
38,2,standard,64,1
38,2,standard,65,0
38,2,standard,66,1
38,2,standard,67,0
38,2,standard,68,1
38,2,standard,69,0
38,2,standard,70,0
38,2,standard,71,1
38,2,standard,72,0
38,2,standard,73,1
38,2,standard,74,0
38,2,standard,75,0
38,2,standard,76,1
38,2,standard,77,0
38,2,standard,78,1
38,2,standard,79,1
38,2,standard,80,1
38,2,standard,81,0
38,2,standard,82,1
38,2,standard,83,1
38,2,standard,84,1
38,2,standard,85,1
38,2,standard,86,1
38,2,standard,87,1
38,2,standard,88,1
38,2,standard,89,0
38,2,standard,90,1
38,2,standard,91,1
38,2,standard,92,1
38,2,standard,93,0
38,2,standard,94,1
38,2,standard,95,1
38,2,standard,96,1
38,2,standard,97,1
38,2,standard,98,0
38,2,standard,99,1
38,2,standard,100,0
38,2,hard,1,1
38,2,hard,2,1
38,2,hard,3,1
38,2,hard,4,0
38,2,hard,5,0
38,2,hard,6,0
38,2,hard,7,1
38,2,hard,8,0
38,2,hard,9,0
38,2,hard,10,1
38,2,hard,11,0
38,2,hard,12,1
38,2,hard,13,1
38,2,hard,14,1
38,2,hard,15,1
38,2,hard,16,1
38,2,hard,17,1
38,2,hard,18,0
38,2,hard,19,0
38,2,hard,20,1
38,2,hard,21,1
38,2,hard,22,0
38,2,hard,23,1
38,2,hard,24,0
38,2,hard,25,0
38,2,hard,26,0
38,2,hard,27,1
38,2,hard,28,0
38,2,hard,29,1
38,2,hard,30,1
38,2,hard,31,1
38,2,hard,32,0
38,2,hard,33,1
38,2,hard,34,0
38,2,hard,35,1
38,2,hard,36,0
38,2,hard,37,1
38,2,hard,38,1
38,2,hard,39,0
38,2,hard,40,0
38,2,hard,41,1
38,2,hard,42,0
38,2,hard,43,0
38,2,hard,44,0
38,2,hard,45,1
38,2,hard,46,1
38,2,hard,47,1
38,2,hard,48,0
38,2,hard,49,1
38,2,hard,50,1
38,2,hard,51,0
38,2,hard,52,1
38,2,hard,53,1
38,2,hard,54,0
38,2,hard,55,0
38,2,hard,56,1
38,2,hard,57,1
38,2,hard,58,1
38,2,hard,59,0
38,2,hard,60,0
38,2,hard,61,1
38,2,hard,62,1
38,2,hard,63,0
38,2,hard,64,0
38,2,hard,65,0
38,2,hard,66,0
38,2,hard,67,0
38,2,hard,68,1
38,2,hard,69,1
38,2,hard,70,1
38,2,hard,71,1
38,2,hard,72,0
38,2,hard,73,1
38,2,hard,74,0
38,2,hard,75,1
38,2,hard,76,1
38,2,hard,77,0
38,2,hard,78,1
38,2,hard,79,1
38,2,hard,80,0
38,2,hard,81,0
38,2,hard,82,1
38,2,hard,83,1
38,2,hard,84,1
38,2,hard,85,1
38,2,hard,86,1
38,2,hard,87,1
38,2,hard,88,1
38,2,hard,89,1
38,2,hard,90,1
38,2,hard,91,1
38,2,hard,92,1
38,2,hard,93,1
38,2,hard,94,1
38,2,hard,95,1
38,2,hard,96,1
38,2,hard,97,1
38,2,hard,98,0
38,2,hard,99,1
38,2,hard,100,0
38,3,standard,1,1
38,3,standard,2,1
38,3,standard,3,0
38,3,standard,4,1
38,3,standard,5,1
38,3,standard,6,1
38,3,standard,7,0
38,3,standard,8,0
38,3,standard,9,0
38,3,standard,10,1
38,3,standard,11,0
38,3,standard,12,1
38,3,standard,13,1
38,3,standard,14,0
38,3,standard,15,0
38,3,standard,16,1
38,3,standard,17,0
38,3,standard,18,1
38,3,standard,19,1
38,3,standard,20,1
38,3,standard,21,0
38,3,standard,22,0
38,3,standard,23,0
38,3,standard,24,1
38,3,standard,25,1
38,3,standard,26,0
38,3,standard,27,1
38,3,standard,28,1
38,3,standard,29,0
38,3,standard,30,1
38,3,standard,31,0
38,3,standard,32,1
38,3,standard,33,0
38,3,standard,34,1
38,3,standard,35,0
38,3,standard,36,1
38,3,standard,37,0
38,3,standard,38,1
38,3,standard,39,0
38,3,standard,40,0
38,3,standard,41,1
38,3,standard,42,1
38,3,standard,43,0
38,3,standard,44,1
38,3,standard,45,1
38,3,standard,46,1
38,3,standard,47,0
38,3,standard,48,1
38,3,standard,49,0
38,3,standard,50,1
38,3,standard,51,0
38,3,standard,52,1
38,3,standard,53,0
38,3,standard,54,1
38,3,standard,55,1
38,3,standard,56,1
38,3,standard,57,1
38,3,standard,58,1
38,3,standard,59,1
38,3,standard,60,0
38,3,standard,61,0
38,3,standard,62,1
38,3,standard,63,0
38,3,standard,64,1
38,3,standard,65,0
38,3,standard,66,1
38,3,standard,67,1
38,3,standard,68,1
38,3,standard,69,0
38,3,standard,70,0
38,3,standard,71,1
38,3,standard,72,1
38,3,standard,73,1
38,3,standard,74,1
38,3,standard,75,1
38,3,standard,76,0
38,3,standard,77,1
38,3,standard,78,0
38,3,standard,79,0
38,3,standard,80,0
38,3,standard,81,0
38,3,standard,82,0
38,3,standard,83,0
38,3,standard,84,1
38,3,standard,85,1
38,3,standard,86,0
38,3,standard,87,0
38,3,standard,88,1
38,3,standard,89,1
38,3,standard,90,1
38,3,standard,91,1
38,3,standard,92,1
38,3,standard,93,1
38,3,standard,94,0
38,3,standard,95,1
38,3,standard,96,1
38,3,standard,97,0
38,3,standard,98,1
38,3,standard,99,1
38,3,standard,100,1
38,3,hard,1,1
38,3,hard,2,0
38,3,hard,3,1
38,3,hard,4,1
38,3,hard,5,0
38,3,hard,6,0
38,3,hard,7,0
38,3,hard,8,0
38,3,hard,9,0
38,3,hard,10,0
38,3,hard,11,1
38,3,hard,12,0
38,3,hard,13,1
38,3,hard,14,0
38,3,hard,15,0
38,3,hard,16,0
38,3,hard,17,0
38,3,hard,18,1
38,3,hard,19,0
38,3,hard,20,0
38,3,hard,21,0
38,3,hard,22,1
38,3,hard,23,0
38,3,hard,24,0
38,3,hard,25,0
38,3,hard,26,1
38,3,hard,27,0
38,3,hard,28,0
38,3,hard,29,0
38,3,hard,30,1
38,3,hard,31,1
38,3,hard,32,0
38,3,hard,33,0
38,3,hard,34,0
38,3,hard,35,0
38,3,hard,36,0
38,3,hard,37,1
38,3,hard,38,0
38,3,hard,39,1
38,3,hard,40,1
38,3,hard,41,1
38,3,hard,42,1
38,3,hard,43,0
38,3,hard,44,0
38,3,hard,45,0
38,3,hard,46,1
38,3,hard,47,1
38,3,hard,48,0
38,3,hard,49,1
38,3,hard,50,0
38,3,hard,51,0
38,3,hard,52,0
38,3,hard,53,0
38,3,hard,54,1
38,3,hard,55,0
38,3,hard,56,1
38,3,hard,57,0
38,3,hard,58,1
38,3,hard,59,0
38,3,hard,60,1
38,3,hard,61,0
38,3,hard,62,0
38,3,hard,63,0
38,3,hard,64,0
38,3,hard,65,0
38,3,hard,66,1
38,3,hard,67,0
38,3,hard,68,1
38,3,hard,69,0
38,3,hard,70,1
38,3,hard,71,0
38,3,hard,72,1
38,3,hard,73,1
38,3,hard,74,0
38,3,hard,75,0
38,3,hard,76,0
38,3,hard,77,0
38,3,hard,78,1
38,3,hard,79,1
38,3,hard,80,1
38,3,hard,81,1
38,3,hard,82,0
38,3,hard,83,1
38,3,hard,84,0
38,3,hard,85,1
38,3,hard,86,1
38,3,hard,87,0
38,3,hard,88,1
38,3,hard,89,0
38,3,hard,90,1
38,3,hard,91,0
38,3,hard,92,0
38,3,hard,93,1
38,3,hard,94,0
38,3,hard,95,0
38,3,hard,96,0
38,3,hard,97,0
38,3,hard,98,1
38,3,hard,99,1
38,3,hard,100,1
38,4,standard,1,0
38,4,standard,2,1
38,4,standard,3,0
38,4,standard,4,1
38,4,standard,5,0
38,4,standard,6,0
38,4,standard,7,1
38,4,standard,8,1
38,4,standard,9,1
38,4,standard,10,1
38,4,standard,11,0
38,4,standard,12,1
38,4,standard,13,1
38,4,standard,14,0
38,4,standard,15,1
38,4,standard,16,0
38,4,standard,17,0
38,4,standard,18,1
38,4,standard,19,1
38,4,standard,20,1
38,4,standard,21,0
38,4,standard,22,1
38,4,standard,23,0
38,4,standard,24,0
38,4,standard,25,0
38,4,standard,26,1
38,4,standard,27,1
38,4,standard,28,1
38,4,standard,29,1
38,4,standard,30,1
38,4,standard,31,1
38,4,standard,32,1
38,4,standard,33,1
38,4,standard,34,0
38,4,standard,35,0
38,4,standard,36,1
38,4,standard,37,1
38,4,standard,38,0
38,4,standard,39,0
38,4,standard,40,1
38,4,standard,41,1
38,4,standard,42,1
38,4,standard,43,1
38,4,standard,44,1
38,4,standard,45,0
38,4,standard,46,1
38,4,standard,47,1
38,4,standard,48,1
38,4,standard,49,1
38,4,standard,50,1
38,4,standard,51,1
38,4,standard,52,1
38,4,standard,53,0
38,4,standard,54,0
38,4,standard,55,1
38,4,standard,56,1
38,4,standard,57,1
38,4,standard,58,1
38,4,standard,59,1
38,4,standard,60,1
38,4,standard,61,1
38,4,standard,62,0
38,4,standard,63,0
38,4,standard,64,1
38,4,standard,65,1
38,4,standard,66,0
38,4,standard,67,1
38,4,standard,68,1
38,4,standard,69,1
38,4,standard,70,1
38,4,standard,71,1
38,4,standard,72,1
38,4,standard,73,0
38,4,standard,74,0
38,4,standard,75,1
38,4,standard,76,0
38,4,standard,77,0
38,4,standard,78,0
38,4,standard,79,0
38,4,standard,80,1
38,4,standard,81,1
38,4,standard,82,1
38,4,standard,83,0
38,4,standard,84,1
38,4,standard,85,0
38,4,standard,86,1
38,4,standard,87,1
38,4,standard,88,1
38,4,standard,89,1
38,4,standard,90,1
38,4,standard,91,1
38,4,standard,92,0
38,4,standard,93,0
38,4,standard,94,1
38,4,standard,95,0
38,4,standard,96,0
38,4,standard,97,1
38,4,standard,98,0
38,4,standard,99,1
38,4,standard,100,0
38,4,hard,1,1
38,4,hard,2,1
38,4,hard,3,1
38,4,hard,4,1
38,4,hard,5,0
38,4,hard,6,1
38,4,hard,7,0
38,4,hard,8,0
38,4,hard,9,0
38,4,hard,10,1
38,4,hard,11,1
38,4,hard,12,0
38,4,hard,13,1
38,4,hard,14,1
38,4,hard,15,0
38,4,hard,16,0
38,4,hard,17,0
38,4,hard,18,0
38,4,hard,19,1
38,4,hard,20,0
38,4,hard,21,0
38,4,hard,22,1
38,4,hard,23,1
38,4,hard,24,1
38,4,hard,25,1
38,4,hard,26,0
38,4,hard,27,0
38,4,hard,28,0
38,4,hard,29,1
38,4,hard,30,0
38,4,hard,31,0
38,4,hard,32,0
38,4,hard,33,0
38,4,hard,34,1
38,4,hard,35,0
38,4,hard,36,1
38,4,hard,37,1
38,4,hard,38,1
38,4,hard,39,1
38,4,hard,40,1
38,4,hard,41,1
38,4,hard,42,0
38,4,hard,43,1
38,4,hard,44,1
38,4,hard,45,1
38,4,hard,46,1
38,4,hard,47,0
38,4,hard,48,1
38,4,hard,49,0
38,4,hard,50,1
38,4,hard,51,1
38,4,hard,52,0
38,4,hard,53,0
38,4,hard,54,0
38,4,hard,55,0
38,4,hard,56,1
38,4,hard,57,1
38,4,hard,58,1
38,4,hard,59,1
38,4,hard,60,1
38,4,hard,61,0
38,4,hard,62,0
38,4,hard,63,1
38,4,hard,64,1
38,4,hard,65,0
38,4,hard,66,1
38,4,hard,67,0
38,4,hard,68,1
38,4,hard,69,0
38,4,hard,70,1
38,4,hard,71,0
38,4,hard,72,1
38,4,hard,73,1
38,4,hard,74,1
38,4,hard,75,1
38,4,hard,76,1
38,4,hard,77,0
38,4,hard,78,1
38,4,hard,79,0
38,4,hard,80,1
38,4,hard,81,1
38,4,hard,82,1
38,4,hard,83,0
38,4,hard,84,1
38,4,hard,85,1
38,4,hard,86,0
38,4,hard,87,1
38,4,hard,88,1
38,4,hard,89,1
38,4,hard,90,0
38,4,hard,91,1
38,4,hard,92,0
38,4,hard,93,0
38,4,hard,94,1
38,4,hard,95,1
38,4,hard,96,1
38,4,hard,97,0
38,4,hard,98,0
38,4,hard,99,1
38,4,hard,100,1
38,5,standard,1,0
38,5,standard,2,1
38,5,standard,3,0
38,5,standard,4,1
38,5,standard,5,1
38,5,standard,6,1
38,5,standard,7,1
38,5,standard,8,0
38,5,standard,9,1
38,5,standard,10,1
38,5,standard,11,1
38,5,standard,12,1
38,5,standard,13,1
38,5,standard,14,0
38,5,standard,15,1
38,5,standard,16,1
38,5,standard,17,1
38,5,standard,18,1
38,5,standard,19,1
38,5,standard,20,1
38,5,standard,21,1
38,5,standard,22,1
38,5,standard,23,1
38,5,standard,24,0
38,5,standard,25,1
38,5,standard,26,0
38,5,standard,27,0
38,5,standard,28,1
38,5,standard,29,0
38,5,standard,30,1
38,5,standard,31,1
38,5,standard,32,0
38,5,standard,33,1
38,5,standard,34,1
38,5,standard,35,1
38,5,standard,36,0
38,5,standard,37,0
38,5,standard,38,1
38,5,standard,39,0
38,5,standard,40,0
38,5,standard,41,1
38,5,standard,42,1
38,5,standard,43,0
38,5,standard,44,1
38,5,standard,45,0
38,5,standard,46,1
38,5,standard,47,0
38,5,standard,48,0
38,5,standard,49,0
38,5,standard,50,0
38,5,standard,51,0
38,5,standard,52,0
38,5,standard,53,1
38,5,standard,54,1
38,5,standard,55,1
38,5,standard,56,1
38,5,standard,57,1
38,5,standard,58,1
38,5,standard,59,1
38,5,standard,60,1
38,5,standard,61,1
38,5,standard,62,0
38,5,standard,63,0
38,5,standard,64,1
38,5,standard,65,1
38,5,standard,66,0
38,5,standard,67,1
38,5,standard,68,1
38,5,standard,69,1
38,5,standard,70,1
38,5,standard,71,1
38,5,standard,72,1
38,5,standard,73,1
38,5,standard,74,1
38,5,standard,75,1
38,5,standard,76,0
38,5,standard,77,1
38,5,standard,78,0
38,5,standard,79,0
38,5,standard,80,1
38,5,standard,81,0
38,5,standard,82,0
38,5,standard,83,1
38,5,standard,84,1
38,5,standard,85,1
38,5,standard,86,1
38,5,standard,87,1
38,5,standard,88,0
38,5,standard,89,0
38,5,standard,90,0
38,5,standard,91,1
38,5,standard,92,0
38,5,standard,93,1
38,5,standard,94,1
38,5,standard,95,0
38,5,standard,96,0
38,5,standard,97,1
38,5,standard,98,1
38,5,standard,99,1
38,5,standard,100,1
38,5,hard,1,1
38,5,hard,2,1
38,5,hard,3,0
38,5,hard,4,0
38,5,hard,5,1
38,5,hard,6,1
38,5,hard,7,0
38,5,hard,8,1
38,5,hard,9,0
38,5,hard,10,1
38,5,hard,11,0
38,5,hard,12,1
38,5,hard,13,1
38,5,hard,14,1
38,5,hard,15,1
38,5,hard,16,1
38,5,hard,17,0
38,5,hard,18,0
38,5,hard,19,1
38,5,hard,20,0
38,5,hard,21,1
38,5,hard,22,1
38,5,hard,23,1
38,5,hard,24,0
38,5,hard,25,1
38,5,hard,26,1
38,5,hard,27,1
38,5,hard,28,0
38,5,hard,29,0
38,5,hard,30,0
38,5,hard,31,0
38,5,hard,32,1
38,5,hard,33,0
38,5,hard,34,1
38,5,hard,35,0
38,5,hard,36,0
38,5,hard,37,0
38,5,hard,38,1
38,5,hard,39,1
38,5,hard,40,0
38,5,hard,41,1
38,5,hard,42,0
38,5,hard,43,0
38,5,hard,44,1
38,5,hard,45,0
38,5,hard,46,0
38,5,hard,47,0
38,5,hard,48,0
38,5,hard,49,0
38,5,hard,50,0
38,5,hard,51,0
38,5,hard,52,0
38,5,hard,53,0
38,5,hard,54,1
38,5,hard,55,0
38,5,hard,56,0
38,5,hard,57,1
38,5,hard,58,1
38,5,hard,59,1
38,5,hard,60,1
38,5,hard,61,0
38,5,hard,62,0
38,5,hard,63,1
38,5,hard,64,0
38,5,hard,65,0
38,5,hard,66,1
38,5,hard,67,1
38,5,hard,68,1
38,5,hard,69,1
38,5,hard,70,0
38,5,hard,71,0
38,5,hard,72,1
38,5,hard,73,0
38,5,hard,74,0
38,5,hard,75,0
38,5,hard,76,1
38,5,hard,77,1
38,5,hard,78,0
38,5,hard,79,1
38,5,hard,80,0
38,5,hard,81,0
38,5,hard,82,1
38,5,hard,83,1
38,5,hard,84,1
38,5,hard,85,0
38,5,hard,86,1
38,5,hard,87,0
38,5,hard,88,1
38,5,hard,89,1
38,5,hard,90,1
38,5,hard,91,1
38,5,hard,92,0
38,5,hard,93,1
38,5,hard,94,1
38,5,hard,95,0
38,5,hard,96,0
38,5,hard,97,1
38,5,hard,98,1
38,5,hard,99,1
38,5,hard,100,0
39,1,standard,1,1
39,1,standard,2,1
39,1,standard,3,1
39,1,standard,4,1
39,1,standard,5,1
39,1,standard,6,1
39,1,standard,7,0
39,1,standard,8,0
39,1,standard,9,1
39,1,standard,10,1
39,1,standard,11,1
39,1,standard,12,1
39,1,standard,13,1
39,1,standard,14,1
39,1,standard,15,1
39,1,standard,16,0
39,1,standard,17,1
39,1,standard,18,1
39,1,standard,19,1
39,1,standard,20,1
39,1,standard,21,1
39,1,standard,22,0
39,1,standard,23,1
39,1,standard,24,1
39,1,standard,25,1
39,1,standard,26,1
39,1,standard,27,1
39,1,standard,28,1
39,1,standard,29,1
39,1,standard,30,1
39,1,standard,31,1
39,1,standard,32,1
39,1,standard,33,1
39,1,standard,34,1
39,1,standard,35,1
39,1,standard,36,1
39,1,standard,37,1
39,1,standard,38,1
39,1,standard,39,1
39,1,standard,40,1
39,1,standard,41,1
39,1,standard,42,1
39,1,standard,43,1
39,1,standard,44,0
39,1,standard,45,1
39,1,standard,46,0
39,1,standard,47,1
39,1,standard,48,1
39,1,standard,49,1
39,1,standard,50,1
39,1,standard,51,1
39,1,standard,52,1
39,1,standard,53,1
39,1,standard,54,1
39,1,standard,55,1
39,1,standard,56,1
39,1,standard,57,1
39,1,standard,58,1
39,1,standard,59,1
39,1,standard,60,1
39,1,standard,61,1
39,1,standard,62,0
39,1,standard,63,1
39,1,standard,64,0
39,1,standard,65,0
39,1,standard,66,1
39,1,standard,67,1
39,1,standard,68,1
39,1,standard,69,0
39,1,standard,70,1
39,1,standard,71,1
39,1,standard,72,1
39,1,standard,73,1
39,1,standard,74,1
39,1,standard,75,0
39,1,standard,76,1
39,1,standard,77,1
39,1,standard,78,0
39,1,standard,79,0
39,1,standard,80,1
39,1,standard,81,0
39,1,standard,82,1
39,1,standard,83,1
39,1,standard,84,1
39,1,standard,85,1
39,1,standard,86,1
39,1,standard,87,1
39,1,standard,88,1
39,1,standard,89,1
39,1,standard,90,1
39,1,standard,91,0
39,1,standard,92,1
39,1,standard,93,1
39,1,standard,94,1
39,1,standard,95,0
39,1,standard,96,1
39,1,standard,97,1
39,1,standard,98,1
39,1,standard,99,1
39,1,standard,100,1
39,1,hard,1,1
39,1,hard,2,1
39,1,hard,3,0
39,1,hard,4,1
39,1,hard,5,1
39,1,hard,6,1
39,1,hard,7,0
39,1,hard,8,1
39,1,hard,9,1
39,1,hard,10,1
39,1,hard,11,1
39,1,hard,12,0
39,1,hard,13,1
39,1,hard,14,0
39,1,hard,15,1
39,1,hard,16,1
39,1,hard,17,1
39,1,hard,18,1
39,1,hard,19,1
39,1,hard,20,0
39,1,hard,21,1
39,1,hard,22,1
39,1,hard,23,1
39,1,hard,24,1
39,1,hard,25,1
39,1,hard,26,0
39,1,hard,27,1
39,1,hard,28,1
39,1,hard,29,1
39,1,hard,30,1
39,1,hard,31,1
39,1,hard,32,1
39,1,hard,33,1
39,1,hard,34,1
39,1,hard,35,1
39,1,hard,36,1
39,1,hard,37,1
39,1,hard,38,0
39,1,hard,39,1
39,1,hard,40,1
39,1,hard,41,1
39,1,hard,42,0
39,1,hard,43,1
39,1,hard,44,1
39,1,hard,45,1
39,1,hard,46,1
39,1,hard,47,1
39,1,hard,48,1
39,1,hard,49,1
39,1,hard,50,1
39,1,hard,51,1
39,1,hard,52,1
39,1,hard,53,0
39,1,hard,54,0
39,1,hard,55,0
39,1,hard,56,1
39,1,hard,57,1
39,1,hard,58,1
39,1,hard,59,1
39,1,hard,60,1
39,1,hard,61,1
39,1,hard,62,1
39,1,hard,63,0
39,1,hard,64,1
39,1,hard,65,1
39,1,hard,66,1
39,1,hard,67,0
39,1,hard,68,1
39,1,hard,69,1
39,1,hard,70,0
39,1,hard,71,1
39,1,hard,72,1
39,1,hard,73,0
39,1,hard,74,0
39,1,hard,75,1
39,1,hard,76,1
39,1,hard,77,1
39,1,hard,78,1
39,1,hard,79,1
39,1,hard,80,0
39,1,hard,81,1
39,1,hard,82,1
39,1,hard,83,0
39,1,hard,84,1
39,1,hard,85,1
39,1,hard,86,1
39,1,hard,87,1
39,1,hard,88,1
39,1,hard,89,1
39,1,hard,90,1
39,1,hard,91,1
39,1,hard,92,1
39,1,hard,93,1
39,1,hard,94,1
39,1,hard,95,1
39,1,hard,96,1
39,1,hard,97,1
39,1,hard,98,1
39,1,hard,99,0
39,1,hard,100,1
39,2,standard,1,1
39,2,standard,2,0
39,2,standard,3,1
39,2,standard,4,1
39,2,standard,5,1
39,2,standard,6,1
39,2,standard,7,1
39,2,standard,8,1
39,2,standard,9,0
39,2,standard,10,1
39,2,standard,11,1
39,2,standard,12,1
39,2,standard,13,1
39,2,standard,14,1
39,2,standard,15,1
39,2,standard,16,0
39,2,standard,17,0
39,2,standard,18,1
39,2,standard,19,1
39,2,standard,20,1
39,2,standard,21,0
39,2,standard,22,0
39,2,standard,23,1
39,2,standard,24,0
39,2,standard,25,1
39,2,standard,26,1
39,2,standard,27,1
39,2,standard,28,1
39,2,standard,29,1
39,2,standard,30,0
39,2,standard,31,0
39,2,standard,32,1
39,2,standard,33,1
39,2,standard,34,1
39,2,standard,35,0
39,2,standard,36,1
39,2,standard,37,1
39,2,standard,38,1
39,2,standard,39,1
39,2,standard,40,1
39,2,standard,41,1
39,2,standard,42,1
39,2,standard,43,1
39,2,standard,44,1
39,2,standard,45,1
39,2,standard,46,1
39,2,standard,47,0
39,2,standard,48,0
39,2,standard,49,1
39,2,standard,50,1
39,2,standard,51,0
39,2,standard,52,0
39,2,standard,53,1
39,2,standard,54,0
39,2,standard,55,1
39,2,standard,56,1
39,2,standard,57,0
39,2,standard,58,1
39,2,standard,59,1
39,2,standard,60,1
39,2,standard,61,1
39,2,standard,62,1
39,2,standard,63,1
39,2,standard,64,1
39,2,standard,65,1
39,2,standard,66,1
39,2,standard,67,1
39,2,standard,68,1
39,2,standard,69,1
39,2,standard,70,1
39,2,standard,71,1
39,2,standard,72,1
39,2,standard,73,1
39,2,standard,74,0
39,2,standard,75,1
39,2,standard,76,1
39,2,standard,77,1
39,2,standard,78,1
39,2,standard,79,1
39,2,standard,80,1
39,2,standard,81,1
39,2,standard,82,1
39,2,standard,83,0
39,2,standard,84,0
39,2,standard,85,1
39,2,standard,86,0
39,2,standard,87,1
39,2,standard,88,1
39,2,standard,89,1
39,2,standard,90,1
39,2,standard,91,1
39,2,standard,92,1
39,2,standard,93,1
39,2,standard,94,0
39,2,standard,95,1
39,2,standard,96,1
39,2,standard,97,1
39,2,standard,98,1
39,2,standard,99,1
39,2,standard,100,1
39,2,hard,1,1
39,2,hard,2,1
39,2,hard,3,1
39,2,hard,4,1
39,2,hard,5,1
39,2,hard,6,1
39,2,hard,7,0
39,2,hard,8,1
39,2,hard,9,0
39,2,hard,10,0
39,2,hard,11,0
39,2,hard,12,1
39,2,hard,13,1
39,2,hard,14,0
39,2,hard,15,0
39,2,hard,16,1
39,2,hard,17,1
39,2,hard,18,0
39,2,hard,19,0
39,2,hard,20,1
39,2,hard,21,0
39,2,hard,22,0
39,2,hard,23,0
39,2,hard,24,1
39,2,hard,25,0
39,2,hard,26,1
39,2,hard,27,1
39,2,hard,28,0
39,2,hard,29,1
39,2,hard,30,0
39,2,hard,31,1
39,2,hard,32,1
39,2,hard,33,1
39,2,hard,34,0
39,2,hard,35,1
39,2,hard,36,1
39,2,hard,37,1
39,2,hard,38,1
39,2,hard,39,1
39,2,hard,40,1
39,2,hard,41,0
39,2,hard,42,1
39,2,hard,43,1
39,2,hard,44,1
39,2,hard,45,1
39,2,hard,46,1
39,2,hard,47,1
39,2,hard,48,1
39,2,hard,49,0
39,2,hard,50,1
39,2,hard,51,1
39,2,hard,52,1
39,2,hard,53,1
39,2,hard,54,0
39,2,hard,55,1
39,2,hard,56,1
39,2,hard,57,1
39,2,hard,58,1
39,2,hard,59,1
39,2,hard,60,1
39,2,hard,61,1
39,2,hard,62,1
39,2,hard,63,1
39,2,hard,64,1
39,2,hard,65,0
39,2,hard,66,1
39,2,hard,67,1
39,2,hard,68,1
39,2,hard,69,0
39,2,hard,70,1
39,2,hard,71,1
39,2,hard,72,0
39,2,hard,73,0
39,2,hard,74,1
39,2,hard,75,1
39,2,hard,76,0
39,2,hard,77,1
39,2,hard,78,1
39,2,hard,79,0
39,2,hard,80,1
39,2,hard,81,1
39,2,hard,82,1
39,2,hard,83,0
39,2,hard,84,0
39,2,hard,85,1
39,2,hard,86,0
39,2,hard,87,1
39,2,hard,88,1
39,2,hard,89,0
39,2,hard,90,0
39,2,hard,91,1
39,2,hard,92,1
39,2,hard,93,1
39,2,hard,94,1
39,2,hard,95,0
39,2,hard,96,0
39,2,hard,97,1
39,2,hard,98,1
39,2,hard,99,1
39,2,hard,100,1
39,3,standard,1,1
39,3,standard,2,0
39,3,standard,3,1
39,3,standard,4,1
39,3,standard,5,1
39,3,standard,6,1
39,3,standard,7,1
39,3,standard,8,0
39,3,standard,9,1
39,3,standard,10,1
39,3,standard,11,1
39,3,standard,12,1
39,3,standard,13,1
39,3,standard,14,0
39,3,standard,15,1
39,3,standard,16,1
39,3,standard,17,0
39,3,standard,18,1
39,3,standard,19,1
39,3,standard,20,1
39,3,standard,21,1
39,3,standard,22,1
39,3,standard,23,1
39,3,standard,24,1
39,3,standard,25,1
39,3,standard,26,1
39,3,standard,27,1
39,3,standard,28,1
39,3,standard,29,1
39,3,standard,30,1
39,3,standard,31,1
39,3,standard,32,1
39,3,standard,33,1
39,3,standard,34,1
39,3,standard,35,1
39,3,standard,36,1
39,3,standard,37,1
39,3,standard,38,1
39,3,standard,39,1
39,3,standard,40,1
39,3,standard,41,1
39,3,standard,42,0
39,3,standard,43,0
39,3,standard,44,1
39,3,standard,45,1
39,3,standard,46,1
39,3,standard,47,1
39,3,standard,48,1
39,3,standard,49,1
39,3,standard,50,1
39,3,standard,51,1
39,3,standard,52,0
39,3,standard,53,1
39,3,standard,54,0
39,3,standard,55,1
39,3,standard,56,1
39,3,standard,57,1
39,3,standard,58,1
39,3,standard,59,1
39,3,standard,60,1
39,3,standard,61,1
39,3,standard,62,0
39,3,standard,63,1
39,3,standard,64,1
39,3,standard,65,0
39,3,standard,66,1
39,3,standard,67,1
39,3,standard,68,1
39,3,standard,69,1
39,3,standard,70,1
39,3,standard,71,0
39,3,standard,72,1
39,3,standard,73,1
39,3,standard,74,1
39,3,standard,75,1
39,3,standard,76,1
39,3,standard,77,1
39,3,standard,78,0
39,3,standard,79,1
39,3,standard,80,1
39,3,standard,81,1
39,3,standard,82,1
39,3,standard,83,1
39,3,standard,84,1
39,3,standard,85,1
39,3,standard,86,1
39,3,standard,87,1
39,3,standard,88,1
39,3,standard,89,0
39,3,standard,90,0
39,3,standard,91,0
39,3,standard,92,1
39,3,standard,93,1
39,3,standard,94,1
39,3,standard,95,0
39,3,standard,96,1
39,3,standard,97,1
39,3,standard,98,0
39,3,standard,99,1
39,3,standard,100,1
39,3,hard,1,0
39,3,hard,2,1
39,3,hard,3,1
39,3,hard,4,1
39,3,hard,5,1
39,3,hard,6,0
39,3,hard,7,1
39,3,hard,8,1
39,3,hard,9,1
39,3,hard,10,1
39,3,hard,11,1
39,3,hard,12,0
39,3,hard,13,1
39,3,hard,14,0
39,3,hard,15,0
39,3,hard,16,1
39,3,hard,17,0
39,3,hard,18,1
39,3,hard,19,1
39,3,hard,20,1
39,3,hard,21,1
39,3,hard,22,1
39,3,hard,23,0
39,3,hard,24,0
39,3,hard,25,1
39,3,hard,26,0
39,3,hard,27,1
39,3,hard,28,1
39,3,hard,29,0
39,3,hard,30,1
39,3,hard,31,0
39,3,hard,32,0
39,3,hard,33,1
39,3,hard,34,1
39,3,hard,35,1
39,3,hard,36,1
39,3,hard,37,1
39,3,hard,38,1
39,3,hard,39,1
39,3,hard,40,0
39,3,hard,41,1
39,3,hard,42,1
39,3,hard,43,1
39,3,hard,44,0
39,3,hard,45,1
39,3,hard,46,0
39,3,hard,47,1
39,3,hard,48,0
39,3,hard,49,1
39,3,hard,50,0
39,3,hard,51,0
39,3,hard,52,1
39,3,hard,53,1
39,3,hard,54,0
39,3,hard,55,1
39,3,hard,56,1
39,3,hard,57,1
39,3,hard,58,1
39,3,hard,59,1
39,3,hard,60,0
39,3,hard,61,1
39,3,hard,62,1
39,3,hard,63,1
39,3,hard,64,0
39,3,hard,65,1
39,3,hard,66,1
39,3,hard,67,1
39,3,hard,68,0
39,3,hard,69,0
39,3,hard,70,0
39,3,hard,71,1
39,3,hard,72,0
39,3,hard,73,0
39,3,hard,74,1
39,3,hard,75,0
39,3,hard,76,0
39,3,hard,77,1
39,3,hard,78,0
39,3,hard,79,0
39,3,hard,80,1
39,3,hard,81,1
39,3,hard,82,1
39,3,hard,83,1
39,3,hard,84,0
39,3,hard,85,1
39,3,hard,86,1
39,3,hard,87,1
39,3,hard,88,1
39,3,hard,89,0
39,3,hard,90,1
39,3,hard,91,1
39,3,hard,92,1
39,3,hard,93,1
39,3,hard,94,1
39,3,hard,95,1
39,3,hard,96,0
39,3,hard,97,0
39,3,hard,98,0
39,3,hard,99,1
39,3,hard,100,1
39,4,standard,1,1
39,4,standard,2,1
39,4,standard,3,1
39,4,standard,4,1
39,4,standard,5,1
39,4,standard,6,1
39,4,standard,7,0
39,4,standard,8,1
39,4,standard,9,1
39,4,standard,10,1
39,4,standard,11,1
39,4,standard,12,1
39,4,standard,13,1
39,4,standard,14,1
39,4,standard,15,1
39,4,standard,16,1
39,4,standard,17,1
39,4,standard,18,1
39,4,standard,19,1
39,4,standard,20,0
39,4,standard,21,1
39,4,standard,22,1
39,4,standard,23,1
39,4,standard,24,1
39,4,standard,25,1
39,4,standard,26,0
39,4,standard,27,1
39,4,standard,28,1
39,4,standard,29,1
39,4,standard,30,1
39,4,standard,31,1
39,4,standard,32,1
39,4,standard,33,1
39,4,standard,34,1
39,4,standard,35,1
39,4,standard,36,1
39,4,standard,37,1
39,4,standard,38,0
39,4,standard,39,1
39,4,standard,40,0
39,4,standard,41,1
39,4,standard,42,1
39,4,standard,43,1
39,4,standard,44,1
39,4,standard,45,1
39,4,standard,46,1
39,4,standard,47,1
39,4,standard,48,1
39,4,standard,49,1
39,4,standard,50,1
39,4,standard,51,0
39,4,standard,52,1
39,4,standard,53,1
39,4,standard,54,1
39,4,standard,55,1
39,4,standard,56,1
39,4,standard,57,1
39,4,standard,58,1
39,4,standard,59,1
39,4,standard,60,1
39,4,standard,61,1
39,4,standard,62,1
39,4,standard,63,1
39,4,standard,64,1
39,4,standard,65,1
39,4,standard,66,1
39,4,standard,67,1
39,4,standard,68,1
39,4,standard,69,0
39,4,standard,70,1
39,4,standard,71,1
39,4,standard,72,1
39,4,standard,73,1
39,4,standard,74,0
39,4,standard,75,1
39,4,standard,76,1
39,4,standard,77,1
39,4,standard,78,1
39,4,standard,79,1
39,4,standard,80,1
39,4,standard,81,1
39,4,standard,82,0
39,4,standard,83,1
39,4,standard,84,1
39,4,standard,85,1
39,4,standard,86,1
39,4,standard,87,1
39,4,standard,88,1
39,4,standard,89,1
39,4,standard,90,1
39,4,standard,91,1
39,4,standard,92,0
39,4,standard,93,1
39,4,standard,94,1
39,4,standard,95,1
39,4,standard,96,1
39,4,standard,97,1
39,4,standard,98,1
39,4,standard,99,1
39,4,standard,100,1
39,4,hard,1,1
39,4,hard,2,1
39,4,hard,3,1
39,4,hard,4,1
39,4,hard,5,0
39,4,hard,6,1
39,4,hard,7,0
39,4,hard,8,1
39,4,hard,9,1
39,4,hard,10,1
39,4,hard,11,1
39,4,hard,12,1
39,4,hard,13,1
39,4,hard,14,0
39,4,hard,15,1
39,4,hard,16,0
39,4,hard,17,1
39,4,hard,18,1
39,4,hard,19,1
39,4,hard,20,1
39,4,hard,21,1
39,4,hard,22,1
39,4,hard,23,1
39,4,hard,24,1
39,4,hard,25,0
39,4,hard,26,1
39,4,hard,27,1
39,4,hard,28,1
39,4,hard,29,1
39,4,hard,30,1
39,4,hard,31,1
39,4,hard,32,0
39,4,hard,33,1
39,4,hard,34,1
39,4,hard,35,1
39,4,hard,36,1
39,4,hard,37,1
39,4,hard,38,1
39,4,hard,39,1
39,4,hard,40,1
39,4,hard,41,1
39,4,hard,42,1
39,4,hard,43,1
39,4,hard,44,0
39,4,hard,45,1
39,4,hard,46,1
39,4,hard,47,1
39,4,hard,48,1
39,4,hard,49,1
39,4,hard,50,0
39,4,hard,51,1
39,4,hard,52,1
39,4,hard,53,1
39,4,hard,54,1
39,4,hard,55,1
39,4,hard,56,0
39,4,hard,57,0
39,4,hard,58,1
39,4,hard,59,1
39,4,hard,60,1
39,4,hard,61,1
39,4,hard,62,1
39,4,hard,63,1
39,4,hard,64,0
39,4,hard,65,1
39,4,hard,66,1
39,4,hard,67,0
39,4,hard,68,1
39,4,hard,69,1
39,4,hard,70,0
39,4,hard,71,1
39,4,hard,72,1
39,4,hard,73,0
39,4,hard,74,0
39,4,hard,75,1
39,4,hard,76,1
39,4,hard,77,1
39,4,hard,78,0
39,4,hard,79,1
39,4,hard,80,1
39,4,hard,81,1
39,4,hard,82,1
39,4,hard,83,0
39,4,hard,84,1
39,4,hard,85,1
39,4,hard,86,1
39,4,hard,87,1
39,4,hard,88,1
39,4,hard,89,1
39,4,hard,90,1
39,4,hard,91,1
39,4,hard,92,1
39,4,hard,93,1
39,4,hard,94,1
39,4,hard,95,1
39,4,hard,96,1
39,4,hard,97,1
39,4,hard,98,1
39,4,hard,99,1
39,4,hard,100,1
39,5,standard,1,1
39,5,standard,2,1
39,5,standard,3,1
39,5,standard,4,1
39,5,standard,5,1
39,5,standard,6,1
39,5,standard,7,1
39,5,standard,8,1
39,5,standard,9,1
39,5,standard,10,1
39,5,standard,11,1
39,5,standard,12,1
39,5,standard,13,1
39,5,standard,14,1
39,5,standard,15,1
39,5,standard,16,1
39,5,standard,17,1
39,5,standard,18,1
39,5,standard,19,1
39,5,standard,20,1
39,5,standard,21,1
39,5,standard,22,1
39,5,standard,23,1
39,5,standard,24,1
39,5,standard,25,1
39,5,standard,26,1
39,5,standard,27,1
39,5,standard,28,1
39,5,standard,29,1
39,5,standard,30,0
39,5,standard,31,1
39,5,standard,32,1
39,5,standard,33,1
39,5,standard,34,1
39,5,standard,35,1
39,5,standard,36,1
39,5,standard,37,1
39,5,standard,38,1
39,5,standard,39,1
39,5,standard,40,1
39,5,standard,41,1
39,5,standard,42,1
39,5,standard,43,1
39,5,standard,44,1
39,5,standard,45,1
39,5,standard,46,1
39,5,standard,47,1
39,5,standard,48,0
39,5,standard,49,1
39,5,standard,50,1
39,5,standard,51,1
39,5,standard,52,1
39,5,standard,53,1
39,5,standard,54,1
39,5,standard,55,1
39,5,standard,56,1
39,5,standard,57,1
39,5,standard,58,1
39,5,standard,59,1
39,5,standard,60,1
39,5,standard,61,1
39,5,standard,62,1
39,5,standard,63,1
39,5,standard,64,1
39,5,standard,65,0
39,5,standard,66,0
39,5,standard,67,0
39,5,standard,68,1
39,5,standard,69,1
39,5,standard,70,1
39,5,standard,71,1
39,5,standard,72,0
39,5,standard,73,1
39,5,standard,74,1
39,5,standard,75,1
39,5,standard,76,1
39,5,standard,77,0
39,5,standard,78,1
39,5,standard,79,1
39,5,standard,80,1
39,5,standard,81,1
39,5,standard,82,1
39,5,standard,83,1
39,5,standard,84,1
39,5,standard,85,1
39,5,standard,86,1
39,5,standard,87,1
39,5,standard,88,1
39,5,standard,89,1
39,5,standard,90,1
39,5,standard,91,1
39,5,standard,92,1
39,5,standard,93,1
39,5,standard,94,1
39,5,standard,95,0
39,5,standard,96,1
39,5,standard,97,1
39,5,standard,98,1
39,5,standard,99,1
39,5,standard,100,0
39,5,hard,1,1
39,5,hard,2,1
39,5,hard,3,1
39,5,hard,4,1
39,5,hard,5,1
39,5,hard,6,1
39,5,hard,7,1
39,5,hard,8,0
39,5,hard,9,1
39,5,hard,10,1
39,5,hard,11,1
39,5,hard,12,1
39,5,hard,13,1
39,5,hard,14,0
39,5,hard,15,1
39,5,hard,16,0
39,5,hard,17,1
39,5,hard,18,1
39,5,hard,19,0
39,5,hard,20,1
39,5,hard,21,0
39,5,hard,22,1
39,5,hard,23,1
39,5,hard,24,1
39,5,hard,25,1
39,5,hard,26,1
39,5,hard,27,0
39,5,hard,28,1
39,5,hard,29,1
39,5,hard,30,0
39,5,hard,31,0
39,5,hard,32,1
39,5,hard,33,0
39,5,hard,34,1
39,5,hard,35,1
39,5,hard,36,1
39,5,hard,37,1
39,5,hard,38,0
39,5,hard,39,1
39,5,hard,40,1
39,5,hard,41,1
39,5,hard,42,1
39,5,hard,43,1
39,5,hard,44,1
39,5,hard,45,0
39,5,hard,46,1
39,5,hard,47,1
39,5,hard,48,1
39,5,hard,49,1
39,5,hard,50,1
39,5,hard,51,1
39,5,hard,52,0
39,5,hard,53,1
39,5,hard,54,1
39,5,hard,55,1
39,5,hard,56,1
39,5,hard,57,1
39,5,hard,58,0
39,5,hard,59,0
39,5,hard,60,0
39,5,hard,61,1
39,5,hard,62,1
39,5,hard,63,1
39,5,hard,64,0
39,5,hard,65,1
39,5,hard,66,0
39,5,hard,67,0
39,5,hard,68,1
39,5,hard,69,0
39,5,hard,70,1
39,5,hard,71,1
39,5,hard,72,1
39,5,hard,73,1
39,5,hard,74,0
39,5,hard,75,1
39,5,hard,76,1
39,5,hard,77,1
39,5,hard,78,1
39,5,hard,79,1
39,5,hard,80,1
39,5,hard,81,0
39,5,hard,82,1
39,5,hard,83,1
39,5,hard,84,1
39,5,hard,85,0
39,5,hard,86,1
39,5,hard,87,1
39,5,hard,88,1
39,5,hard,89,0
39,5,hard,90,0
39,5,hard,91,0
39,5,hard,92,1
39,5,hard,93,1
39,5,hard,94,1
39,5,hard,95,0
39,5,hard,96,0
39,5,hard,97,0
39,5,hard,98,1
39,5,hard,99,1
39,5,hard,100,0
40,1,standard,1,1
40,1,standard,2,1
40,1,standard,3,0
40,1,standard,4,1
40,1,standard,5,0
40,1,standard,6,1
40,1,standard,7,1
40,1,standard,8,1
40,1,standard,9,1
40,1,standard,10,0
40,1,standard,11,1
40,1,standard,12,0
40,1,standard,13,1
40,1,standard,14,0
40,1,standard,15,0
40,1,standard,16,1
40,1,standard,17,0
40,1,standard,18,1
40,1,standard,19,0
40,1,standard,20,1
40,1,standard,21,0
40,1,standard,22,0
40,1,standard,23,1
40,1,standard,24,1
40,1,standard,25,0
40,1,standard,26,1
40,1,standard,27,0
40,1,standard,28,1
40,1,standard,29,1
40,1,standard,30,0
40,1,standard,31,1
40,1,standard,32,1
40,1,standard,33,1
40,1,standard,34,0
40,1,standard,35,1
40,1,standard,36,1
40,1,standard,37,1
40,1,standard,38,1
40,1,standard,39,1
40,1,standard,40,1
40,1,standard,41,0
40,1,standard,42,1
40,1,standard,43,0
40,1,standard,44,1
40,1,standard,45,0
40,1,standard,46,1
40,1,standard,47,1
40,1,standard,48,1
40,1,standard,49,1
40,1,standard,50,1
40,1,standard,51,1
40,1,standard,52,1
40,1,standard,53,1
40,1,standard,54,1
40,1,standard,55,0
40,1,standard,56,0
40,1,standard,57,1
40,1,standard,58,1
40,1,standard,59,1
40,1,standard,60,0
40,1,standard,61,1
40,1,standard,62,0
40,1,standard,63,0
40,1,standard,64,1
40,1,standard,65,0
40,1,standard,66,1
40,1,standard,67,1
40,1,standard,68,1
40,1,standard,69,1
40,1,standard,70,1
40,1,standard,71,1
40,1,standard,72,1
40,1,standard,73,1
40,1,standard,74,1
40,1,standard,75,1
40,1,standard,76,1
40,1,standard,77,0
40,1,standard,78,1
40,1,standard,79,0
40,1,standard,80,0
40,1,standard,81,1
40,1,standard,82,1
40,1,standard,83,0
40,1,standard,84,1
40,1,standard,85,1
40,1,standard,86,1
40,1,standard,87,1
40,1,standard,88,0
40,1,standard,89,0
40,1,standard,90,0
40,1,standard,91,1
40,1,standard,92,0
40,1,standard,93,1
40,1,standard,94,1
40,1,standard,95,0
40,1,standard,96,1
40,1,standard,97,1
40,1,standard,98,1
40,1,standard,99,1
40,1,standard,100,1
40,1,hard,1,0
40,1,hard,2,1
40,1,hard,3,1
40,1,hard,4,1
40,1,hard,5,1
40,1,hard,6,1
40,1,hard,7,1
40,1,hard,8,0
40,1,hard,9,0
40,1,hard,10,0
40,1,hard,11,1
40,1,hard,12,0
40,1,hard,13,0
40,1,hard,14,0
40,1,hard,15,0
40,1,hard,16,1
40,1,hard,17,0
40,1,hard,18,0
40,1,hard,19,1
40,1,hard,20,0
40,1,hard,21,0
40,1,hard,22,1
40,1,hard,23,0
40,1,hard,24,0
40,1,hard,25,1
40,1,hard,26,0
40,1,hard,27,1
40,1,hard,28,1
40,1,hard,29,1
40,1,hard,30,1
40,1,hard,31,0
40,1,hard,32,0
40,1,hard,33,1
40,1,hard,34,0
40,1,hard,35,0
40,1,hard,36,1
40,1,hard,37,0
40,1,hard,38,1
40,1,hard,39,0
40,1,hard,40,0
40,1,hard,41,1
40,1,hard,42,0
40,1,hard,43,0
40,1,hard,44,0
40,1,hard,45,1
40,1,hard,46,0
40,1,hard,47,1
40,1,hard,48,0
40,1,hard,49,0
40,1,hard,50,0
40,1,hard,51,0
40,1,hard,52,0
40,1,hard,53,1
40,1,hard,54,0
40,1,hard,55,0
40,1,hard,56,0
40,1,hard,57,1
40,1,hard,58,0
40,1,hard,59,0
40,1,hard,60,0
40,1,hard,61,1
40,1,hard,62,0
40,1,hard,63,0
40,1,hard,64,1
40,1,hard,65,1
40,1,hard,66,0
40,1,hard,67,0
40,1,hard,68,0
40,1,hard,69,0
40,1,hard,70,0
40,1,hard,71,0
40,1,hard,72,0
40,1,hard,73,1
40,1,hard,74,1
40,1,hard,75,1
40,1,hard,76,1
40,1,hard,77,0
40,1,hard,78,1
40,1,hard,79,1
40,1,hard,80,0
40,1,hard,81,0
40,1,hard,82,0
40,1,hard,83,0
40,1,hard,84,0
40,1,hard,85,0
40,1,hard,86,0
40,1,hard,87,1
40,1,hard,88,0
40,1,hard,89,0
40,1,hard,90,1
40,1,hard,91,1
40,1,hard,92,0
40,1,hard,93,0
40,1,hard,94,1
40,1,hard,95,0
40,1,hard,96,0
40,1,hard,97,0
40,1,hard,98,0
40,1,hard,99,0
40,1,hard,100,0
40,2,standard,1,1
40,2,standard,2,1
40,2,standard,3,1
40,2,standard,4,1
40,2,standard,5,0
40,2,standard,6,0
40,2,standard,7,1
40,2,standard,8,1
40,2,standard,9,1
40,2,standard,10,1
40,2,standard,11,1
40,2,standard,12,1
40,2,standard,13,1
40,2,standard,14,1
40,2,standard,15,0
40,2,standard,16,1
40,2,standard,17,1
40,2,standard,18,1
40,2,standard,19,1
40,2,standard,20,1
40,2,standard,21,0
40,2,standard,22,1
40,2,standard,23,1
40,2,standard,24,1
40,2,standard,25,1
40,2,standard,26,0
40,2,standard,27,1
40,2,standard,28,1
40,2,standard,29,1
40,2,standard,30,1
40,2,standard,31,0
40,2,standard,32,1
40,2,standard,33,1
40,2,standard,34,0
40,2,standard,35,1
40,2,standard,36,0
40,2,standard,37,1
40,2,standard,38,1
40,2,standard,39,1
40,2,standard,40,1
40,2,standard,41,0
40,2,standard,42,1
40,2,standard,43,1
40,2,standard,44,1
40,2,standard,45,0
40,2,standard,46,0
40,2,standard,47,1
40,2,standard,48,1
40,2,standard,49,1
40,2,standard,50,0
40,2,standard,51,1
40,2,standard,52,0
40,2,standard,53,1
40,2,standard,54,0
40,2,standard,55,1
40,2,standard,56,1
40,2,standard,57,1
40,2,standard,58,1
40,2,standard,59,1
40,2,standard,60,1
40,2,standard,61,1
40,2,standard,62,1
40,2,standard,63,1
40,2,standard,64,1
40,2,standard,65,1
40,2,standard,66,1
40,2,standard,67,1
40,2,standard,68,1
40,2,standard,69,1
40,2,standard,70,1
40,2,standard,71,1
40,2,standard,72,1
40,2,standard,73,1
40,2,standard,74,1
40,2,standard,75,1
40,2,standard,76,0
40,2,standard,77,1
40,2,standard,78,1
40,2,standard,79,1
40,2,standard,80,0
40,2,standard,81,1
40,2,standard,82,1
40,2,standard,83,1
40,2,standard,84,1
40,2,standard,85,1
40,2,standard,86,1
40,2,standard,87,1
40,2,standard,88,0
40,2,standard,89,0
40,2,standard,90,1
40,2,standard,91,1
40,2,standard,92,1
40,2,standard,93,1
40,2,standard,94,1
40,2,standard,95,1
40,2,standard,96,1
40,2,standard,97,1
40,2,standard,98,1
40,2,standard,99,0
40,2,standard,100,1
40,2,hard,1,0
40,2,hard,2,1
40,2,hard,3,1
40,2,hard,4,0
40,2,hard,5,0
40,2,hard,6,0
40,2,hard,7,0
40,2,hard,8,0
40,2,hard,9,0
40,2,hard,10,0
40,2,hard,11,0
40,2,hard,12,0
40,2,hard,13,0
40,2,hard,14,1
40,2,hard,15,1
40,2,hard,16,1
40,2,hard,17,1
40,2,hard,18,1
40,2,hard,19,0
40,2,hard,20,1
40,2,hard,21,1
40,2,hard,22,1
40,2,hard,23,1
40,2,hard,24,1
40,2,hard,25,0
40,2,hard,26,1
40,2,hard,27,1
40,2,hard,28,1
40,2,hard,29,1
40,2,hard,30,0
40,2,hard,31,1
40,2,hard,32,1
40,2,hard,33,1
40,2,hard,34,1
40,2,hard,35,0
40,2,hard,36,1
40,2,hard,37,1
40,2,hard,38,0
40,2,hard,39,0
40,2,hard,40,1
40,2,hard,41,1
40,2,hard,42,1
40,2,hard,43,0
40,2,hard,44,1
40,2,hard,45,0
40,2,hard,46,0
40,2,hard,47,0
40,2,hard,48,1
40,2,hard,49,0
40,2,hard,50,0
40,2,hard,51,0
40,2,hard,52,1
40,2,hard,53,0
40,2,hard,54,0
40,2,hard,55,1
40,2,hard,56,0
40,2,hard,57,1
40,2,hard,58,1
40,2,hard,59,1
40,2,hard,60,1
40,2,hard,61,0
40,2,hard,62,0
40,2,hard,63,0
40,2,hard,64,0
40,2,hard,65,1
40,2,hard,66,1
40,2,hard,67,0
40,2,hard,68,1
40,2,hard,69,0
40,2,hard,70,1
40,2,hard,71,1
40,2,hard,72,1
40,2,hard,73,0
40,2,hard,74,1
40,2,hard,75,0
40,2,hard,76,0
40,2,hard,77,0
40,2,hard,78,1
40,2,hard,79,0
40,2,hard,80,0
40,2,hard,81,1
40,2,hard,82,0
40,2,hard,83,1
40,2,hard,84,0
40,2,hard,85,1
40,2,hard,86,1
40,2,hard,87,0
40,2,hard,88,1
40,2,hard,89,0
40,2,hard,90,1
40,2,hard,91,0
40,2,hard,92,0
40,2,hard,93,1
40,2,hard,94,0
40,2,hard,95,0
40,2,hard,96,0
40,2,hard,97,1
40,2,hard,98,0
40,2,hard,99,1
40,2,hard,100,1
40,3,standard,1,0
40,3,standard,2,1
40,3,standard,3,1
40,3,standard,4,0
40,3,standard,5,0
40,3,standard,6,1
40,3,standard,7,0
40,3,standard,8,1
40,3,standard,9,1
40,3,standard,10,1
40,3,standard,11,1
40,3,standard,12,1
40,3,standard,13,1
40,3,standard,14,1
40,3,standard,15,1
40,3,standard,16,1
40,3,standard,17,0
40,3,standard,18,1
40,3,standard,19,0
40,3,standard,20,1
40,3,standard,21,1
40,3,standard,22,1
40,3,standard,23,1
40,3,standard,24,0
40,3,standard,25,1
40,3,standard,26,0
40,3,standard,27,1
40,3,standard,28,0
40,3,standard,29,1
40,3,standard,30,1
40,3,standard,31,1
40,3,standard,32,0
40,3,standard,33,1
40,3,standard,34,1
40,3,standard,35,0
40,3,standard,36,1
40,3,standard,37,1
40,3,standard,38,0
40,3,standard,39,1
40,3,standard,40,1
40,3,standard,41,1
40,3,standard,42,1
40,3,standard,43,1
40,3,standard,44,1
40,3,standard,45,0
40,3,standard,46,1
40,3,standard,47,1
40,3,standard,48,1
40,3,standard,49,1
40,3,standard,50,1
40,3,standard,51,1
40,3,standard,52,1
40,3,standard,53,0
40,3,standard,54,1
40,3,standard,55,0
40,3,standard,56,1
40,3,standard,57,1
40,3,standard,58,1
40,3,standard,59,0
40,3,standard,60,1
40,3,standard,61,0
40,3,standard,62,0
40,3,standard,63,1
40,3,standard,64,1
40,3,standard,65,1
40,3,standard,66,0
40,3,standard,67,1
40,3,standard,68,1
40,3,standard,69,1
40,3,standard,70,1
40,3,standard,71,0
40,3,standard,72,1
40,3,standard,73,1
40,3,standard,74,1
40,3,standard,75,0
40,3,standard,76,0
40,3,standard,77,1
40,3,standard,78,1
40,3,standard,79,0
40,3,standard,80,1
40,3,standard,81,1
40,3,standard,82,0
40,3,standard,83,1
40,3,standard,84,1
40,3,standard,85,0
40,3,standard,86,0
40,3,standard,87,1
40,3,standard,88,1
40,3,standard,89,1
40,3,standard,90,1
40,3,standard,91,1
40,3,standard,92,0
40,3,standard,93,1
40,3,standard,94,0
40,3,standard,95,0
40,3,standard,96,1
40,3,standard,97,1
40,3,standard,98,0
40,3,standard,99,1
40,3,standard,100,1
40,3,hard,1,1
40,3,hard,2,1
40,3,hard,3,0
40,3,hard,4,0
40,3,hard,5,0
40,3,hard,6,1
40,3,hard,7,1
40,3,hard,8,0
40,3,hard,9,1
40,3,hard,10,0
40,3,hard,11,0
40,3,hard,12,0
40,3,hard,13,0
40,3,hard,14,1
40,3,hard,15,0
40,3,hard,16,0
40,3,hard,17,1
40,3,hard,18,1
40,3,hard,19,0
40,3,hard,20,0
40,3,hard,21,0
40,3,hard,22,0
40,3,hard,23,1
40,3,hard,24,1
40,3,hard,25,0
40,3,hard,26,0
40,3,hard,27,0
40,3,hard,28,1
40,3,hard,29,1
40,3,hard,30,1
40,3,hard,31,1
40,3,hard,32,0
40,3,hard,33,1
40,3,hard,34,1
40,3,hard,35,0
40,3,hard,36,0
40,3,hard,37,0
40,3,hard,38,0
40,3,hard,39,1
40,3,hard,40,1
40,3,hard,41,1
40,3,hard,42,0
40,3,hard,43,1
40,3,hard,44,1
40,3,hard,45,1
40,3,hard,46,0
40,3,hard,47,0
40,3,hard,48,1
40,3,hard,49,0
40,3,hard,50,1
40,3,hard,51,0
40,3,hard,52,0
40,3,hard,53,1
40,3,hard,54,0
40,3,hard,55,1
40,3,hard,56,1
40,3,hard,57,0
40,3,hard,58,1
40,3,hard,59,0
40,3,hard,60,1
40,3,hard,61,1
40,3,hard,62,1
40,3,hard,63,1
40,3,hard,64,1
40,3,hard,65,0
40,3,hard,66,1
40,3,hard,67,1
40,3,hard,68,0
40,3,hard,69,0
40,3,hard,70,1
40,3,hard,71,1
40,3,hard,72,0
40,3,hard,73,1
40,3,hard,74,0
40,3,hard,75,1
40,3,hard,76,0
40,3,hard,77,1
40,3,hard,78,1
40,3,hard,79,1
40,3,hard,80,0
40,3,hard,81,0
40,3,hard,82,0
40,3,hard,83,0
40,3,hard,84,1
40,3,hard,85,0
40,3,hard,86,0
40,3,hard,87,0
40,3,hard,88,0
40,3,hard,89,0
40,3,hard,90,1
40,3,hard,91,0
40,3,hard,92,1
40,3,hard,93,0
40,3,hard,94,0
40,3,hard,95,1
40,3,hard,96,1
40,3,hard,97,1
40,3,hard,98,0
40,3,hard,99,0
40,3,hard,100,0
40,4,standard,1,1
40,4,standard,2,1
40,4,standard,3,1
40,4,standard,4,0
40,4,standard,5,1
40,4,standard,6,1
40,4,standard,7,0
40,4,standard,8,0
40,4,standard,9,1
40,4,standard,10,1
40,4,standard,11,1
40,4,standard,12,0
40,4,standard,13,1
40,4,standard,14,1
40,4,standard,15,1
40,4,standard,16,1
40,4,standard,17,1
40,4,standard,18,1
40,4,standard,19,1
40,4,standard,20,1
40,4,standard,21,0
40,4,standard,22,0
40,4,standard,23,1
40,4,standard,24,0
40,4,standard,25,0
40,4,standard,26,1
40,4,standard,27,0
40,4,standard,28,1
40,4,standard,29,1
40,4,standard,30,1
40,4,standard,31,0
40,4,standard,32,1
40,4,standard,33,1
40,4,standard,34,1
40,4,standard,35,1
40,4,standard,36,1
40,4,standard,37,1
40,4,standard,38,0
40,4,standard,39,1
40,4,standard,40,0
40,4,standard,41,0
40,4,standard,42,1
40,4,standard,43,0
40,4,standard,44,0
40,4,standard,45,1
40,4,standard,46,1
40,4,standard,47,0
40,4,standard,48,1
40,4,standard,49,0
40,4,standard,50,1
40,4,standard,51,1
40,4,standard,52,0
40,4,standard,53,0
40,4,standard,54,1
40,4,standard,55,0
40,4,standard,56,1
40,4,standard,57,1
40,4,standard,58,1
40,4,standard,59,1
40,4,standard,60,1
40,4,standard,61,1
40,4,standard,62,1
40,4,standard,63,1
40,4,standard,64,1
40,4,standard,65,1
40,4,standard,66,0
40,4,standard,67,1
40,4,standard,68,0
40,4,standard,69,1
40,4,standard,70,1
40,4,standard,71,1
40,4,standard,72,1
40,4,standard,73,1
40,4,standard,74,1
40,4,standard,75,1
40,4,standard,76,1
40,4,standard,77,1
40,4,standard,78,1
40,4,standard,79,1
40,4,standard,80,1
40,4,standard,81,1
40,4,standard,82,1
40,4,standard,83,1
40,4,standard,84,1
40,4,standard,85,1
40,4,standard,86,0
40,4,standard,87,0
40,4,standard,88,1
40,4,standard,89,1
40,4,standard,90,1
40,4,standard,91,1
40,4,standard,92,1
40,4,standard,93,0
40,4,standard,94,1
40,4,standard,95,1
40,4,standard,96,1
40,4,standard,97,1
40,4,standard,98,1
40,4,standard,99,1
40,4,standard,100,0
40,4,hard,1,1
40,4,hard,2,0
40,4,hard,3,0
40,4,hard,4,0
40,4,hard,5,1
40,4,hard,6,1
40,4,hard,7,1
40,4,hard,8,1
40,4,hard,9,0
40,4,hard,10,0
40,4,hard,11,1
40,4,hard,12,1
40,4,hard,13,0
40,4,hard,14,0
40,4,hard,15,1
40,4,hard,16,0
40,4,hard,17,0
40,4,hard,18,0
40,4,hard,19,1
40,4,hard,20,0
40,4,hard,21,1
40,4,hard,22,0
40,4,hard,23,1
40,4,hard,24,0
40,4,hard,25,1
40,4,hard,26,0
40,4,hard,27,1
40,4,hard,28,1
40,4,hard,29,1
40,4,hard,30,0
40,4,hard,31,1
40,4,hard,32,1
40,4,hard,33,0
40,4,hard,34,0
40,4,hard,35,1
40,4,hard,36,1
40,4,hard,37,1
40,4,hard,38,1
40,4,hard,39,1
40,4,hard,40,0
40,4,hard,41,0
40,4,hard,42,1
40,4,hard,43,0
40,4,hard,44,0
40,4,hard,45,1
40,4,hard,46,1
40,4,hard,47,1
40,4,hard,48,0
40,4,hard,49,0
40,4,hard,50,1
40,4,hard,51,1
40,4,hard,52,0
40,4,hard,53,0
40,4,hard,54,1
40,4,hard,55,1
40,4,hard,56,0
40,4,hard,57,1
40,4,hard,58,0
40,4,hard,59,1
40,4,hard,60,0
40,4,hard,61,0
40,4,hard,62,1
40,4,hard,63,1
40,4,hard,64,0
40,4,hard,65,0
40,4,hard,66,0
40,4,hard,67,0
40,4,hard,68,0
40,4,hard,69,0
40,4,hard,70,1
40,4,hard,71,1
40,4,hard,72,1
40,4,hard,73,1
40,4,hard,74,1
40,4,hard,75,0
40,4,hard,76,0
40,4,hard,77,0
40,4,hard,78,0
40,4,hard,79,1
40,4,hard,80,0
40,4,hard,81,0
40,4,hard,82,0
40,4,hard,83,1
40,4,hard,84,0
40,4,hard,85,1
40,4,hard,86,1
40,4,hard,87,1
40,4,hard,88,0
40,4,hard,89,1
40,4,hard,90,1
40,4,hard,91,1
40,4,hard,92,1
40,4,hard,93,0
40,4,hard,94,1
40,4,hard,95,1
40,4,hard,96,0
40,4,hard,97,1
40,4,hard,98,0
40,4,hard,99,0
40,4,hard,100,0
40,5,standard,1,1
40,5,standard,2,1
40,5,standard,3,1
40,5,standard,4,0
40,5,standard,5,1
40,5,standard,6,1
40,5,standard,7,1
40,5,standard,8,1
40,5,standard,9,1
40,5,standard,10,1
40,5,standard,11,0
40,5,standard,12,0
40,5,standard,13,1
40,5,standard,14,1
40,5,standard,15,1
40,5,standard,16,1
40,5,standard,17,1
40,5,standard,18,1
40,5,standard,19,1
40,5,standard,20,1
40,5,standard,21,0
40,5,standard,22,1
40,5,standard,23,1
40,5,standard,24,1
40,5,standard,25,0
40,5,standard,26,1
40,5,standard,27,1
40,5,standard,28,1
40,5,standard,29,1
40,5,standard,30,0
40,5,standard,31,1
40,5,standard,32,1
40,5,standard,33,1
40,5,standard,34,0
40,5,standard,35,1
40,5,standard,36,1
40,5,standard,37,0
40,5,standard,38,1
40,5,standard,39,1
40,5,standard,40,1
40,5,standard,41,0
40,5,standard,42,1
40,5,standard,43,0
40,5,standard,44,0
40,5,standard,45,1
40,5,standard,46,0
40,5,standard,47,1
40,5,standard,48,0
40,5,standard,49,1
40,5,standard,50,1
40,5,standard,51,1
40,5,standard,52,1
40,5,standard,53,1
40,5,standard,54,1
40,5,standard,55,0
40,5,standard,56,0
40,5,standard,57,1
40,5,standard,58,1
40,5,standard,59,1
40,5,standard,60,0
40,5,standard,61,1
40,5,standard,62,1
40,5,standard,63,1
40,5,standard,64,1
40,5,standard,65,1
40,5,standard,66,0
40,5,standard,67,0
40,5,standard,68,1
40,5,standard,69,0
40,5,standard,70,1
40,5,standard,71,1
40,5,standard,72,1
40,5,standard,73,1
40,5,standard,74,0
40,5,standard,75,1
40,5,standard,76,1
40,5,standard,77,1
40,5,standard,78,1
40,5,standard,79,1
40,5,standard,80,1
40,5,standard,81,1
40,5,standard,82,1
40,5,standard,83,0
40,5,standard,84,1
40,5,standard,85,1
40,5,standard,86,1
40,5,standard,87,1
40,5,standard,88,1
40,5,standard,89,1
40,5,standard,90,1
40,5,standard,91,0
40,5,standard,92,1
40,5,standard,93,1
40,5,standard,94,1
40,5,standard,95,1
40,5,standard,96,1
40,5,standard,97,0
40,5,standard,98,0
40,5,standard,99,1
40,5,standard,100,0
40,5,hard,1,0
40,5,hard,2,1
40,5,hard,3,0
40,5,hard,4,0
40,5,hard,5,1
40,5,hard,6,1
40,5,hard,7,0
40,5,hard,8,1
40,5,hard,9,0
40,5,hard,10,1
40,5,hard,11,0
40,5,hard,12,1
40,5,hard,13,0
40,5,hard,14,1
40,5,hard,15,1
40,5,hard,16,0
40,5,hard,17,0
40,5,hard,18,0
40,5,hard,19,1
40,5,hard,20,1
40,5,hard,21,1
40,5,hard,22,0
40,5,hard,23,0
40,5,hard,24,1
40,5,hard,25,1
40,5,hard,26,1
40,5,hard,27,1
40,5,hard,28,0
40,5,hard,29,0
40,5,hard,30,1
40,5,hard,31,0
40,5,hard,32,1
40,5,hard,33,0
40,5,hard,34,0
40,5,hard,35,1
40,5,hard,36,1
40,5,hard,37,0
40,5,hard,38,1
40,5,hard,39,1
40,5,hard,40,1
40,5,hard,41,1
40,5,hard,42,1
40,5,hard,43,0
40,5,hard,44,0
40,5,hard,45,0
40,5,hard,46,1
40,5,hard,47,0
40,5,hard,48,0
40,5,hard,49,0
40,5,hard,50,1
40,5,hard,51,1
40,5,hard,52,1
40,5,hard,53,1
40,5,hard,54,0
40,5,hard,55,1
40,5,hard,56,0
40,5,hard,57,1
40,5,hard,58,1
40,5,hard,59,0
40,5,hard,60,1
40,5,hard,61,1
40,5,hard,62,0
40,5,hard,63,1
40,5,hard,64,0
40,5,hard,65,1
40,5,hard,66,0
40,5,hard,67,1
40,5,hard,68,0
40,5,hard,69,0
40,5,hard,70,1
40,5,hard,71,0
40,5,hard,72,0
40,5,hard,73,1
40,5,hard,74,0
40,5,hard,75,0
40,5,hard,76,0
40,5,hard,77,1
40,5,hard,78,0
40,5,hard,79,1
40,5,hard,80,1
40,5,hard,81,1
40,5,hard,82,1
40,5,hard,83,1
40,5,hard,84,0
40,5,hard,85,1
40,5,hard,86,1
40,5,hard,87,0
40,5,hard,88,1
40,5,hard,89,0
40,5,hard,90,0
40,5,hard,91,0
40,5,hard,92,0
40,5,hard,93,1
40,5,hard,94,0
40,5,hard,95,0
40,5,hard,96,1
40,5,hard,97,0
40,5,hard,98,0
40,5,hard,99,0
40,5,hard,100,1
